,Food,Beer,Smoke,Games,Books,Hshld,Clths,Hlth,Chems,Txtls,Cnstr,Steel,FabPr,ElcEq,Autos,Carry,Mines,Coal,Oil,Util,Telcm,Servs,BusEq,Paper,Trans,Whlsl,Rtail,Meals,Fin,Other
1989-06-01,0.0,0.0,0.0,0.0,0.0072,0.0,0.0,0.0,0.0,0.0,0.0,0.0,0.0,0.0,0.0,0.0008,0.0045000000000000005,0.008199999999999999,0.0,0.0,0.0,0.0,0.0,0.0004,0.0,0.0,0.0,0.0,0.0,0.0
1989-06-02,0.0,0.0,0.0,0.0,0.0,0.0,0.0,0.0,0.0,0.0,0.0,0.0,0.0,0.0,0.0,0.005,0.0,0.0,0.0,0.0,0.0,0.0,0.0,0.0,0.0,0.0,0.0,0.0,0.0,0.0
1989-06-05,0.0018,0.0108,0.0141,0.0084,0.0046,0.0096,0.0060999999999999995,0.011000000000000001,0.011200000000000002,0.0069,0.0055000000000000005,0.013999999999999999,0.0123,0.0128,0.0083,0.0189,0.0032,0.0039000000000000003,0.0085,0.0,0.011699999999999999,0.0074,0.013300000000000001,0.0108,0.0111,0.0037,0.0101,0.0098,0.0025,0.0097
1989-06-06,0.0,0.0060999999999999995,0.0,0.0,0.0,0.0,0.0,0.0,0.0,0.0,0.0,0.0,0.0,0.0,0.0,0.0,0.0,0.0,0.0,0.0,0.0,0.0,0.0,0.0,0.0,0.0,0.0,0.0,0.0,0.0015
1989-06-07,0.0,0.0,0.0,0.0,0.0,0.0,0.0,0.0,0.0,0.0,0.0,0.0,0.0,0.0,0.0011,0.0,0.0,0.0,0.0002,0.0,0.0,0.0,0.0,0.0,0.0,0.0,0.0,0.0,0.0,0.0
1989-06-08,0.0,0.0053,0.0,0.0,0.0,0.0,0.0,0.0034000000000000002,0.0,0.0,0.0,0.0,0.0,0.0106,0.0007000000000000001,0.0,0.0062,0.0,0.0116,0.0,0.0016,0.0,0.0009,0.0005,0.0,0.0,0.0,0.0,0.0,0.0
1989-06-09,0.0,0.0,0.0,0.0004,0.0,0.0063,0.0002,0.0,0.0,0.0017000000000000001,0.0024,0.0,0.0,0.0,0.0,0.0066,0.016399999999999998,0.0,0.0,0.0,0.0067,0.0,0.004699999999999999,0.0013,0.0,0.0,0.0,0.0,0.0,0.0
1989-06-12,0.0019,0.0062,0.011200000000000002,0.011399999999999999,0.0,0.0,0.0024,0.0054,0.0015,0.0,0.0,0.0109,0.0002,0.005600000000000001,0.0,0.0,0.0,0.004,0.0,0.0008,0.0063,0.0017000000000000001,0.0,0.0006,0.0,0.0,0.0008,0.0,0.0017000000000000001,0.0042
1989-06-13,0.0054,0.0085,0.0,0.0012,0.0,0.008100000000000001,0.0052,0.0227,0.0062,0.0019,0.006500000000000001,0.0077,0.0059,0.0169,0.0003,0.0039000000000000003,0.0,0.0,0.001,0.0031,0.013500000000000002,0.009399999999999999,0.0011,0.0069,0.0039000000000000003,0.0074,0.0054,0.0,0.0059,0.0045000000000000005
1989-06-14,0.0018,0.0,0.0,0.0,0.005600000000000001,0.0034000000000000002,0.0038,0.006500000000000001,0.0063,0.0054,0.0,0.0042,0.0044,0.0,0.0009,0.0,0.0,0.0,0.0,0.0,0.0029,0.0004,0.0031,0.0,0.0028000000000000004,0.0017000000000000001,0.0016,0.0,0.0,0.0017000000000000001
1989-06-15,0.013000000000000001,0.018500000000000003,0.013600000000000001,0.004699999999999999,0.0152,0.0076,0.0048,0.0102,0.0048,0.006500000000000001,0.011699999999999999,0.0054,0.0078000000000000005,0.0131,0.012199999999999999,0.0076,0.0,0.0,0.0118,0.0040999999999999995,0.0152,0.0091,0.0124,0.0126,0.011699999999999999,0.0103,0.0118,0.0,0.0102,0.0129
1989-06-16,0.0,0.0008,0.004699999999999999,0.0,0.0084,0.0,0.0,0.0,0.0,0.0,0.0,0.0,0.0,0.0,0.0,0.0019,0.0,0.0,0.0,0.0,0.0,0.0,0.0,0.0,0.0,0.0,0.0,0.0040999999999999995,0.0,0.0
1989-06-19,0.0012,0.0,0.0101,0.0,0.0034999999999999996,0.006500000000000001,0.0,0.0006,0.0,0.0018,0.0011,0.0,0.0026,0.0,0.0067,0.0,0.0,0.0,0.0,0.0,0.0,0.0038,0.0,0.0029,0.0,0.003,0.0,0.0,0.0,0.0
1989-06-20,0.0,0.0,0.015600000000000001,0.0,0.0,0.0,0.0027,0.0045000000000000005,0.0042,0.0021,0.0024,0.004,0.0019,0.0077,0.0023,0.0034000000000000002,0.0095,0.0044,0.0,0.0008,0.0019,0.0022,0.0075,0.0036,0.004,0.0054,0.0,0.0,0.0001,0.0
1989-06-21,0.0,0.0,0.0,0.0,0.0,0.0027,0.0,0.0036,0.001,0.0015,0.0,0.0014000000000000002,0.0029,0.0033,0.0085,0.0042,0.0,0.0053,0.003,0.0008,0.0,0.0019,0.0015,0.004,0.0,0.0048,0.008100000000000001,0.0118,0.004699999999999999,0.0014000000000000002
1989-06-22,0.0,0.0,0.0,0.0,0.0042,0.0,0.0007000000000000001,0.0,0.0,0.0,0.0044,0.0022,0.0011,0.0,0.0,0.0,0.0,0.0040999999999999995,0.0040999999999999995,0.0,0.0,0.0,0.0,0.0,0.0,0.0,0.0,0.0,0.0,0.0
1989-06-23,0.0,0.0,0.0,0.0,0.0,0.0,0.0,0.0,0.0,0.0,0.0,0.0,0.0,0.0,0.0,0.0,0.0,0.0,0.0,0.0,0.0,0.0,0.0,0.0,0.0,0.0,0.0,0.0,0.0,0.0
1989-06-26,0.0091,0.0087,0.0095,0.0,0.0018,0.005600000000000001,0.006500000000000001,0.0024,0.0040999999999999995,0.0068000000000000005,0.0018,0.0078000000000000005,0.0043,0.0097,0.0018,0.009899999999999999,0.0014000000000000002,0.0009,0.0,0.0,0.0006,0.0058,0.0,0.0018,0.0034999999999999996,0.0,0.0039000000000000003,0.0144,0.0019,0.0023
1989-06-27,0.0,0.0,0.0,0.0,0.0,0.0,0.0033,0.0,0.0,0.0,0.0,0.0021,0.0,0.006,0.0,0.0009,0.0,0.0022,0.0,0.0,0.0,0.0,0.0,0.0,0.0,0.0,0.0,0.0,0.0,0.0
1989-06-28,0.0111,0.0049,0.0,0.0,0.0151,0.0052,0.0,0.006999999999999999,0.0072,0.0029,0.0,0.014499999999999999,0.0033,0.0087,0.0015,0.0163,0.0033,0.0,0.0049,0.0013,0.0124,0.008100000000000001,0.0092,0.0073,0.0084,0.0048,0.0048,0.0101,0.0064,0.0097
1989-06-29,0.0152,0.0271,0.021099999999999997,0.0259,0.022099999999999998,0.0213,0.020499999999999997,0.021,0.0159,0.0194,0.0166,0.018799999999999997,0.015300000000000001,0.0177,0.0155,0.0152,0.0085,0.0242,0.018799999999999997,0.0060999999999999995,0.022400000000000003,0.020099999999999996,0.0239,0.0182,0.016399999999999998,0.0163,0.0177,0.0259,0.0144,0.0195
1989-06-30,0.0045000000000000005,0.0116,0.0101,0.008100000000000001,0.006999999999999999,0.0046,0.0109,0.0070999999999999995,0.0033,0.0036,0.0058,0.004,0.01,0.01,0.0,0.0038,0.005600000000000001,0.0178,0.0104,0.0003,0.0062,0.002,0.0021,0.0034999999999999996,0.0027,0.0044,0.008,0.0001,0.0036,0.0045000000000000005
1989-07-03,0.0,0.0,0.0,0.0,0.0,0.0,0.0,0.0,0.0,0.0024,0.0013,0.0028000000000000004,0.0,0.0,0.0,0.0,0.0,0.0,0.0,0.0,0.0,0.0,0.0,0.0,0.0,0.0,0.0,0.0,0.0,0.0
1989-07-05,0.0,0.0,0.0,0.0,0.0,0.0,0.0,0.0,0.0,0.0,0.0,0.0,0.0,0.0013,0.0060999999999999995,0.0,0.0,0.0007000000000000001,0.0,0.0,0.0,0.0,0.0014000000000000002,0.0,0.0,0.0,0.0,0.0,0.0,0.0
1989-07-06,0.0,0.0,0.0,0.0,0.0004,0.0,0.0,0.0,0.0,0.0,0.0,0.0003,0.0,0.0,0.0046,0.0008,0.0,0.0,0.0,0.0,0.0,0.0,0.0,0.0,0.0,0.0,0.0,0.001,0.0,0.0
1989-07-07,0.0,0.0,0.0,0.0,0.0,0.0,0.0,0.0,0.0,0.0,0.0,0.0,0.0,0.0,0.0075,0.0,0.0,0.0,0.0,0.0,0.0,0.0,0.0,0.0,0.0,0.0,0.0,0.0,0.0,0.0
1989-07-10,0.0,0.0,0.0,0.0,0.0,0.0,0.0,0.0,0.0,0.0,0.0,0.0034999999999999996,0.0,0.0,0.0,0.0,0.0126,0.0,0.0,0.0,0.0,0.0,0.0,0.0,0.0,0.0,0.0,0.0006,0.0,0.0
1989-07-11,0.0,0.0,0.0,0.0,0.0006,0.0,0.0,0.0,0.0,0.0,0.0,0.0,0.0,0.0,0.0,0.0,0.003,0.0013,0.0,0.0,0.0,0.0,0.0032,0.0,0.0,0.0,0.0,0.0,0.0,0.0
1989-07-12,0.0,0.0023,0.0,0.0006,0.0,0.0,0.0,0.0,0.0,0.0,0.0,0.0,0.0,0.0,0.0,0.0,0.0,0.0034000000000000002,0.0,0.0,0.0,0.0022,0.0,0.0,0.004699999999999999,0.0,0.0,0.0,0.0,0.0
1989-07-13,0.0,0.0067,0.004699999999999999,0.0,0.0,0.0,0.0,0.0006,0.0,0.0,0.0,0.0,0.001,0.0007000000000000001,0.0,0.0034000000000000002,0.0,0.003,0.0,0.0,0.001,0.0,0.0,0.0,0.0014000000000000002,0.0,0.0,0.0,0.0,0.0
1989-07-14,0.0,0.0019,0.0,0.0,0.0,0.0,0.0,0.0,0.0,0.0,0.0,0.0,0.0,0.0,0.0,0.0,0.012,0.0001,0.0,0.0,0.0,0.0,0.0001,0.0,0.0,0.0,0.0,0.0,0.0,0.0
1989-07-17,0.0,0.0,0.0031,0.0,0.0053,0.0018,0.0,0.0,0.0,0.0,0.0,0.0,0.0,0.0,0.0043,0.0,0.0,0.0,0.0,0.0007000000000000001,0.0011,0.0,0.0,0.0,0.0,0.0,0.0,0.0038,0.0,0.0
1989-07-18,0.0,0.0,0.0002,0.0,0.0014000000000000002,0.0072,0.0,0.0001,0.0037,0.0,0.0015,0.0042,0.0012,0.0048,0.0054,0.0089,0.0074,0.0,0.0022,0.005699999999999999,0.0026,0.0,0.0087,0.0006,0.0,0.0067,0.001,0.0,0.0044,0.0
1989-07-19,0.0,0.0,0.0,0.0,0.0,0.0,0.0,0.0,0.0,0.0,0.0,0.0,0.0,0.0,0.0,0.0,0.0028000000000000004,0.0,0.0,0.0,0.0,0.0,0.0,0.0,0.0,0.0,0.0,0.0,0.0,0.0
1989-07-20,0.002,0.0,0.0016,0.0062,0.0091,0.0031,0.0103,0.0032,0.0042,0.0013,0.0034000000000000002,0.0013,0.0006,0.0092,0.0098,0.0,0.0013,0.0,0.0053,0.0045000000000000005,0.015600000000000001,0.0059,0.0105,0.0063,0.0026,0.0045000000000000005,0.0059,0.0017000000000000001,0.0022,0.01
1989-07-21,0.0,0.0,0.0,0.0022,0.0,0.0,0.0052,0.0,0.0,0.0,0.0,0.0,0.004699999999999999,0.0,0.0,0.0,0.0062,0.0173,0.0,0.0,0.0014000000000000002,0.0,0.0,0.0,0.0,0.0,0.0,0.0,0.0,0.0
1989-07-24,0.0055000000000000005,0.0087,0.0016,0.0,0.0074,0.0044,0.0,0.0018,0.0060999999999999995,0.0,0.0012,0.0033,0.009399999999999999,0.0091,0.010700000000000001,0.0,0.003,0.0177,0.018600000000000002,0.0027,0.008,0.0043,0.0066,0.0098,0.0,0.0042,0.0033,0.0246,0.0015,0.0018
1989-07-25,0.0,0.0,0.0,0.0,0.0,0.0023,0.0,0.0,0.0021,0.0,0.0008,0.0006,0.0021,0.0018,0.0,0.0,0.0,0.0,0.013300000000000001,0.0,0.0,0.0102,0.009300000000000001,0.0,0.0,0.001,0.0006,0.0,0.0,0.0
1989-07-26,0.0,0.0,0.0,0.0,0.0,0.0,0.0,0.0,0.0,0.0,0.0,0.0,0.0,0.0,0.0,0.0033,0.0015,0.0,0.0,0.0,0.0,0.0,0.0,0.0,0.0,0.0,0.0,0.0,0.0,0.0
1989-07-27,0.0,0.0,0.0,0.0,0.0,0.0,0.0002,0.0,0.0,0.0,0.0,0.0,0.0,0.0,0.0025,0.0,0.0,0.0027,0.0,0.0,0.0,0.0,0.0,0.0,0.0015,0.0,0.0,0.0,0.0,0.0
1989-07-28,0.0,0.0019,0.010700000000000001,0.005,0.0002,0.0,0.0,0.0014000000000000002,0.0,0.0006,0.0,0.0,0.0,0.0,0.0043,0.0,0.0044,0.0,0.0053,0.0,0.0,0.0,0.0,0.0,0.0,0.0,0.0,0.0004,0.0,0.0
1989-07-31,0.0,0.0,0.0,0.0,0.0,0.0,0.0027,0.0,0.0,0.0,0.0,0.0,0.0,0.0,0.0,0.0,0.0,0.0,0.0,0.0,0.0,0.0,0.0,0.0,0.0,0.0,0.0,0.0,0.0,0.0
1989-08-01,0.009300000000000001,0.0197,0.0,0.0045000000000000005,0.0068000000000000005,0.0077,0.0027,0.011699999999999999,0.0060999999999999995,0.0025,0.0031,0.0,0.0059,0.0181,0.0039000000000000003,0.0077,0.0005,0.0,0.008100000000000001,0.0005,0.0,0.0027,0.0063,0.0008,0.0,0.0012,0.005699999999999999,0.0116,0.0,0.006
1989-08-02,0.006500000000000001,0.0,0.0,0.0,0.0,0.0,0.0034999999999999996,0.0,0.0,0.0,0.0,0.0,0.0,0.0,0.0,0.0011,0.0,0.0018,0.0,0.0014000000000000002,0.0013,0.0,0.0016,0.0,0.0,0.0018,0.0003,0.0,0.0,0.0044
1989-08-03,0.0037,0.0067,0.0,0.0,0.0021,0.0009,0.0,0.0031,0.0,0.0,0.0,0.0,0.0,0.0,0.0,0.0042,0.0,0.0088,0.0,0.0,0.0,0.0,0.0,0.0,0.0001,0.0007000000000000001,0.0,0.0059,0.0,0.0
1989-08-04,0.011699999999999999,0.0184,0.0063,0.013999999999999999,0.0070999999999999995,0.0086,0.0,0.006999999999999999,0.0,0.004,0.0015,0.0,0.0,0.0022,0.0009,0.0014000000000000002,0.0003,0.0083,0.0,0.0037,0.0091,0.0,0.0,0.0,0.0062,0.0045000000000000005,0.0059,0.0052,0.0031,0.0012
1989-08-07,0.0,0.0,0.0152,0.0034000000000000002,0.0,0.0,0.0,0.0,0.0,0.0,0.0,0.0,0.0,0.0,0.0,0.0,0.0,0.0,0.0,0.0,0.0,0.0,0.0,0.0,0.0,0.0,0.0,0.0,0.0,0.0
1989-08-08,0.0,0.0,0.0,0.0,0.0007000000000000001,0.0,0.0,0.001,0.0,0.0,0.0,0.0,0.0038,0.0075,0.0011,0.0,0.0,0.0013,0.0022,0.0,0.0016,0.0,0.0,0.001,0.0,0.0,0.0053,0.0,0.0005,0.0
1989-08-09,0.0068000000000000005,0.014199999999999999,0.0,0.0,0.004,0.0,0.0123,0.0069,0.005,0.0,0.0027,0.0,0.009399999999999999,0.0014000000000000002,0.0006,0.0049,0.0015,0.0,0.011000000000000001,0.005699999999999999,0.0096,0.0062,0.006500000000000001,0.0027,0.0,0.0021,0.0040999999999999995,0.0,0.0023,0.0039000000000000003
1989-08-10,0.0,0.0,0.0,0.0,0.0022,0.0,0.0007000000000000001,0.0,0.0,0.0,0.0,0.0006,0.0,0.0,0.0,0.0,0.0,0.0001,0.0,0.0,0.0,0.006500000000000001,0.0014000000000000002,0.0,0.0,0.0,0.0,0.0,0.0,0.0
1989-08-11,0.0123,0.013500000000000002,0.0171,0.013999999999999999,0.0068000000000000005,0.0062,0.0,0.0073,0.009000000000000001,0.010700000000000001,0.001,0.01,0.0106,0.013500000000000002,0.0,0.0104,0.0064,0.0,0.0076,0.0058,0.0091,0.0108,0.013500000000000002,0.0031,0.0124,0.0029,0.0024,0.0239,0.0031,0.0052
1989-08-14,0.0089,0.0040999999999999995,0.008199999999999999,0.0091,0.0007000000000000001,0.0,0.005699999999999999,0.0016,0.0,0.0,0.0062,0.0040999999999999995,0.0067,0.0154,0.0026,0.0011,0.0014000000000000002,0.0,0.0,0.0054,0.0087,0.004,0.004699999999999999,0.0063,0.0037,0.005,0.0058,0.0,0.0083,0.0021
1989-08-15,0.0009,0.0,0.0083,0.0,0.0,0.0049,0.0,0.0,0.0,0.0003,0.0,0.0,0.0,0.0,0.0,0.0,0.0,0.0,0.0,0.0,0.0,0.0,0.0,0.0,0.0,0.0,0.0,0.0,0.0,0.0
1989-08-16,0.0,0.0,0.0,0.0009,0.0,0.0018,0.0,0.0,0.0,0.0,0.0,0.0,0.0,0.0,0.0,0.0,0.0034000000000000002,0.0040999999999999995,0.0033,0.0,0.0,0.0,0.004699999999999999,0.0001,0.0,0.0,0.0,0.0038,0.0,0.0
1989-08-17,0.0023,0.006999999999999999,0.0059,0.009899999999999999,0.0038,0.005600000000000001,0.0027,0.0,0.0001,0.0032,0.0023,0.0018,0.0067,0.0,0.0091,0.0048,0.0029,0.0025,0.0074,0.0036,0.0004,0.0,0.0063,0.0027,0.0,0.0006,0.0,0.0043,0.0003,0.0011
1989-08-18,0.0,0.0,0.0089,0.01,0.0,0.0,0.0085,0.0,0.0,0.0034000000000000002,0.0,0.0,0.0,0.0,0.0,0.0,0.0,0.0,0.0,0.0,0.0,0.0,0.0,0.0,0.0,0.0,0.0,0.0,0.0,0.0
1989-08-21,0.0158,0.0182,0.0092,0.0,0.018000000000000002,0.0113,0.0183,0.0138,0.0127,0.0154,0.010700000000000001,0.009000000000000001,0.010700000000000001,0.025,0.0087,0.0095,0.0074,0.0039000000000000003,0.0116,0.0105,0.0149,0.0111,0.0154,0.0115,0.01,0.011899999999999999,0.013999999999999999,0.0118,0.0102,0.0155
1989-08-22,0.0,0.0,0.0,0.0033,0.0,0.0,0.0,0.0,0.0,0.0,0.0009,0.0022,0.0,0.001,0.0049,0.0066,0.0,0.0,0.0,0.0034000000000000002,0.0032,0.0,0.0,0.0,0.0009,0.0021,0.0009,0.0048,0.0012,0.0
1989-08-23,0.0,0.0,0.0,0.0,0.0,0.0,0.0,0.0,0.0,0.0,0.0,0.0,0.0,0.0,0.0,0.0,0.0,0.0,0.0,0.0,0.0,0.0,0.0,0.0,0.0,0.0,0.0,0.0,0.0,0.0
1989-08-24,0.0,0.0,0.0,0.0,0.0,0.0,0.0,0.0,0.0,0.0,0.0,0.0,0.0,0.0,0.0,0.0,0.0,0.0,0.0,0.0,0.0,0.0,0.0,0.0,0.0,0.0,0.0,0.0,0.0,0.0
1989-08-25,0.0,0.011000000000000001,0.0,0.0,0.0059,0.004699999999999999,0.0012,0.0048,0.0066,0.0001,0.0011,0.0,0.0008,0.0,0.0,0.0014000000000000002,0.0,0.0045000000000000005,0.0,0.0031,0.0043,0.0,0.0008,0.0,0.0,0.0048,0.0028000000000000004,0.0042,0.001,0.0032
1989-08-28,0.0,0.0,0.0,0.0,0.0,0.0,0.0,0.0,0.0,0.0017000000000000001,0.0,0.0,0.0,0.0,0.0,0.0,0.0,0.0,0.0,0.0,0.0,0.0,0.0,0.0,0.0,0.0,0.0,0.0,0.0,0.0
1989-08-29,0.0064,0.0051,0.0,0.0007000000000000001,0.0069,0.0096,0.0,0.0051,0.0018,0.0023,0.0040999999999999995,0.0,0.0042,0.006999999999999999,0.011899999999999999,0.011699999999999999,0.0,0.0,0.0059,0.0037,0.0084,0.0018,0.011200000000000002,0.0032,0.0,0.0016,0.0018,0.004699999999999999,0.0038,0.0013
1989-08-30,0.0031,0.005699999999999999,0.0,0.0,0.0024,0.0,0.0,0.0,0.0,0.0,0.0,0.0,0.0,0.0034000000000000002,0.0,0.0,0.0,0.0,0.0,0.0002,0.0,0.0,0.0,0.0012,0.0,0.0,0.0,0.0014000000000000002,0.0,0.0
1989-08-31,0.0019,0.0084,0.0,0.0023,0.0004,0.0,0.0,0.0,0.0,0.0,0.0,0.0,0.0,0.0036,0.0,0.0,0.0002,0.0,0.0,0.0,0.0,0.0,0.0,0.0,0.0101,0.0,0.0,0.0,0.0,0.001
1989-09-01,0.0,0.0,0.0,0.0,0.0,0.0,0.0,0.0,0.0,0.0,0.0,0.0,0.0,0.0,0.0,0.0,0.0,0.0,0.0,0.0,0.0,0.0,0.0,0.0,0.0,0.0,0.0,0.0,0.0,0.0
1989-09-05,0.0021,0.0173,0.0,0.0,0.0027,0.0049,0.0043,0.0019,0.0040999999999999995,0.0012,0.0,0.0,0.0019,0.0022,0.0046,0.002,0.0,0.0042,0.0,0.0022,0.0045000000000000005,0.0,0.0,0.0066,0.0002,0.0004,0.0037,0.0,0.0016,0.0013
1989-09-06,0.0088,0.0143,0.0075,0.0083,0.0104,0.005600000000000001,0.0084,0.0064,0.0084,0.004,0.0111,0.008100000000000001,0.008199999999999999,0.0174,0.0015,0.0146,0.0,0.022000000000000002,0.0042,0.0054,0.0126,0.0072,0.0084,0.0166,0.0109,0.0069,0.0137,0.0032,0.0040999999999999995,0.0087
1989-09-07,0.0091,0.0012,0.0089,0.0,0.003,0.0,0.0,0.0031,0.005600000000000001,0.0,0.0003,0.0023,0.001,0.0058,0.0034999999999999996,0.0023,0.0,0.0,0.0,0.0,0.0031,0.0003,0.0025,0.014199999999999999,0.015700000000000002,0.0,0.0031,0.0026,0.0,0.0006
1989-09-08,0.0005,0.006999999999999999,0.010700000000000001,0.0028000000000000004,0.0,0.0003,0.0,0.0,0.0029,0.0,0.0,0.0022,0.0013,0.0014000000000000002,0.0,0.0001,0.0,0.0,0.0,0.0,0.0,0.0,0.0,0.0,0.0011,0.0,0.0,0.0,0.0,0.0
1989-09-11,0.0083,0.0064,0.0011,0.0109,0.0086,0.0054,0.0,0.0066,0.0002,0.006500000000000001,0.0049,0.005,0.0058,0.0004,0.0051,0.0106,0.0045000000000000005,0.0022,0.0016,0.0,0.0,0.0022,0.0009,0.0,0.0018,0.0060999999999999995,0.005699999999999999,0.0025,0.0008,0.004
1989-09-12,0.0,0.0,0.0058,0.0013,0.0029,0.0,0.0,0.0003,0.0,0.0,0.0,0.0,0.0,0.0,0.0,0.0,0.0054,0.0,0.0,0.0,0.0,0.0,0.0,0.0,0.0,0.0,0.0,0.0,0.0,0.0
1989-09-13,0.0097,0.0095,0.0144,0.0103,0.0105,0.0139,0.0067,0.006,0.0076,0.0086,0.0079,0.0036,0.0076,0.0167,0.013600000000000001,0.0,0.0021,0.0,0.0104,0.0034999999999999996,0.0049,0.0,0.0089,0.006,0.008,0.0048,0.009899999999999999,0.0052,0.005600000000000001,0.004
1989-09-14,0.0060999999999999995,0.0,0.008199999999999999,0.0132,0.0116,0.0115,0.01,0.0086,0.009399999999999999,0.011899999999999999,0.011699999999999999,0.006500000000000001,0.008199999999999999,0.0,0.0085,0.0060999999999999995,0.0013,0.0036,0.011699999999999999,0.0026,0.0022,0.0049,0.0042,0.0069,0.016399999999999998,0.0083,0.009300000000000001,0.01,0.0085,0.0058
1989-09-15,0.0,0.0016,0.0069,0.003,0.0003,0.0042,0.0009,0.0,0.0032,0.0051,0.0,0.0,0.0,0.0,0.0,0.0,0.004,0.0407,0.0,0.0,0.0,0.0,0.0002,0.0,0.0,0.0,0.0,0.0088,0.0,0.0
1989-09-18,0.0,0.0011,0.0,0.0,0.0,0.0,0.0,0.0,0.0,0.0054,0.0,0.0,0.0,0.0,0.0001,0.0,0.0,0.0,0.0,0.0,0.0,0.0,0.0005,0.0,0.0,0.0017000000000000001,0.0,0.0,0.0,0.0
1989-09-19,0.0,0.0012,0.0,0.0,0.0,0.0,0.006,0.0,0.0,0.0,0.0015,0.0005,0.0001,0.0068000000000000005,0.0053,0.0,0.0038,0.0,0.0006,0.0,0.0,0.0044,0.0038,0.0007000000000000001,0.0,0.0,0.0,0.0002,0.0013,0.0
1989-09-20,0.0021,0.0067,0.0026,0.0,0.0070999999999999995,0.0012,0.0,0.0,0.0,0.0,0.0,0.0040999999999999995,0.0044,0.0076,0.0148,0.0,0.0,0.0,0.0004,0.0,0.0015,0.0003,0.0,0.0016,0.0,0.004,0.0021,0.0034999999999999996,0.0003,0.0
1989-09-21,0.0026,0.0116,0.0040999999999999995,0.0007000000000000001,0.0021,0.0011,0.0,0.0036,0.0042,0.0,0.0037,0.0049,0.004699999999999999,0.006,0.0044,0.0,0.0,0.0,0.0,0.0013,0.0,0.0,0.0,0.0007000000000000001,0.0,0.0,0.0014000000000000002,0.0045000000000000005,0.0,0.0
1989-09-22,0.0006,0.0,0.0001,0.0,0.0,0.0,0.0,0.0,0.0002,0.0007000000000000001,0.0,0.0012,0.002,0.0,0.0,0.0,0.0,0.0,0.0,0.0,0.0,0.0,0.0,0.0,0.0070999999999999995,0.0,0.0,0.0037,0.0,0.0
1989-09-25,0.0048,0.0,0.0118,0.0,0.006,0.0103,0.0,0.0049,0.0075,0.0069,0.0091,0.008100000000000001,0.0040999999999999995,0.0069,0.012199999999999999,0.0091,0.0,0.0126,0.013000000000000001,0.0031,0.0106,0.0034999999999999996,0.004,0.0074,0.011899999999999999,0.0113,0.0109,0.0040999999999999995,0.0062,0.0062
1989-09-26,0.0,0.0,0.0,0.0,0.0,0.0003,0.0,0.0,0.0032,0.0006,0.0,0.0012,0.0001,0.0,0.0,0.0051,0.0066,0.0,0.006500000000000001,0.0,0.0,0.0007000000000000001,0.0,0.0,0.0043,0.0,0.0,0.0,0.0,0.0
1989-09-27,0.0023,0.0,0.0,0.0,0.0,0.0031,0.0,0.0,0.0,0.009399999999999999,0.0,0.0,0.0,0.0,0.0040999999999999995,0.0013,0.0079,0.0154,0.0011,0.0013,0.0,0.0006,0.021099999999999997,0.0,0.0017000000000000001,0.0012,0.0,0.0,0.0,0.0
1989-09-28,0.0,0.0,0.0,0.0,0.0,0.0,0.0,0.0,0.0,0.0,0.0,0.0,0.0,0.0,0.0,0.0012,0.0,0.0,0.0,0.0,0.0,0.0,0.0058,0.0,0.0,0.0,0.0,0.0,0.0,0.0
1989-09-29,0.0,0.0,0.0017000000000000001,0.0,0.0012,0.0023,0.0077,0.0,0.0,0.0008,0.0,0.0,0.0,0.0067,0.0127,0.0022,0.0,0.0,0.0,0.0,0.0,0.0,0.0,0.0,0.0,0.0002,0.0,0.004699999999999999,0.0,0.0026
1989-10-02,0.001,0.0,0.0,0.0,0.0007000000000000001,0.0,0.0,0.0,0.0,0.0003,0.0,0.0,0.0,0.0,0.0,0.0022,0.0,0.0049,0.0,0.0,0.0,0.0,0.0008,0.0,0.0,0.0,0.0,0.0009,0.0,0.0
1989-10-03,0.0,0.0,0.0,0.0,0.0,0.0,0.0,0.0,0.0,0.0,0.0,0.0,0.0,0.0,0.0,0.0,0.0,0.0,0.0,0.0,0.0,0.0,0.0097,0.0,0.0,0.0,0.0,0.0,0.0,0.0
1989-10-04,0.0,0.0,0.0014000000000000002,0.0,0.0,0.0,0.0,0.0,0.0,0.002,0.0,0.0,0.0,0.0,0.0,0.0,0.0,0.0053,0.0,0.0,0.0,0.0,0.0,0.0,0.0,0.0,0.0,0.0084,0.0,0.0
1989-10-05,0.0005,0.0058,0.0,0.0,0.004,0.0,0.0046,0.0,0.0038,0.0,0.0042,0.0007000000000000001,0.0,0.0076,0.0003,0.0073,0.015700000000000002,0.0,0.0,0.0,0.0,0.0,0.0,0.0034000000000000002,0.0,0.0007000000000000001,0.0,0.0,0.0,0.0
1989-10-06,0.0,0.0,0.0,0.0,0.0004,0.0,0.0,0.0,0.005699999999999999,0.0,0.0,0.0,0.0,0.0,0.0,0.0024,0.0,0.0,0.0,0.0,0.0,0.0,0.0,0.0009,0.0,0.0,0.0,0.0,0.0,0.0
1989-10-09,0.0,0.0076,0.0,0.0,0.0,0.0,0.0,0.0,0.0,0.0,0.0,0.0034000000000000002,0.0,0.0018,0.0,0.0013,0.0,0.0,0.0,0.0,0.0036,0.0,0.0,0.0001,0.0,0.0,0.0,0.0009,0.0,0.0
1989-10-10,0.0042,0.0,0.0,0.005,0.0,0.0025,0.0017000000000000001,0.0002,0.0,0.0027,0.0037,0.0025,0.0022,0.0011,0.009300000000000001,0.0014000000000000002,0.0023,0.0,0.0,0.0,0.0055000000000000005,0.0022,0.0036,0.0021,0.006,0.0001,0.0,0.0,0.0029,0.0
1989-10-11,0.002,0.0039000000000000003,0.0036,0.0023,0.013500000000000002,0.0,0.004,0.0052,0.0078000000000000005,0.0073,0.0073,0.0062,0.0078000000000000005,0.0075,0.0102,0.0,0.0,0.008,0.001,0.0031,0.0067,0.0068000000000000005,0.0066,0.0039000000000000003,0.0132,0.0063,0.0066,0.0086,0.0073,0.0059
1989-10-12,0.0042,0.0075,0.0124,0.005699999999999999,0.0074,0.0083,0.0023,0.0076,0.0052,0.0,0.0085,0.0046,0.0034000000000000002,0.0019,0.0088,0.0,0.0,0.0012,0.0027,0.001,0.0009,0.0040999999999999995,0.0029,0.0,0.003,0.0001,0.003,0.0083,0.004,0.001
1989-10-13,0.0654,0.0662,0.0766,0.07150000000000001,0.0638,0.0616,0.0574,0.0594,0.053399999999999996,0.060700000000000004,0.0703,0.059699999999999996,0.057699999999999994,0.0583,0.0594,0.0591,0.029500000000000002,0.026600000000000002,0.0635,0.0263,0.057,0.0482,0.051,0.045700000000000005,0.055999999999999994,0.04019999999999999,0.0582,0.0679,0.049400000000000006,0.0634
1989-10-16,0.0,0.0,0.0,0.0,0.0,0.0,0.0,0.0,0.0,0.0,0.0,0.0,0.0,0.0,0.0,0.0,0.0091,0.029500000000000002,0.0,0.0,0.0,0.0,0.0,0.0,0.0346,0.005699999999999999,0.0,0.0,0.0,0.0
1989-10-17,0.0,0.0,0.0012,0.0103,0.0076,0.0007000000000000001,0.0,0.0,0.0103,0.0031,0.0,0.011200000000000002,0.0066,0.0025,0.0105,0.0063,0.0028000000000000004,0.0,0.0006,0.0,0.005699999999999999,0.0,0.0046,0.009399999999999999,0.0194,0.0045000000000000005,0.0098,0.0046,0.005600000000000001,0.0040999999999999995
1989-10-18,0.0,0.0,0.0,0.0,0.0,0.0,0.0,0.0,0.0,0.0,0.0,0.0,0.0,0.0002,0.0012,0.003,0.0,0.0,0.0,0.0005,0.0,0.0,0.0,0.0,0.0008,0.0016,0.0028000000000000004,0.0,0.0,0.0
1989-10-19,0.0,0.0,0.0,0.0,0.0,0.0,0.0,0.0,0.0,0.0,0.0,0.0,0.0,0.0,0.0,0.0,0.0,0.0,0.0,0.0,0.0,0.0,0.0,0.0,0.0,0.0,0.0,0.0,0.0,0.0
1989-10-20,0.0024,0.0,0.0032,0.0002,0.0055000000000000005,0.0,0.005,0.0008,0.0034999999999999996,0.0086,0.0108,0.0025,0.0046,0.0012,0.0,0.0011,0.0085,0.0,0.0,0.0,0.0,0.0024,0.0012,0.001,0.0042,0.0051,0.0,0.0,0.0,0.0
1989-10-23,0.0055000000000000005,0.0,0.0095,0.0,0.003,0.0070999999999999995,0.0,0.0018,0.0083,0.0006,0.008100000000000001,0.0191,0.0060999999999999995,0.01,0.006999999999999999,0.0111,0.011399999999999999,0.004,0.011699999999999999,0.0014000000000000002,0.0087,0.0075,0.0104,0.0034000000000000002,0.0029,0.006,0.0097,0.0,0.0077,0.0085
1989-10-24,0.0,0.0,0.0,0.019299999999999998,0.0,0.0,0.0078000000000000005,0.0034999999999999996,0.0052,0.01,0.014499999999999999,0.0264,0.0124,0.0012,0.0004,0.0016,0.004699999999999999,0.021,0.005600000000000001,0.0034000000000000002,0.008,0.006500000000000001,0.003,0.009399999999999999,0.013500000000000002,0.011699999999999999,0.0052,0.0,0.009399999999999999,0.0
1989-10-25,0.0013,0.015300000000000001,0.0184,0.0,0.0111,0.0113,0.0027,0.0,0.0018,0.0044,0.0036,0.0,0.002,0.0121,0.0191,0.0052,0.0,0.0012,0.0,0.0,0.0,0.0058,0.0046,0.0021,0.0048,0.0,0.0053,0.0171,0.0,0.0068000000000000005
1989-10-26,0.009000000000000001,0.016,0.037599999999999995,0.0149,0.009300000000000001,0.0192,0.0146,0.0097,0.0091,0.0146,0.0149,0.017,0.014199999999999999,0.0167,0.0104,0.0171,0.0,0.0435,0.0127,0.0023,0.0115,0.0134,0.0167,0.012199999999999999,0.0059,0.0043,0.0118,0.009300000000000001,0.0073,0.0086
1989-10-27,0.013000000000000001,0.008199999999999999,0.0079,0.011200000000000002,0.0098,0.0111,0.0173,0.0154,0.0092,0.0115,0.008,0.0055000000000000005,0.009000000000000001,0.0097,0.0087,0.013500000000000002,0.0,0.0171,0.0,0.0,0.0128,0.0146,0.0102,0.006,0.013300000000000001,0.0063,0.0106,0.0089,0.0152,0.0163
1989-10-30,0.0038,0.0,0.0,0.0,0.0040999999999999995,0.0,0.0034999999999999996,0.0001,0.0006,0.0034999999999999996,0.0016,0.0,0.0,0.0,0.005699999999999999,0.0002,0.0,0.0,0.0008,0.0,0.0,0.0,0.0034000000000000002,0.0,0.0,0.0028000000000000004,0.0049,0.0,0.0023,0.0005
1989-10-31,0.0,0.0,0.0,0.0,0.0,0.0,0.0,0.0,0.0,0.0,0.0,0.0,0.0,0.0,0.0,0.0,0.0096,0.0,0.0,0.0,0.0,0.0,0.0,0.0,0.0,0.0,0.0,0.0,0.0,0.0
1989-11-01,0.0,0.0,0.0,0.0,0.0,0.0,0.0,0.0,0.0,0.0,0.0,0.0,0.0,0.0,0.0,0.0015,0.0,0.0,0.0,0.0,0.0,0.0,0.001,0.0,0.0027,0.0023,0.0,0.0,0.0,0.0
1989-11-02,0.004699999999999999,0.0073,0.0147,0.0021,0.006999999999999999,0.013600000000000001,0.0134,0.0033,0.0018,0.006,0.0077,0.0015,0.0067,0.015300000000000001,0.0123,0.0012,0.0,0.0,0.004,0.0,0.005699999999999999,0.0166,0.0189,0.0024,0.0075,0.0079,0.0032,0.008,0.0045000000000000005,0.0088
1989-11-03,0.0,0.0046,0.0042,0.0015,0.0005,0.001,0.0021,0.0040999999999999995,0.0005,0.0038,0.001,0.0,0.0046,0.0073,0.0052,0.0,0.0,0.0,0.0,0.0007000000000000001,0.0027,0.0033,0.0026,0.0016,0.0,0.0013,0.0021,0.0013,0.0009,0.0069
1989-11-06,0.016399999999999998,0.0143,0.0297,0.0147,0.0086,0.004,0.0212,0.015300000000000001,0.0128,0.0111,0.0149,0.016,0.0146,0.0151,0.031,0.0222,0.0,0.013999999999999999,0.0139,0.0067,0.0115,0.010700000000000001,0.016200000000000003,0.0138,0.0158,0.0096,0.0108,0.0199,0.0128,0.008100000000000001
1989-11-07,0.0,0.0,0.0,0.0008,0.0,0.0,0.0,0.0,0.0,0.0,0.0,0.0,0.0,0.0,0.0,0.0053,0.0,0.0021,0.0,0.0,0.0,0.0,0.0,0.0,0.0006,0.0,0.0,0.0,0.0,0.0005
1989-11-08,0.0,0.0,0.0,0.0,0.0,0.0,0.0,0.0,0.0,0.0,0.0,0.0,0.0,0.0,0.0,0.0,0.0001,0.0,0.0,0.0,0.0,0.0,0.0,0.0,0.0,0.0,0.0,0.0,0.0,0.0
1989-11-09,0.0060999999999999995,0.0087,0.0005,0.0,0.0024,0.0103,0.009000000000000001,0.0,0.0042,0.0,0.0033,0.0028000000000000004,0.0002,0.0009,0.0036,0.0,0.0086,0.0,0.0096,0.0033,0.0049,0.0,0.0,0.006,0.0042,0.0029,0.006,0.0006,0.0016,0.005699999999999999
1989-11-10,0.0,0.0,0.0,0.0,0.0,0.0,0.0,0.0,0.0,0.0,0.0,0.0,0.0,0.0,0.0,0.0,0.0,0.0,0.0,0.0,0.0,0.0,0.0,0.0,0.0,0.0,0.0,0.0,0.0,0.0
1989-11-13,0.0,0.0,0.0,0.0,0.0,0.0,0.0,0.011699999999999999,0.0,0.0,0.0,0.0,0.0,0.0,0.0026,0.0,0.0,0.0,0.0,0.0,0.0,0.0,0.0027,0.0,0.0,0.0007000000000000001,0.0,0.0,0.0002,0.0
1989-11-14,0.006,0.0028000000000000004,0.0279,0.011000000000000001,0.0,0.0034000000000000002,0.0101,0.009000000000000001,0.0031,0.0032,0.0,0.0,0.0,0.0019,0.0128,0.008199999999999999,0.0,0.0031,0.0011,0.0,0.005,0.0016,0.0060999999999999995,0.0,0.0054,0.002,0.0069,0.0,0.005600000000000001,0.0
1989-11-15,0.0,0.0,0.0011,0.0,0.0,0.0,0.0178,0.0,0.0,0.0,0.0,0.0,0.0,0.0,0.0,0.0,0.012,0.0,0.0,0.0,0.0,0.008,0.0,0.0,0.0,0.0,0.0,0.0032,0.0,0.0
1989-11-16,0.0,0.0,0.0,0.0,0.0034999999999999996,0.004699999999999999,0.0,0.0,0.0,0.0,0.0,0.0,0.0,0.0,0.0034999999999999996,0.0,0.005699999999999999,0.0121,0.0011,0.0,0.0036,0.005600000000000001,0.0015,0.0,0.0,0.0,0.0,0.009399999999999999,0.0,0.0070999999999999995
1989-11-17,0.0015,0.0,0.0,0.0,0.0005,0.0,0.0,0.0,0.0,0.0,0.0,0.0,0.0,0.0,0.0,0.0,0.0,0.0,0.0,0.0049,0.0,0.0,0.0,0.0,0.0,0.0,0.0,0.0,0.0,0.0039000000000000003
1989-11-20,0.0102,0.006500000000000001,0.001,0.0109,0.0103,0.0040999999999999995,0.004,0.0006,0.0073,0.0087,0.0038,0.0084,0.0109,0.004,0.0092,0.0171,0.0,0.0108,0.0069,0.005600000000000001,0.0029,0.0070999999999999995,0.0103,0.0021,0.0139,0.0037,0.0033,0.0027,0.0051,0.0219
1989-11-21,0.0039000000000000003,0.0,0.008100000000000001,0.009000000000000001,0.0025,0.0,0.0,0.0,0.0,0.011699999999999999,0.0055000000000000005,0.0026,0.0031,0.0,0.0014000000000000002,0.0116,0.0,0.005,0.0,0.0,0.0,0.0044,0.0,0.0,0.0031,0.0,0.0058,0.0,0.0022,0.0089
1989-11-22,0.0,0.0,0.0,0.0,0.0,0.0,0.0005,0.0,0.0,0.0016,0.0,0.0,0.0,0.0,0.0018,0.0,0.0,0.0,0.0,0.0,0.0,0.0,0.0,0.0,0.0,0.0008,0.0,0.0,0.0,0.0
1989-11-24,0.0,0.0,0.0,0.0,0.0,0.0,0.0,0.0,0.0,0.0,0.0,0.0,0.0,0.0,0.0,0.0,0.0,0.0,0.0,0.0,0.0,0.0,0.0,0.0,0.0,0.0,0.0,0.0,0.0,0.0
1989-11-27,0.0,0.0059,0.0,0.0,0.0,0.0009,0.0,0.0,0.0,0.0,0.0,0.0,0.0,0.0,0.0,0.0,0.0235,0.0,0.0,0.0,0.0,0.0,0.0038,0.0,0.0,0.0,0.0,0.0,0.0,0.0
1989-11-28,0.0007000000000000001,0.0027,0.0,0.0,0.0034999999999999996,0.002,0.0,0.0014000000000000002,0.0,0.0,0.0,0.0006,0.0,0.0,0.0,0.0,0.008100000000000001,0.0102,0.0,0.0,0.0027,0.0,0.0051,0.0,0.0,0.0,0.0011,0.002,0.0,0.0
1989-11-29,0.0048,0.018500000000000003,0.0,0.005699999999999999,0.0106,0.0019,0.0174,0.006999999999999999,0.0021,0.0048,0.0,0.0028000000000000004,0.0024,0.006,0.0083,0.006500000000000001,0.016200000000000003,0.0021,0.009300000000000001,0.0,0.0038,0.0051,0.005,0.0058,0.0067,0.0015,0.003,0.0103,0.006999999999999999,0.0018
1989-11-30,0.0,0.0,0.0,0.0,0.0,0.0,0.0,0.0,0.0,0.0,0.0,0.0,0.0,0.0,0.0013,0.0,0.0,0.0078000000000000005,0.0,0.0,0.0,0.0,0.0,0.0,0.0,0.0,0.0,0.0,0.003,0.002
1989-12-01,0.0,0.0,0.0,0.0,0.0,0.0,0.0087,0.0,0.0,0.0,0.0,0.0,0.0,0.0,0.0,0.0,0.0,0.01,0.0,0.0,0.0,0.0,0.0002,0.0,0.0,0.0,0.0,0.0,0.0,0.0
1989-12-04,0.0,0.0,0.0,0.0018,0.0,0.0,0.0,0.0,0.0,0.005699999999999999,0.0009,0.0,0.0,0.0,0.0012,0.0098,0.0235,0.021,0.0,0.0,0.0,0.0,0.0,0.0,0.0,0.0,0.0005,0.0005,0.001,0.0
1989-12-05,0.011899999999999999,0.0126,0.0092,0.0,0.0048,0.0011,0.0,0.004699999999999999,0.004,0.0005,0.0054,0.0,0.0042,0.0,0.004699999999999999,0.0,0.0,0.0,0.0040999999999999995,0.0,0.0051,0.0003,0.0015,0.0026,0.0,0.0,0.008,0.0,0.0058,0.0
1989-12-06,0.0098,0.006,0.0121,0.0,0.0113,0.0031,0.0,0.0,0.0027,0.0048,0.0024,0.0026,0.0005,0.0,0.0026,0.0034999999999999996,0.0,0.0,0.0,0.0,0.0036,0.0018,0.0084,0.0,0.0037,0.0009,0.0033,0.0019,0.0067,0.008100000000000001
1989-12-07,0.0,0.003,0.0,0.0032,0.0038,0.0051,0.006,0.0038,0.0,0.0009,0.0074,0.0074,0.0,0.0004,0.0,0.0034999999999999996,0.0,0.0062,0.0033,0.0,0.0024,0.0039000000000000003,0.0021,0.002,0.002,0.0,0.0038,0.0,0.0053,0.0
1989-12-08,0.0,0.0,0.0,0.0031,0.0,0.0,0.0040999999999999995,0.0036,0.0,0.0,0.0,0.0,0.0,0.0019,0.0,0.0002,0.0,0.0,0.0,0.0,0.0,0.0006,0.0070999999999999995,0.0,0.0,0.0,0.0,0.0,0.0011,0.0
1989-12-11,0.0,0.0,0.0,0.0023,0.0,0.0051,0.0027,0.006999999999999999,0.0,0.0031,0.005600000000000001,0.0033,0.0022,0.0009,0.0068000000000000005,0.0032,0.0,0.0,0.0,0.0002,0.0,0.0069,0.01,0.0023,0.0051,0.0007000000000000001,0.0034000000000000002,0.0032,0.0032,0.002
1989-12-12,0.0,0.0,0.0,0.0096,0.0034999999999999996,0.0,0.010700000000000001,0.0,0.0,0.0037,0.0,0.0007000000000000001,0.0,0.0,0.0,0.0039000000000000003,0.0,0.0,0.0,0.0,0.0,0.0,0.0002,0.0,0.0,0.0,0.001,0.0,0.0012,0.0
1989-12-13,0.0001,0.0,0.0,0.0004,0.0,0.001,0.0159,0.0,0.0,0.0060999999999999995,0.0,0.0,0.0,0.0,0.0,0.0,0.0169,0.0045000000000000005,0.0074,0.0,0.0,0.0045000000000000005,0.0053,0.0,0.0,0.0,0.0,0.0002,0.0,0.0
1989-12-14,0.0007000000000000001,0.0070999999999999995,0.0087,0.009899999999999999,0.0089,0.006,0.009300000000000001,0.0032,0.0,0.0134,0.0040999999999999995,0.0034999999999999996,0.005600000000000001,0.0001,0.0174,0.0011,0.0024,0.008100000000000001,0.0111,0.0,0.0016,0.0054,0.0104,0.0012,0.0079,0.0058,0.0058,0.0058,0.0073,0.0
1989-12-15,0.0038,0.0,0.0077,0.0054,0.0042,0.0016,0.0084,0.0039000000000000003,0.0033,0.0078000000000000005,0.002,0.0039000000000000003,0.006,0.0008,0.0128,0.0,0.0,0.0,0.0,0.0,0.0,0.0025,0.0048,0.004699999999999999,0.0108,0.0,0.003,0.0,0.0129,0.002
1989-12-18,0.0106,0.0171,0.014199999999999999,0.0196,0.0191,0.0166,0.0113,0.016399999999999998,0.0123,0.0108,0.0209,0.0087,0.016200000000000003,0.024,0.0192,0.0166,0.0,0.0002,0.0068000000000000005,0.0038,0.0222,0.0147,0.0129,0.0146,0.0226,0.0123,0.0177,0.0181,0.033,0.0197
1989-12-19,0.0,0.0088,0.0226,0.006999999999999999,0.0058,0.0014000000000000002,0.0,0.003,0.0007000000000000001,0.0108,0.009000000000000001,0.0084,0.0005,0.0,0.0151,0.0064,0.009399999999999999,0.0,0.0,0.0002,0.0084,0.0,0.0,0.0,0.0064,0.0073,0.0092,0.0102,0.008100000000000001,0.0106
1989-12-20,0.0,0.014499999999999999,0.0073,0.0348,0.0,0.0,0.0045000000000000005,0.0015,0.0001,0.0,0.0,0.0005,0.0,0.0043,0.0,0.0,0.0008,0.0024,0.0,0.0,0.0016,0.0,0.0,0.0,0.0001,0.0,0.0,0.0116,0.0,0.005600000000000001
1989-12-21,0.0,0.015,0.0053,0.0,0.0,0.003,0.0,0.0,0.0,0.0,0.0,0.0,0.0,0.0,0.0,0.0,0.0092,0.0,0.0,0.0,0.0,0.0,0.0,0.0,0.0,0.0,0.0,0.0,0.0,0.0009
1989-12-22,0.005,0.0,0.0,0.0,0.0,0.0,0.0,0.0,0.0,0.0,0.0,0.0,0.0,0.0,0.0,0.004,0.0033,0.0,0.0,0.0,0.0,0.0,0.0,0.0,0.0,0.0,0.0,0.0,0.0,0.0
1989-12-26,0.0017000000000000001,0.0043,0.0027,0.0,0.0,0.0,0.0021,0.0021,0.0024,0.0,0.0,0.0,0.0,0.0067,0.0,0.0,0.02,0.0014000000000000002,0.001,0.0015,0.0027,0.0,0.0034999999999999996,0.0,0.0,0.0,0.0003,0.0,0.0,0.0011
1989-12-27,0.0,0.0,0.0,0.015300000000000001,0.0,0.0,0.0,0.0,0.0,0.0,0.0,0.0,0.0,0.0,0.0,0.0037,0.0006,0.0,0.0,0.0,0.0,0.0,0.0,0.0,0.0,0.0,0.0,0.005,0.0,0.0
1989-12-28,0.0,0.0,0.0,0.0,0.0,0.0,0.0,0.0,0.0004,0.0001,0.0,0.0,0.0,0.0,0.0027,0.0,0.005,0.0052,0.0019,0.0,0.0,0.0,0.0006,0.0,0.0,0.0,0.0,0.0,0.0,0.0
1989-12-29,0.0,0.0,0.0,0.0,0.0,0.0,0.0,0.0,0.0,0.0,0.0,0.0,0.0,0.0,0.0,0.0,0.0,0.0,0.0,0.0,0.0,0.0,0.0,0.0,0.0,0.0,0.0,0.0,0.0,0.0
1990-01-02,0.0001,0.0,0.0,0.0,0.0,0.0,0.0,0.0,0.0,0.0,0.0,0.0,0.0,0.0,0.0,0.0,0.0,0.0,0.0,0.0,0.0,0.0,0.0,0.0,0.0,0.0,0.0,0.0,0.0,0.0
1990-01-03,0.0068000000000000005,0.005699999999999999,0.0,0.0003,0.0073,0.0,0.0,0.0,0.0,0.0045000000000000005,0.0007000000000000001,0.0,0.0,0.0,0.0003,0.0,0.011899999999999999,0.0,0.0139,0.0053,0.005699999999999999,0.0,0.0,0.0,0.0070999999999999995,0.0049,0.0,0.0051,0.0,0.0
1990-01-04,0.0075,0.0070999999999999995,0.0316,0.002,0.0001,0.0049,0.005,0.0053,0.0054,0.006,0.0022,0.0,0.0067,0.0052,0.004,0.0,0.0,0.033,0.011399999999999999,0.0128,0.019,0.0,0.0,0.0027,0.0037,0.0070999999999999995,0.0008,0.0158,0.0045000000000000005,0.0077
1990-01-05,0.0072,0.0092,0.0,0.0006,0.0101,0.008,0.0,0.0134,0.0031,0.0076,0.0058,0.0016,0.0059,0.009399999999999999,0.013500000000000002,0.0031,0.0,0.0,0.0108,0.0131,0.018600000000000002,0.0063,0.0036,0.008199999999999999,0.0070999999999999995,0.004699999999999999,0.0048,0.0108,0.005699999999999999,0.0
1990-01-08,0.0005,0.0,0.0259,0.0,0.0003,0.0,0.0086,0.0,0.0,0.0116,0.0,0.0,0.0,0.0,0.0,0.0,0.011699999999999999,0.0,0.0,0.0017000000000000001,0.0,0.0,0.0,0.0,0.0,0.0,0.0,0.0,0.0013,0.0022
1990-01-09,0.0072,0.0098,0.0208,0.0078000000000000005,0.0103,0.0062,0.0172,0.0103,0.0062,0.004699999999999999,0.0053,0.0097,0.0076,0.0131,0.0063,0.0134,0.0,0.02,0.0128,0.0062,0.0148,0.010700000000000001,0.0068000000000000005,0.0079,0.0077,0.0048,0.0131,0.0066,0.0092,0.0111
1990-01-10,0.006999999999999999,0.0152,0.0132,0.017,0.0049,0.0044,0.0,0.006500000000000001,0.0076,0.0092,0.006500000000000001,0.0006,0.0011,0.0001,0.0039000000000000003,0.0034999999999999996,0.0,0.0,0.0004,0.0,0.0168,0.0125,0.010700000000000001,0.0097,0.009399999999999999,0.0042,0.0103,0.0149,0.0095,0.0126
1990-01-11,0.0,0.0029,0.0,0.006,0.0,0.0,0.0006,0.0,0.0,0.0098,0.0,0.0,0.0,0.0,0.0,0.0051,0.0,0.0,0.0,0.0,0.004,0.0012,0.0,0.0004,0.0011,0.0,0.0,0.0104,0.0,0.0
1990-01-12,0.0196,0.0262,0.0281,0.0292,0.0236,0.0264,0.0279,0.0256,0.022099999999999998,0.0229,0.022000000000000002,0.0222,0.0202,0.0258,0.030600000000000002,0.020099999999999996,0.0132,0.0348,0.0195,0.0169,0.0279,0.0223,0.023799999999999998,0.0246,0.0219,0.021,0.025099999999999997,0.0235,0.0192,0.030600000000000002
1990-01-15,0.005699999999999999,0.013600000000000001,0.013000000000000001,0.0108,0.0108,0.0044,0.0034999999999999996,0.0092,0.0126,0.0132,0.0137,0.011399999999999999,0.0118,0.0067,0.009399999999999999,0.0060999999999999995,0.0,0.0016,0.0029,0.0048,0.0154,0.011000000000000001,0.0032,0.012,0.0043,0.0109,0.0118,0.0172,0.0116,0.0179
1990-01-16,0.0,0.0,0.0,0.0,0.0,0.0,0.0,0.0,0.0,0.0,0.0,0.0,0.0,0.0,0.0,0.0,0.0075,0.0,0.0,0.0,0.0,0.0,0.0,0.0,0.0,0.0,0.0,0.0,0.0,0.0
1990-01-17,0.0097,0.0083,0.0213,0.01,0.005,0.0055000000000000005,0.0148,0.005,0.0085,0.0,0.0042,0.0282,0.0102,0.0059,0.0126,0.0027,0.0,0.0091,0.009300000000000001,0.0029,0.0124,0.0036,0.0085,0.0018,0.012,0.006500000000000001,0.0055000000000000005,0.0045000000000000005,0.0059,0.0046
1990-01-18,0.0029,0.0077,0.0,0.0051,0.0,0.0,0.0,0.0,0.0003,0.0019,0.0,0.011200000000000002,0.0,0.0,0.0,0.0,0.011200000000000002,0.0084,0.0,0.0,0.0,0.0,0.004699999999999999,0.0021,0.0,0.0029,0.0042,0.0022,0.0032,0.0
1990-01-19,0.0009,0.0,0.0019,0.0,0.0,0.0058,0.0044,0.0,0.0,0.0,0.0014000000000000002,0.0058,0.0,0.0,0.0,0.0,0.0144,0.0,0.0,0.0,0.0,0.0,0.0024,0.0001,0.0,0.0,0.0,0.0043,0.0002,0.0062
1990-01-22,0.024300000000000002,0.023700000000000002,0.0268,0.026600000000000002,0.0222,0.0218,0.029500000000000002,0.024700000000000003,0.028399999999999998,0.0143,0.020099999999999996,0.0254,0.0174,0.028300000000000002,0.0264,0.0248,0.0012,0.0138,0.0276,0.0103,0.030699999999999998,0.0199,0.0182,0.025099999999999997,0.021099999999999997,0.0124,0.021400000000000002,0.027999999999999997,0.0217,0.0219
1990-01-23,0.0039000000000000003,0.0,0.0021,0.0124,0.0029,0.0084,0.0,0.0003,0.0,0.0,0.0042,0.008100000000000001,0.0002,0.0,0.0,0.0005,0.0,0.0091,0.0,0.0,0.0,0.0013,0.0,0.0,0.0,0.0,0.0,0.0086,0.0054,0.0012
1990-01-24,0.0054,0.0012,0.0,0.0052,0.0069,0.0051,0.0113,0.0007000000000000001,0.009399999999999999,0.0076,0.006999999999999999,0.0024,0.0006,0.0,0.0127,0.004699999999999999,0.0,0.0046,0.0,0.0078000000000000005,0.0024,0.0053,0.0,0.0075,0.006,0.0121,0.0027,0.0183,0.009399999999999999,0.0009
1990-01-25,0.020099999999999996,0.021099999999999997,0.0213,0.0096,0.0161,0.0232,0.0131,0.0158,0.023799999999999998,0.0052,0.0068000000000000005,0.0076,0.0095,0.015600000000000001,0.0036,0.0232,0.0015,0.0,0.0075,0.0074,0.009000000000000001,0.006500000000000001,0.0070999999999999995,0.01,0.009300000000000001,0.0031,0.0063,0.0022,0.0055000000000000005,0.014499999999999999
1990-01-26,0.0004,0.0154,0.0011,0.0116,0.0015,0.0033,0.0,0.0028000000000000004,0.0005,0.0067,0.0043,0.0018,0.0017000000000000001,0.0,0.0,0.0,0.0,0.012,0.0,0.0,0.0159,0.0049,0.0014000000000000002,0.0019,0.0078000000000000005,0.006,0.0037,0.0,0.0077,0.0011
1990-01-29,0.0026,0.0,0.0011,0.0,0.0089,0.005,0.0091,0.0034000000000000002,0.0021,0.0079,0.011200000000000002,0.0073,0.0,0.0084,0.0049,0.0048,0.0,0.0032,0.0,0.0014000000000000002,0.0,0.0,0.0034000000000000002,0.0045000000000000005,0.0141,0.0051,0.0044,0.0165,0.008199999999999999,0.0055000000000000005
1990-01-30,0.010700000000000001,0.015,0.0,0.013000000000000001,0.0091,0.0074,0.031200000000000002,0.011899999999999999,0.0036,0.013600000000000001,0.006500000000000001,0.0048,0.0032,0.006,0.006999999999999999,0.0,0.0,0.009000000000000001,0.0,0.0032,0.0181,0.0125,0.0039000000000000003,0.0075,0.0239,0.011000000000000001,0.0116,0.0163,0.0118,0.0168
1990-01-31,0.0,0.0,0.0,0.0,0.0,0.0,0.0,0.0,0.0,0.0,0.0,0.0,0.0,0.0,0.0,0.0,0.0358,0.0,0.0,0.0,0.0,0.0,0.0,0.0,0.0,0.0,0.0,0.0,0.0,0.0
1990-02-01,0.0004,0.0021,0.0,0.0085,0.0029,0.0,0.0032,0.0,0.0051,0.0,0.0,0.0,0.0,0.0034999999999999996,0.0007000000000000001,0.0,0.0,0.0,0.0,0.0,0.0,0.0,0.0027,0.0,0.0,0.0,0.0007000000000000001,0.0029,0.0,0.0024
1990-02-02,0.0,0.0,0.0,0.0,0.0,0.0,0.0,0.0,0.0,0.0,0.0,0.0,0.0,0.0,0.0,0.0,0.0017000000000000001,0.0,0.0,0.0,0.0,0.0,0.0,0.0,0.0,0.0,0.0,0.0,0.0,0.0
1990-02-05,0.0,0.0031,0.0,0.0,0.002,0.0,0.0023,0.0001,0.0,0.0,0.0,0.0,0.0,0.0,0.0,0.0,0.0,0.0,0.0,0.0,0.0,0.0,0.0,0.0,0.0,0.0,0.0,0.0,0.0,0.0
1990-02-06,0.0097,0.0003,0.0129,0.0062,0.0011,0.0085,0.006,0.0087,0.0006,0.0063,0.0055000000000000005,0.0088,0.0,0.0,0.0088,0.0029,0.0105,0.0,0.0014000000000000002,0.0029,0.0143,0.0013,0.0,0.0085,0.004699999999999999,0.0043,0.005600000000000001,0.0029,0.0054,0.0123
1990-02-07,0.0,0.0,0.0,0.0,0.0,0.0,0.0,0.0,0.0,0.0,0.0,0.0,0.0,0.0,0.0,0.0,0.0063,0.0,0.0,0.0,0.0,0.0,0.0,0.0,0.0,0.0,0.0,0.0,0.0,0.0
1990-02-08,0.0033,0.0025,0.0,0.0024,0.0084,0.004699999999999999,0.01,0.0015,0.0023,0.0014000000000000002,0.004,0.0,0.0,0.0,0.0072,0.0059,0.0,0.0,0.0,0.0001,0.0044,0.0,0.0022,0.0,0.0,0.0012,0.0,0.014199999999999999,0.0034000000000000002,0.0
1990-02-09,0.0,0.0016,0.0032,0.0015,0.005600000000000001,0.0,0.0,0.0,0.0,0.0062,0.0,0.0,0.0018,0.0,0.0,0.0,0.0062,0.0,0.0,0.0,0.0,0.0,0.0011,0.0,0.0,0.0,0.0,0.0,0.0,0.0
1990-02-12,0.008100000000000001,0.006,0.0149,0.0121,0.015300000000000001,0.013300000000000001,0.005699999999999999,0.0084,0.0078000000000000005,0.0167,0.0068000000000000005,0.0058,0.0055000000000000005,0.0159,0.0,0.0083,0.0,0.0,0.011000000000000001,0.0055000000000000005,0.0105,0.0058,0.0126,0.01,0.0106,0.0087,0.0113,0.006,0.008199999999999999,0.0111
1990-02-13,0.0,0.017,0.0,0.0,0.0005,0.0,0.0,0.0009,0.0002,0.0,0.0,0.0037,0.0,0.0,0.0,0.0,0.0,0.0,0.0,0.0,0.0,0.0,0.0,0.0,0.0,0.0009,0.0,0.0,0.0,0.0
1990-02-14,0.0031,0.0,0.0,0.0,0.0,0.0,0.0011,0.0,0.0,0.0023,0.0,0.0,0.0014000000000000002,0.0002,0.0007000000000000001,0.0,0.0072,0.0,0.0,0.0,0.0,0.0,0.0,0.0,0.0,0.0,0.0,0.0018,0.0,0.0
1990-02-15,0.0,0.0,0.0,0.0,0.0,0.0,0.0,0.0,0.0,0.0,0.0,0.0,0.0,0.0,0.0,0.0,0.0143,0.0009,0.0,0.0,0.0,0.0,0.0,0.0,0.0005,0.0007000000000000001,0.0,0.0,0.0,0.0
1990-02-16,0.0,0.0108,0.0202,0.0,0.0,0.0,0.0,0.0103,0.0017000000000000001,0.009399999999999999,0.0017000000000000001,0.0,0.0011,0.0088,0.015,0.0058,0.0,0.0039000000000000003,0.0044,0.0042,0.011200000000000002,0.0036,0.0104,0.0,0.0,0.0,0.0087,0.0060999999999999995,0.0,0.004
1990-02-20,0.009899999999999999,0.0108,0.0123,0.0196,0.0129,0.0154,0.0084,0.0129,0.011899999999999999,0.016200000000000003,0.0128,0.011899999999999999,0.0066,0.0166,0.0068000000000000005,0.0173,0.0,0.0115,0.0095,0.0108,0.0223,0.006999999999999999,0.014199999999999999,0.0134,0.0105,0.0115,0.0166,0.0131,0.013999999999999999,0.010700000000000001
1990-02-21,0.009899999999999999,0.0059,0.0028000000000000004,0.0063,0.0,0.0005,0.0,0.0073,0.0055000000000000005,0.0059,0.0018,0.0,0.0001,0.0019,0.0,0.008100000000000001,0.0,0.0159,0.0,0.0032,0.0051,0.0051,0.0,0.0054,0.0,0.0005,0.0015,0.0085,0.0005,0.0085
1990-02-22,0.0013,0.0084,0.0,0.006999999999999999,0.0046,0.006500000000000001,0.0139,0.011200000000000002,0.0,0.0,0.0,0.0019,0.0008,0.0,0.008100000000000001,0.0,0.0066,0.0,0.013500000000000002,0.0036,0.0012,0.001,0.008100000000000001,0.0040999999999999995,0.0018,0.0009,0.0011,0.0004,0.0,0.0
1990-02-23,0.0017000000000000001,0.0,0.0158,0.011399999999999999,0.0059,0.0092,0.0016,0.0177,0.0048,0.0,0.0,0.0023,0.005600000000000001,0.0044,0.0013,0.004699999999999999,0.0087,0.0208,0.0051,0.0027,0.0060999999999999995,0.0045000000000000005,0.0055000000000000005,0.0,0.0013,0.0092,0.0031,0.0084,0.0023,0.0033
1990-02-26,0.0,0.0,0.0,0.0,0.0,0.0,0.0,0.0,0.0,0.0,0.0,0.0,0.0,0.0,0.0,0.0,0.028399999999999998,0.003,0.0,0.0,0.0,0.0,0.0,0.0,0.0,0.0,0.0,0.0,0.0,0.0
1990-02-27,0.0,0.0,0.0015,0.0,0.0,0.0,0.0,0.0,0.0,0.0062,0.0,0.0,0.0,0.0,0.0,0.0,0.0,0.0001,0.0,0.0,0.0,0.0,0.0,0.0,0.0,0.0,0.0,0.0,0.0,0.0
1990-02-28,0.0,0.0,0.0131,0.0,0.0,0.0,0.0,0.0,0.0,0.0,0.0,0.0,0.0,0.0,0.0007000000000000001,0.0,0.0,0.0,0.005699999999999999,0.0,0.0,0.0,0.0,0.0,0.0,0.0,0.0,0.002,0.0,0.0
1990-03-01,0.0001,0.004,0.0217,0.0,0.0,0.0,0.0,0.0,0.0,0.0,0.0,0.0,0.0,0.0,0.0,0.0,0.0,0.0106,0.0011,0.0,0.0,0.0,0.0,0.0,0.0,0.0,0.0,0.0,0.0,0.0033
1990-03-02,0.0,0.008100000000000001,0.0,0.0,0.0,0.0,0.0,0.0,0.0,0.0,0.0,0.0,0.0,0.0,0.0,0.0,0.0,0.0,0.0,0.0,0.0,0.0,0.0,0.0,0.0,0.0,0.0,0.0,0.0,0.0
1990-03-05,0.004,0.0026,0.0,0.0,0.010700000000000001,0.0015,0.0,0.0073,0.0032,0.003,0.003,0.0046,0.0,0.011899999999999999,0.004,0.0,0.0018,0.0060999999999999995,0.006,0.004,0.0039000000000000003,0.0,0.0,0.004,0.008199999999999999,0.0042,0.0,0.0,0.0067,0.0
1990-03-06,0.0,0.0,0.0,0.0,0.0,0.0,0.0,0.0,0.0,0.0,0.0,0.0,0.0,0.0,0.0,0.0,0.0,0.0128,0.0,0.0,0.0,0.0,0.0,0.0,0.0,0.0,0.0,0.0,0.0,0.0
1990-03-07,0.0,0.0,0.0,0.0044,0.0085,0.0,0.0,0.0018,0.0019,0.0,0.0,0.0053,0.0,0.0,0.008,0.0,0.0132,0.0,0.003,0.0054,0.0054,0.0,0.0,0.005699999999999999,0.0103,0.004,0.0005,0.0217,0.0018,0.0
1990-03-08,0.0,0.0,0.0068000000000000005,0.0,0.0,0.0,0.0,0.0,0.0,0.0,0.0,0.0,0.0,0.0,0.0,0.0,0.0,0.0001,0.0003,0.0,0.0,0.0,0.0,0.0,0.0,0.0,0.0,0.0024,0.0,0.0
1990-03-09,0.005699999999999999,0.0022,0.0222,0.0059,0.0025,0.0059,0.0044,0.0043,0.011200000000000002,0.0022,0.004,0.0023,0.0025,0.0043,0.0,0.0,0.0046,0.0,0.0115,0.004699999999999999,0.005600000000000001,0.0028000000000000004,0.0026,0.0064,0.002,0.0,0.0034999999999999996,0.0,0.0049,0.005699999999999999
1990-03-12,0.0,0.0,0.0,0.0,0.0,0.004699999999999999,0.0,0.0,0.0,0.0,0.0,0.0,0.0038,0.0031,0.0,0.0049,0.0013,0.0,0.0,0.0001,0.0,0.0,0.0,0.0,0.0,0.0,0.0,0.0011,0.0,0.0
1990-03-13,0.0076,0.0039000000000000003,0.0084,0.0,0.0042,0.0039000000000000003,0.0116,0.0165,0.0118,0.005,0.0095,0.0033,0.004,0.0048,0.0,0.0078000000000000005,0.008199999999999999,0.0032,0.0088,0.0062,0.0068000000000000005,0.0019,0.0064,0.002,0.0,0.0005,0.0060999999999999995,0.0058,0.0055000000000000005,0.0105
1990-03-14,0.0,0.0,0.0,0.0,0.0,0.0,0.0,0.0,0.0021,0.0,0.0,0.0,0.0,0.0,0.0038,0.0,0.0,0.0171,0.0,0.0,0.0039000000000000003,0.0,0.0003,0.0,0.0,0.0004,0.0,0.0,0.0,0.0
1990-03-15,0.0,0.0009,0.0,0.0075,0.0,0.0029,0.0,0.0,0.0,0.0037,0.0,0.0,0.0,0.0,0.0,0.0,0.0,0.0,0.0,0.0,0.0,0.0,0.0,0.0,0.0032,0.0,0.0,0.0068000000000000005,0.0007000000000000001,0.0103
1990-03-16,0.0,0.0,0.0,0.0,0.0003,0.0,0.0,0.0,0.0,0.0,0.0,0.0,0.0,0.0,0.0,0.0,0.0,0.0,0.0,0.0,0.0,0.0,0.0,0.0,0.0,0.0,0.0,0.0015,0.0,0.0
1990-03-19,0.0,0.0,0.0,0.0,0.0,0.0,0.0,0.0,0.0,0.0040999999999999995,0.0,0.0,0.0,0.0,0.0042,0.0,0.0,0.0,0.0022,0.002,0.0,0.0,0.0,0.0,0.0,0.0,0.0,0.0,0.0028000000000000004,0.0
1990-03-20,0.0,0.0063,0.0,0.0028000000000000004,0.0043,0.0013,0.0029,0.0087,0.0008,0.018600000000000002,0.0046,0.0054,0.0012,0.0076,0.0,0.0053,0.0285,0.0,0.0102,0.0031,0.006999999999999999,0.009000000000000001,0.0073,0.0016,0.0,0.0,0.0064,0.0086,0.0064,0.003
1990-03-21,0.0014000000000000002,0.0,0.0037,0.0074,0.0070999999999999995,0.0001,0.0022,0.0046,0.0069,0.0149,0.0079,0.0015,0.0059,0.0077,0.009000000000000001,0.0,0.0141,0.0,0.0073,0.0,0.0025,0.0029,0.005,0.0014000000000000002,0.0067,0.0026,0.0040999999999999995,0.0011,0.0049,0.0046
1990-03-22,0.0134,0.012,0.009899999999999999,0.018799999999999997,0.0134,0.0151,0.0103,0.0113,0.0115,0.011200000000000002,0.0104,0.0174,0.014499999999999999,0.014499999999999999,0.0040999999999999995,0.0042,0.0,0.0225,0.008199999999999999,0.0096,0.011000000000000001,0.0172,0.0128,0.012,0.011000000000000001,0.0097,0.0174,0.0098,0.014199999999999999,0.0083
1990-03-23,0.0,0.0,0.0,0.0,0.0,0.0,0.0,0.0,0.0,0.0,0.0,0.0,0.0,0.0,0.0021,0.0,0.013600000000000001,0.0,0.0,0.0,0.0,0.0,0.0003,0.0,0.0,0.0,0.0,0.0,0.0,0.0
1990-03-26,0.0007000000000000001,0.0,0.0007000000000000001,0.0007000000000000001,0.0016,0.0,0.0,0.0,0.0,0.0,0.0,0.0012,0.0,0.0,0.0,0.0062,0.0441,0.0042,0.0029,0.0,0.0,0.0,0.0006,0.0,0.0,0.0,0.0,0.0009,0.0,0.0
1990-03-27,0.0,0.0,0.0,0.0,0.0,0.0,0.0,0.0,0.0,0.0,0.0,0.0,0.0,0.0,0.0,0.0,0.0028000000000000004,0.0,0.0,0.0,0.0,0.0,0.0,0.0,0.0,0.0,0.0,0.0,0.0,0.0
1990-03-28,0.0,0.0,0.0,0.0026,0.0036,0.0,0.0,0.0,0.0008,0.0,0.0,0.0,0.0,0.0009,0.0022,0.0,0.0,0.0,0.0,0.0,0.0,0.0204,0.0007000000000000001,0.0034999999999999996,0.0,0.0022,0.0,0.0,0.0,0.0
1990-03-29,0.0,0.0109,0.0032,0.0076,0.0072,0.0034999999999999996,0.009000000000000001,0.0015,0.0028000000000000004,0.0052,0.005699999999999999,0.0,0.0031,0.0033,0.015300000000000001,0.0006,0.0,0.0102,0.0003,0.0025,0.0040999999999999995,0.0034000000000000002,0.0026,0.0051,0.0052,0.0039000000000000003,0.0044,0.003,0.0031,0.0007000000000000001
1990-03-30,0.0,0.0072,0.005600000000000001,0.0063,0.0,0.0037,0.0016,0.0036,0.0016,0.0027,0.0032,0.0073,0.0021,0.0049,0.0124,0.0034999999999999996,0.0023,0.0,0.0,0.0,0.0015,0.0,0.0029,0.0029,0.0,0.0,0.0004,0.0,0.002,0.0032
1990-04-02,0.0,0.0,0.0038,0.006999999999999999,0.0015,0.0055000000000000005,0.0019,0.003,0.0044,0.0063,0.0042,0.0083,0.0085,0.0026,0.0036,0.0104,0.0194,0.0105,0.0,0.0037,0.0040999999999999995,0.005,0.003,0.0011,0.005600000000000001,0.0062,0.0033,0.0074,0.0069,0.0062
1990-04-03,0.0,0.0,0.0,0.0,0.0,0.0,0.0,0.0,0.0,0.0,0.0,0.0,0.0,0.0,0.0,0.0,0.0,0.020099999999999996,0.0,0.0,0.0,0.0,0.0,0.0,0.0,0.0,0.0,0.0,0.0,0.0
1990-04-04,0.0055000000000000005,0.0044,0.0073,0.0067,0.0044,0.0076,0.0,0.0045000000000000005,0.0086,0.0,0.0076,0.0075,0.0021,0.0091,0.0,0.0074,0.0013,0.0,0.0121,0.0040999999999999995,0.0075,0.0034000000000000002,0.0058,0.0026,0.0075,0.0046,0.0025,0.0144,0.0062,0.0044
1990-04-05,0.0,0.0,0.0,0.0,0.0009,0.0001,0.0,0.0,0.0028000000000000004,0.0,0.0,0.0,0.0008,0.0015,0.005699999999999999,0.0,0.0049,0.0,0.0021,0.0033,0.0,0.0068000000000000005,0.006999999999999999,0.0011,0.0031,0.0,0.0,0.0,0.0089,0.0
1990-04-06,0.0,0.0,0.0017000000000000001,0.008,0.0060999999999999995,0.0013,0.0,0.0,0.001,0.0,0.0,0.0078000000000000005,0.0046,0.0015,0.0002,0.0,0.0,0.01,0.0034000000000000002,0.0011,0.0008,0.0085,0.0073,0.0,0.0040999999999999995,0.0,0.0,0.0054,0.011399999999999999,0.0
1990-04-09,0.0,0.0,0.0,0.0,0.0,0.0,0.0019,0.0,0.0,0.0019,0.0012,0.0058,0.0029,0.0009,0.0,0.0012,0.0182,0.0125,0.003,0.0017000000000000001,0.0,0.0,0.0017000000000000001,0.0019,0.0013,0.0042,0.0,0.0,0.0,0.0
1990-04-10,0.0,0.0,0.0,0.0,0.0004,0.0,0.0024,0.0,0.0,0.0058,0.0001,0.0,0.0001,0.0,0.0042,0.0,0.011000000000000001,0.0,0.0077,0.0037,0.0,0.0,0.0,0.0,0.0011,0.0,0.0,0.0,0.0,0.0
1990-04-11,0.001,0.0,0.0051,0.0,0.0,0.0,0.0,0.0,0.0014000000000000002,0.0,0.0019,0.0003,0.0013,0.0,0.0042,0.0023,0.0236,0.0,0.0151,0.0007000000000000001,0.0007000000000000001,0.0,0.0,0.0,0.0,0.0,0.0,0.0,0.0,0.001
1990-04-12,0.0,0.0,0.0,0.0,0.0015,0.0,0.0,0.0,0.0,0.0,0.0,0.0,0.0,0.0,0.0,0.0,0.0,0.0,0.0,0.0,0.0,0.0,0.0,0.0,0.0,0.0,0.0,0.0,0.0,0.0
1990-04-16,0.0013,0.0024,0.0,0.0034999999999999996,0.0052,0.0,0.0033,0.0043,0.0014000000000000002,0.0015,0.004699999999999999,0.0026,0.0,0.0,0.0,0.0,0.012199999999999999,0.0,0.0,0.0,0.0,0.0,0.0,0.001,0.0,0.0,0.0002,0.0,0.0,0.0
1990-04-17,0.0008,0.0026,0.0,0.0038,0.0116,0.0012,0.0,0.0,0.0,0.0001,0.0026,0.0,0.0,0.0,0.001,0.0001,0.004,0.008100000000000001,0.0,0.0011,0.0028000000000000004,0.0,0.0046,0.0034999999999999996,0.0013,0.002,0.0042,0.0,0.0,0.0
1990-04-18,0.0124,0.0172,0.0105,0.0075,0.0125,0.0138,0.0125,0.0060999999999999995,0.0159,0.012199999999999999,0.009899999999999999,0.0067,0.01,0.0085,0.0,0.0127,0.0,0.009300000000000001,0.009899999999999999,0.0062,0.0168,0.0066,0.012,0.0072,0.0116,0.0091,0.0148,0.0096,0.0111,0.0063
1990-04-19,0.0113,0.0183,0.0218,0.0064,0.0067,0.0108,0.0151,0.008199999999999999,0.0096,0.0106,0.0070999999999999995,0.0116,0.0031,0.006500000000000001,0.0,0.0058,0.0013,0.0,0.0003,0.0042,0.0075,0.015,0.008100000000000001,0.0068000000000000005,0.0027,0.0059,0.009300000000000001,0.009300000000000001,0.0076,0.008100000000000001
1990-04-20,0.0088,0.005600000000000001,0.0159,0.0,0.0097,0.0066,0.014499999999999999,0.0078000000000000005,0.0113,0.0077,0.0095,0.010700000000000001,0.006500000000000001,0.0034999999999999996,0.0069,0.0096,0.0104,0.008,0.0021,0.0115,0.0125,0.0098,0.0014000000000000002,0.0101,0.0066,0.0124,0.011200000000000002,0.0103,0.0106,0.0165
1990-04-23,0.0097,0.0011,0.0,0.013600000000000001,0.0143,0.009300000000000001,0.0039000000000000003,0.013300000000000001,0.0138,0.0159,0.0069,0.0143,0.0101,0.0148,0.0113,0.013000000000000001,0.006,0.018000000000000002,0.0126,0.0095,0.0132,0.015,0.0075,0.011699999999999999,0.015300000000000001,0.013300000000000001,0.0132,0.0134,0.0115,0.0138
1990-04-24,0.0,0.0,0.0,0.0,0.006999999999999999,0.0043,0.0,0.0016,0.0048,0.0078000000000000005,0.0015,0.0,0.0007000000000000001,0.0012,0.0032,0.0086,0.0111,0.0101,0.0016,0.002,0.004699999999999999,0.0049,0.0051,0.0034999999999999996,0.0,0.0,0.0031,0.0040999999999999995,0.0043,0.0
1990-04-25,0.0,0.0,0.0,0.0,0.0,0.0,0.0,0.0,0.0,0.0003,0.0,0.0,0.0,0.0,0.0074,0.0,0.0141,0.0016,0.0,0.0,0.0,0.0,0.0,0.0,0.0,0.0,0.0,0.0013,0.0,0.0
1990-04-26,0.0,0.0,0.0,0.0,0.0,0.0,0.004,0.0,0.0,0.0,0.0,0.0011,0.0,0.0,0.0003,0.0,0.0025,0.011699999999999999,0.0,0.0025,0.0,0.0,0.0019,0.0,0.0,0.0009,0.0027,0.0066,0.0012,0.0
1990-04-27,0.017,0.0167,0.0182,0.011000000000000001,0.0174,0.011699999999999999,0.012,0.0109,0.0059,0.0,0.0111,0.0051,0.008199999999999999,0.012199999999999999,0.0171,0.0207,0.0076,0.023399999999999997,0.008199999999999999,0.0102,0.011899999999999999,0.009899999999999999,0.0113,0.0106,0.0087,0.0074,0.0096,0.0084,0.0079,0.0058
1990-04-30,0.0,0.0,0.0,0.0,0.0,0.0,0.0,0.0,0.0,0.0007000000000000001,0.0,0.009300000000000001,0.0,0.0,0.0075,0.0,0.0053,0.0,0.0,0.0026,0.0,0.0,0.0,0.0,0.0,0.0,0.0,0.0001,0.0,0.0
1990-05-01,0.0,0.0,0.0,0.0,0.0,0.0,0.0,0.0,0.004,0.0,0.0,0.0,0.0,0.0,0.0,0.0,0.0,0.0,0.0,0.0,0.0,0.0004,0.002,0.0001,0.0,0.0,0.0,0.0,0.0,0.0
1990-05-02,0.0,0.0,0.0,0.0,0.0,0.0,0.0,0.0,0.0,0.0,0.0,0.0,0.0,0.0,0.0,0.0,0.0038,0.0,0.0,0.0,0.0,0.0,0.0,0.0,0.0,0.0,0.0,0.0055000000000000005,0.0,0.0
1990-05-03,0.0,0.0,0.0051,0.0,0.0,0.0,0.0005,0.0,0.0,0.0,0.0,0.0,0.0,0.0,0.0,0.0,0.0,0.0,0.0,0.0,0.0,0.0,0.0,0.0011,0.0,0.0,0.003,0.0,0.0,0.0
1990-05-04,0.0,0.0,0.0,0.0,0.0,0.0,0.0,0.0,0.0,0.0,0.0,0.0,0.0,0.0,0.0,0.0,0.0,0.0,0.0,0.0,0.0,0.0,0.0,0.0,0.0,0.0,0.0,0.0,0.0,0.0
1990-05-07,0.0,0.0,0.0,0.0,0.0,0.0,0.0,0.0,0.0,0.001,0.0,0.0,0.0,0.0,0.0,0.0032,0.0,0.0028000000000000004,0.0,0.0,0.0,0.0,0.0,0.0,0.0,0.0,0.0,0.0014000000000000002,0.0,0.0
1990-05-08,0.0,0.0,0.0,0.0001,0.0003,0.0033,0.0,0.0,0.0,0.0,0.0007000000000000001,0.0,0.0,0.0,0.0,0.0,0.0024,0.0053,0.0,0.0,0.0,0.0,0.0,0.0,0.0,0.0,0.0,0.0078000000000000005,0.0,0.0005
1990-05-09,0.0,0.0026,0.0006,0.0086,0.0,0.0,0.0,0.0,0.0,0.014199999999999999,0.0,0.0,0.0038,0.0,0.0068000000000000005,0.0029,0.0,0.0,0.0,0.0,0.0,0.0008,0.0,0.0,0.0009,0.0,0.0,0.0,0.0007000000000000001,0.0
1990-05-10,0.0,0.0,0.006500000000000001,0.0086,0.0,0.0,0.0036,0.0,0.0025,0.0021,0.0,0.0,0.0078000000000000005,0.0,0.0,0.0,0.0,0.0,0.0,0.0,0.0,0.0,0.0,0.0004,0.0,0.0,0.0,0.0,0.0,0.0
1990-05-11,0.0,0.0,0.0,0.0,0.0,0.0,0.0,0.0,0.0,0.0,0.0,0.0,0.0,0.0,0.0,0.0,0.004,0.0,0.0,0.0,0.0,0.0,0.0,0.0,0.0,0.0,0.0,0.0,0.0,0.0
1990-05-14,0.0,0.0,0.0,0.0,0.0,0.0,0.0,0.0,0.0,0.0,0.0,0.0,0.0,0.0,0.0,0.0,0.0,0.0141,0.0,0.0,0.0,0.0,0.0,0.0,0.0,0.0,0.0,0.0,0.0,0.0
1990-05-15,0.0033,0.0044,0.0,0.004,0.0,0.0,0.0,0.0014000000000000002,0.001,0.0,0.0,0.0012,0.005,0.0029,0.0,0.0039000000000000003,0.0104,0.0,0.0028000000000000004,0.0015,0.0045000000000000005,0.0016,0.0,0.0002,0.0021,0.0,0.0049,0.0034999999999999996,0.0,0.0002
1990-05-16,0.0,0.0,0.0060999999999999995,0.0,0.0072,0.0031,0.0,0.0,0.0025,0.0115,0.0019,0.0070999999999999995,0.0027,0.0026,0.0,0.0049,0.0072,0.0,0.001,0.0,0.0,0.0,0.0017000000000000001,0.0,0.0001,0.0008,0.0023,0.0059,0.0015,0.0
1990-05-17,0.0001,0.0,0.0008,0.0,0.0084,0.0,0.0033,0.0,0.0,0.0,0.0,0.0,0.0,0.0,0.0,0.0,0.0048,0.0,0.0009,0.0007000000000000001,0.0,0.0,0.0,0.0004,0.0,0.0,0.0,0.0,0.0,0.0
1990-05-18,0.0,0.0,0.011699999999999999,0.0,0.0015,0.0018,0.0,0.0,0.0013,0.0,0.0,0.0,0.0,0.0,0.0096,0.0012,0.0,0.0,0.0007000000000000001,0.0028000000000000004,0.0,0.0,0.0003,0.0,0.0,0.0,0.0,0.0,0.0006,0.0
1990-05-21,0.0,0.0,0.0,0.0,0.0,0.0,0.0,0.0,0.0,0.0053,0.0,0.0,0.0,0.0,0.0,0.0,0.0,0.002,0.0,0.0002,0.0,0.0,0.0,0.0,0.0,0.0,0.0,0.0,0.0,0.0
1990-05-22,0.0,0.0,0.0,0.0,0.0,0.0,0.0106,0.0,0.0012,0.0004,0.0,0.0,0.0001,0.0,0.0018,0.0,0.0,0.0,0.003,0.0033,0.0023,0.0,0.0,0.0,0.0059,0.0,0.0,0.0,0.0,0.0037
1990-05-23,0.0,0.0,0.0,0.0009,0.0,0.0,0.0,0.0,0.0,0.0,0.0,0.006999999999999999,0.0073,0.0011,0.0022,0.0,0.027200000000000002,0.0038,0.0059,0.0026,0.0,0.0,0.0,0.0012,0.0019,0.0,0.0,0.0,0.0,0.0
1990-05-24,0.0,0.0,0.0226,0.0,0.0,0.0,0.0,0.0,0.0,0.0,0.0040999999999999995,0.0053,0.0024,0.0,0.009399999999999999,0.0,0.0,0.0,0.009899999999999999,0.0032,0.0031,0.0,0.0,0.0019,0.0026,0.0,0.0024,0.0,0.0,0.0052
1990-05-25,0.006500000000000001,0.0235,0.0329,0.0002,0.009399999999999999,0.0089,0.0085,0.0051,0.011200000000000002,0.0,0.006,0.0022,0.006500000000000001,0.0161,0.0,0.0098,0.0048,0.0,0.0097,0.004699999999999999,0.0161,0.0146,0.015600000000000001,0.0039000000000000003,0.0053,0.006,0.0075,0.0152,0.0052,0.0070999999999999995
1990-05-29,0.0,0.0,0.0,0.0,0.0,0.0,0.0,0.0,0.0,0.0,0.0,0.0,0.0,0.0,0.0,0.0,0.0,0.0,0.0,0.0,0.0,0.0,0.0,0.0,0.0,0.0,0.0,0.0,0.0,0.0
1990-05-30,0.0017000000000000001,0.0,0.0006,0.0,0.0,0.0,0.0097,0.0,0.0048,0.0,0.0,0.0,0.001,0.0031,0.0059,0.0,0.0066,0.0,0.0,0.0014000000000000002,0.0,0.0,0.0,0.0004,0.0,0.0,0.0,0.0,0.0,0.0
1990-05-31,0.0,0.0,0.0083,0.0,0.0012,0.0,0.0,0.0,0.003,0.0,0.0,0.0,0.0,0.0,0.0085,0.0,0.0,0.0,0.0,0.0025,0.0002,0.0021,0.0044,0.0,0.0,0.0,0.0,0.0,0.0,0.0
1990-06-01,0.0,0.0,0.0,0.0021,0.0,0.0003,0.013000000000000001,0.0,0.0,0.0006,0.0017000000000000001,0.0,0.0,0.0,0.0,0.0,0.0173,0.0,0.0033,0.0,0.0,0.0,0.002,0.0,0.0,0.0,0.0,0.0,0.0,0.0
1990-06-04,0.0,0.0,0.0,0.0033,0.0,0.0,0.0,0.0,0.0,0.0002,0.0,0.0,0.0,0.0,0.0,0.0,0.0148,0.0025,0.0,0.0,0.0,0.0,0.0,0.0,0.0,0.0,0.0,0.0,0.0,0.0
1990-06-05,0.0,0.009899999999999999,0.0015,0.0,0.0,0.0034000000000000002,0.0040999999999999995,0.0014000000000000002,0.0,0.0039000000000000003,0.011200000000000002,0.0,0.005600000000000001,0.005699999999999999,0.009899999999999999,0.0017000000000000001,0.0039000000000000003,0.0102,0.0051,0.0,0.0022,0.0042,0.0044,0.0007000000000000001,0.0,0.0,0.0062,0.006999999999999999,0.0,0.0058
1990-06-06,0.0095,0.009899999999999999,0.0,0.008100000000000001,0.0021,0.0,0.0063,0.0037,0.0,0.0054,0.0084,0.0,0.0004,0.0062,0.0048,0.0031,0.005600000000000001,0.0078000000000000005,0.0127,0.0003,0.0011,0.0,0.0011,0.0034999999999999996,0.0,0.0024,0.0044,0.0054,0.0026,0.0007000000000000001
1990-06-07,0.0,0.0118,0.0012,0.0115,0.0086,0.0,0.0,0.0092,0.004,0.0009,0.008100000000000001,0.0029,0.0034000000000000002,0.0,0.0045000000000000005,0.0089,0.0271,0.0059,0.0034999999999999996,0.0034000000000000002,0.006,0.0055000000000000005,0.0023,0.0034999999999999996,0.0011,0.0039000000000000003,0.0043,0.0,0.0044,0.003
1990-06-08,0.006,0.0128,0.0113,0.0252,0.0152,0.0116,0.0085,0.0139,0.0116,0.0111,0.0060999999999999995,0.0069,0.0070999999999999995,0.0125,0.0124,0.0124,0.0083,0.0,0.0083,0.006500000000000001,0.011899999999999999,0.0078000000000000005,0.011000000000000001,0.0075,0.009000000000000001,0.004699999999999999,0.013500000000000002,0.0128,0.011200000000000002,0.0084
1990-06-11,0.0,0.0,0.0,0.0,0.0,0.0,0.0025,0.0,0.0,0.0,0.0,0.0,0.0,0.0,0.0,0.0,0.0,0.0034999999999999996,0.0,0.0,0.0,0.0,0.0,0.0,0.0,0.0,0.0,0.0,0.0,0.0
1990-06-12,0.0,0.0,0.0,0.0,0.0,0.0,0.0,0.0,0.0,0.0,0.0,0.0,0.0,0.0,0.0,0.0,0.0,0.0,0.0,0.0,0.0,0.0,0.0,0.0,0.0,0.0,0.0,0.0,0.0,0.0
1990-06-13,0.005600000000000001,0.002,0.0103,0.0,0.0023,0.0014000000000000002,0.0,0.0,0.0086,0.0011,0.0022,0.0018,0.005,0.0,0.006500000000000001,0.0,0.0209,0.0008,0.0073,0.002,0.0002,0.0,0.0,0.0,0.005699999999999999,0.0017000000000000001,0.0,0.0,0.006999999999999999,0.0
1990-06-14,0.0039000000000000003,0.005,0.0039000000000000003,0.0053,0.0043,0.0,0.0067,0.0027,0.0026,0.0042,0.0,0.0040999999999999995,0.0029,0.0067,0.0042,0.0,0.027200000000000002,0.006,0.0026,0.0038,0.0151,0.0005,0.0037,0.0,0.0066,0.0,0.0013,0.0089,0.011899999999999999,0.0
1990-06-15,0.0005,0.0019,0.008100000000000001,0.0,0.0,0.0,0.0022,0.0,0.0,0.0083,0.0029,0.0054,0.0,0.0,0.0021,0.0049,0.0,0.0042,0.0,0.002,0.0034000000000000002,0.0,0.0026,0.0,0.0027,0.0,0.0015,0.0062,0.0032,0.0023
1990-06-18,0.0146,0.015,0.024300000000000002,0.0225,0.012199999999999999,0.018000000000000002,0.016200000000000003,0.013000000000000001,0.012,0.018500000000000003,0.0139,0.011899999999999999,0.0151,0.015700000000000002,0.0159,0.0154,0.0,0.004699999999999999,0.014199999999999999,0.0103,0.0155,0.0113,0.0166,0.011899999999999999,0.013000000000000001,0.0155,0.0138,0.0063,0.0159,0.0144
1990-06-19,0.0,0.0,0.0,0.0,0.0,0.0,0.0045000000000000005,0.0,0.0007000000000000001,0.0,0.0,0.0019,0.0,0.0,0.0,0.0,0.0,0.0,0.0,0.0,0.0,0.0004,0.0,0.0,0.0,0.0,0.0,0.0,0.0,0.0
1990-06-20,0.0001,0.0,0.012,0.0019,0.0,0.0002,0.0,0.0,0.0049,0.0078000000000000005,0.0,0.0,0.0,0.0,0.0009,0.0019,0.0,0.008100000000000001,0.0,0.0015,0.0,0.0,0.0012,0.0011,0.0,0.0005,0.0040999999999999995,0.0031,0.004,0.0
1990-06-21,0.0,0.0,0.0,0.0,0.0008,0.0,0.0059,0.0,0.0023,0.0,0.0002,0.0,0.0,0.0,0.0028000000000000004,0.0,0.0017000000000000001,0.006,0.0002,0.0,0.0,0.0,0.0,0.0,0.0,0.0,0.0,0.0009,0.0,0.0006
1990-06-22,0.012,0.0139,0.0,0.0158,0.0034999999999999996,0.0068000000000000005,0.0127,0.008199999999999999,0.0086,0.0046,0.0111,0.0102,0.0079,0.0091,0.0148,0.023399999999999997,0.0169,0.0,0.0129,0.0053,0.0183,0.0049,0.0155,0.0111,0.010700000000000001,0.0048,0.011899999999999999,0.019799999999999998,0.0062,0.0128
1990-06-25,0.013000000000000001,0.0113,0.0,0.0138,0.0124,0.011000000000000001,0.018500000000000003,0.0076,0.0108,0.014199999999999999,0.0079,0.0134,0.0169,0.0054,0.0063,0.0073,0.0,0.0,0.0072,0.0069,0.0095,0.0069,0.003,0.0046,0.0144,0.0097,0.012,0.0033,0.0116,0.0105
1990-06-26,0.0,0.0,0.0,0.0111,0.0024,0.0039000000000000003,0.0,0.0,0.0001,0.0019,0.0006,0.0036,0.0108,0.0096,0.0134,0.0,0.0088,0.004699999999999999,0.0036,0.0,0.0,0.0,0.0039000000000000003,0.003,0.0084,0.0,0.0031,0.0031,0.0011,0.0
1990-06-27,0.0,0.0,0.0023,0.0,0.0,0.0,0.0,0.0,0.0025,0.0,0.0,0.0022,0.0009,0.0,0.0,0.0,0.0,0.0088,0.0,0.0,0.0008,0.0,0.0,0.0,0.0,0.0,0.0,0.0,0.0,0.0
1990-06-28,0.0,0.0,0.0031,0.0,0.0,0.0,0.0,0.0,0.0,0.0,0.0,0.0,0.0,0.0,0.0,0.0,0.0,0.0171,0.0,0.0,0.0,0.0,0.0,0.0,0.0,0.0,0.0,0.0,0.0,0.0
1990-06-29,0.0009,0.0087,0.0,0.0044,0.005,0.0,0.0,0.0023,0.0,0.0,0.0018,0.0,0.0,0.0,0.0,0.0055000000000000005,0.0,0.0,0.0018,0.0,0.0,0.0,0.0,0.0,0.0,0.0,0.0,0.0026,0.0,0.0
1990-07-02,0.0,0.0,0.004,0.004699999999999999,0.0068000000000000005,0.0,0.0,0.0,0.0,0.0,0.0,0.0,0.0016,0.0,0.0,0.0,0.0,0.0,0.0024,0.0009,0.0,0.001,0.0,0.0,0.0013,0.0,0.0,0.0,0.0,0.0
1990-07-03,0.0,0.0,0.0,0.0,0.0,0.0,0.0,0.0,0.0,0.0039000000000000003,0.0,0.0,0.0,0.0,0.0,0.0,0.0,0.0,0.0017000000000000001,0.001,0.0,0.004,0.0053,0.0,0.0004,0.0009,0.0,0.0,0.0016,0.0
1990-07-05,0.012199999999999999,0.0139,0.003,0.0091,0.0087,0.0115,0.011000000000000001,0.006500000000000001,0.0109,0.005699999999999999,0.008199999999999999,0.0034999999999999996,0.0075,0.0121,0.0196,0.0113,0.015,0.0101,0.008100000000000001,0.008100000000000001,0.0161,0.0052,0.0077,0.009899999999999999,0.0108,0.009000000000000001,0.0096,0.0109,0.0108,0.0102
1990-07-06,0.0,0.0,0.0,0.0,0.0002,0.0,0.0,0.0,0.0,0.0,0.0,0.0,0.0,0.0,0.0,0.0,0.0,0.0,0.0,0.0,0.0,0.0,0.0,0.0,0.0,0.0,0.0,0.0,0.0,0.0
1990-07-09,0.0,0.008,0.0,0.0,0.0,0.0,0.0,0.0,0.0036,0.0,0.0,0.0,0.0,0.0,0.0,0.0,0.005699999999999999,0.0044,0.0018,0.0025,0.0015,0.0,0.0,0.0,0.0,0.0,0.0,0.0,0.0,0.0
1990-07-10,0.009899999999999999,0.0060999999999999995,0.0086,0.0125,0.0079,0.0051,0.0058,0.0022,0.0017000000000000001,0.014499999999999999,0.0079,0.0043,0.004,0.0077,0.015300000000000001,0.0076,0.0067,0.006,0.0074,0.0052,0.0139,0.0014000000000000002,0.006999999999999999,0.002,0.0023,0.0027,0.0,0.0072,0.008,0.0052
1990-07-11,0.0,0.0,0.0,0.0,0.0,0.0,0.0,0.0,0.0,0.0,0.0,0.0,0.0,0.0,0.0,0.0,0.0,0.0,0.0,0.0,0.0037,0.0,0.0,0.0,0.0,0.0,0.0,0.0,0.0,0.0
1990-07-12,0.0,0.0,0.0,0.0,0.0,0.0,0.0,0.0,0.0,0.0048,0.0,0.0,0.0,0.0,0.0,0.0,0.0,0.0118,0.0,0.0,0.0,0.005,0.0,0.0,0.0,0.0,0.0,0.0,0.0,0.0
1990-07-13,0.0,0.0,0.0,0.0028000000000000004,0.006999999999999999,0.0032,0.0023,0.0,0.0,0.0,0.0,0.0,0.0,0.0,0.0,0.0004,0.0,0.0,0.0,0.0,0.0,0.0002,0.0,0.0,0.0,0.0,0.0,0.0,0.0,0.0
1990-07-16,0.0,0.0,0.0022,0.0,0.0,0.0,0.0,0.0,0.0,0.0,0.0,0.0005,0.0,0.0026,0.0,0.0,0.0,0.0,0.0,0.0017000000000000001,0.0,0.0,0.0,0.0,0.0,0.0,0.0,0.0,0.0,0.0
1990-07-17,0.0022,0.0,0.0,0.006,0.0005,0.0001,0.0204,0.0025,0.0032,0.0,0.0029,0.0062,0.0,0.0033,0.0019,0.0011,0.0,0.02,0.0002,0.0022,0.0183,0.011200000000000002,0.0096,0.0,0.0044,0.0102,0.012,0.0,0.0,0.0141
1990-07-18,0.008100000000000001,0.0040999999999999995,0.0,0.0139,0.011899999999999999,0.0069,0.0126,0.0087,0.0078000000000000005,0.0060999999999999995,0.0052,0.0060999999999999995,0.0052,0.0051,0.0070999999999999995,0.0113,0.0066,0.0105,0.0078000000000000005,0.0069,0.0091,0.009899999999999999,0.0086,0.0069,0.0141,0.0044,0.0225,0.0075,0.0062,0.019
1990-07-19,0.0,0.0,0.0,0.0,0.0040999999999999995,0.0068000000000000005,0.0063,0.0,0.0,0.0,0.002,0.003,0.003,0.0,0.0,0.0059,0.0,0.0,0.0,0.0,0.0,0.006,0.0070999999999999995,0.0002,0.0,0.0034000000000000002,0.004699999999999999,0.0058,0.005,0.005600000000000001
1990-07-20,0.004699999999999999,0.0106,0.0,0.014199999999999999,0.0108,0.0026,0.011699999999999999,0.0009,0.0066,0.0,0.0002,0.0040999999999999995,0.0088,0.013000000000000001,0.010700000000000001,0.0128,0.008199999999999999,0.0,0.009899999999999999,0.0036,0.0052,0.013300000000000001,0.0276,0.0021,0.0125,0.009000000000000001,0.0084,0.023399999999999997,0.006999999999999999,0.0073
1990-07-23,0.0204,0.0305,0.0139,0.024,0.0165,0.0203,0.0199,0.023,0.0182,0.0218,0.0159,0.019299999999999998,0.0218,0.0191,0.0166,0.0274,0.0,0.039,0.0092,0.0098,0.0149,0.021,0.021,0.0165,0.018600000000000002,0.0226,0.0275,0.052300000000000006,0.0177,0.0219
1990-07-24,0.0,0.0,0.0088,0.011899999999999999,0.0052,0.0,0.0,0.0008,0.0155,0.0038,0.0,0.0,0.0,0.0,0.0095,0.0,0.005600000000000001,0.0019,0.0,0.0,0.005699999999999999,0.005600000000000001,0.0091,0.0,0.0,0.0022,0.0022,0.002,0.0069,0.0012
1990-07-25,0.0,0.0,0.0,0.0021,0.0,0.0005,0.005,0.0,0.0,0.0,0.0,0.0,0.003,0.0,0.0009,0.0,0.0,0.0011,0.0062,0.0,0.0,0.0,0.0,0.0,0.0,0.0,0.0,0.0,0.0,0.0031
1990-07-26,0.011200000000000002,0.0,0.0355,0.0,0.0003,0.0,0.0018,0.0009,0.0,0.0,0.001,0.0,0.0028000000000000004,0.0042,0.01,0.0,0.009899999999999999,0.0,0.0105,0.0,0.0,0.006,0.0076,0.0002,0.001,0.0,0.0039000000000000003,0.005600000000000001,0.0008,0.0
1990-07-27,0.0088,0.011899999999999999,0.0,0.024300000000000002,0.0064,0.0038,0.0101,0.0095,0.0012,0.0024,0.0019,0.0105,0.01,0.012199999999999999,0.0,0.0052,0.0,0.0,0.0,0.0,0.0069,0.008,0.0106,0.0063,0.0063,0.0085,0.0138,0.0173,0.0077,0.0121
1990-07-30,0.0,0.0088,0.0,0.001,0.0033,0.0,0.0027,0.0,0.0,0.0079,0.0,0.0,0.0,0.0,0.0,0.0038,0.0,0.0019,0.0,0.0,0.0,0.0053,0.0,0.0014000000000000002,0.0040999999999999995,0.0023,0.0019,0.0,0.0028000000000000004,0.006500000000000001
1990-07-31,0.0,0.0059,0.0,0.0027,0.0,0.0024,0.0032,0.0,0.0044,0.0115,0.0,0.0,0.0034000000000000002,0.0087,0.0106,0.0079,0.0,0.0,0.0,0.0,0.0,0.0062,0.0013,0.0006,0.012,0.0009,0.0078000000000000005,0.0137,0.0043,0.0021
1990-08-01,0.0009,0.0,0.0,0.0098,0.0,0.0,0.002,0.0,0.0049,0.0,0.0018,0.0009,0.0015,0.0,0.0158,0.018799999999999997,0.0,0.0073,0.0,0.0,0.0,0.0,0.005,0.0,0.0029,0.0067,0.0101,0.006999999999999999,0.013500000000000002,0.0048
1990-08-02,0.0177,0.026699999999999998,0.020099999999999996,0.0313,0.012,0.0225,0.0215,0.0236,0.013300000000000001,0.01,0.0076,0.0149,0.0088,0.018600000000000002,0.0285,0.025099999999999997,0.0,0.0,0.0,0.0062,0.0104,0.018000000000000002,0.0184,0.0169,0.0044,0.01,0.0229,0.0143,0.0152,0.0187
1990-08-03,0.0159,0.008100000000000001,0.0378,0.0259,0.0191,0.0274,0.0356,0.0268,0.0177,0.0278,0.0273,0.0339,0.024,0.0127,0.0138,0.0,0.018799999999999997,0.005,0.009399999999999999,0.0124,0.015300000000000001,0.0313,0.0215,0.0178,0.0352,0.0231,0.013999999999999999,0.0258,0.0169,0.0225
1990-08-06,0.0421,0.0463,0.0364,0.0556,0.0385,0.0395,0.06570000000000001,0.0429,0.0379,0.0368,0.035699999999999996,0.040999999999999995,0.035699999999999996,0.0507,0.0383,0.045700000000000005,0.0045000000000000005,0.0069,0.0,0.0194,0.037599999999999995,0.04650000000000001,0.0377,0.0414,0.0415,0.0319,0.046900000000000004,0.0416,0.030299999999999997,0.0527
1990-08-07,0.0,0.0,0.0,0.0,0.0,0.0,0.0,0.0,0.0,0.0054,0.0,0.0021,0.0096,0.0,0.019799999999999998,0.0,0.0,0.0034999999999999996,0.0067,0.0,0.0,0.0,0.0011,0.0019,0.0016,0.0008,0.005699999999999999,0.0,0.0,0.0
1990-08-08,0.0,0.0,0.0,0.0,0.0,0.0,0.0,0.0,0.0,0.0013,0.0,0.0,0.0,0.0,0.0,0.0,0.0040999999999999995,0.0032,0.02,0.0,0.0,0.0,0.0,0.0,0.0,0.0,0.0,0.0,0.0,0.0
1990-08-09,0.0,0.0,0.0,0.0,0.002,0.0,0.0,0.0,0.0,0.0,0.0,0.0,0.0,0.0,0.0013,0.0,0.0034000000000000002,0.0038,0.0,0.0019,0.0,0.0,0.0,0.0,0.0,0.0,0.0,0.0,0.0,0.0
1990-08-10,0.0134,0.019,0.0126,0.0233,0.011399999999999999,0.016,0.0176,0.013999999999999999,0.0223,0.0236,0.0066,0.0068000000000000005,0.0116,0.022000000000000002,0.0148,0.0175,0.0,0.0,0.0007000000000000001,0.0034999999999999996,0.013500000000000002,0.0108,0.0106,0.0125,0.015600000000000001,0.0108,0.0181,0.0222,0.0089,0.0207
1990-08-13,0.0,0.0,0.0,0.0,0.0,0.0,0.0,0.0,0.0,0.0018,0.0026,0.0,0.0,0.0,0.0026,0.0004,0.0,0.0,0.0,0.0,0.0,0.0,0.0,0.0,0.0,0.0031,0.0,0.0079,0.0,0.0
1990-08-14,0.0,0.0,0.0,0.0052,0.0,0.0,0.0,0.0,0.0045000000000000005,0.0,0.0,0.0,0.0,0.004,0.0,0.0055000000000000005,0.0073,0.0,0.0016,0.0,0.0,0.0,0.0017000000000000001,0.0,0.001,0.0,0.0,0.0,0.0,0.0
1990-08-15,0.0,0.0,0.0,0.0,0.0,0.0,0.0,0.0,0.0,0.0,0.0,0.0,0.0062,0.0068000000000000005,0.0003,0.0011,0.0034999999999999996,0.008,0.0045000000000000005,0.0,0.0,0.0,0.0,0.0,0.002,0.0,0.0005,0.0,0.0,0.0
1990-08-16,0.0282,0.0358,0.0068000000000000005,0.0336,0.023399999999999997,0.021400000000000002,0.0273,0.0294,0.0215,0.0134,0.022799999999999997,0.020099999999999996,0.026699999999999998,0.0203,0.0344,0.0245,0.0,0.013999999999999999,0.0016,0.0106,0.024700000000000003,0.023399999999999997,0.0219,0.021,0.0216,0.0209,0.0278,0.0335,0.0225,0.0366
1990-08-17,0.014499999999999999,0.0287,0.01,0.021400000000000002,0.010700000000000001,0.024700000000000003,0.0204,0.013000000000000001,0.0149,0.0222,0.0189,0.018500000000000003,0.0208,0.0161,0.019299999999999998,0.027200000000000002,0.0087,0.0256,0.0,0.009300000000000001,0.013999999999999999,0.0265,0.024300000000000002,0.012,0.0173,0.018799999999999997,0.0302,0.0171,0.0172,0.023
1990-08-20,0.0046,0.0,0.0021,0.0087,0.0013,0.0033,0.0256,0.0039000000000000003,0.0,0.0131,0.0088,0.0017000000000000001,0.0040999999999999995,0.0021,0.0023,0.0,0.0104,0.0197,0.0,0.0,0.0,0.0195,0.0054,0.0,0.0,0.0044,0.0,0.0019,0.005,0.011899999999999999
1990-08-21,0.0187,0.025699999999999997,0.0062,0.0252,0.015700000000000002,0.0269,0.0382,0.019799999999999998,0.0123,0.025699999999999997,0.0252,0.015,0.0241,0.025699999999999997,0.0292,0.0242,0.0174,0.005699999999999999,0.017,0.011399999999999999,0.0213,0.0213,0.019799999999999998,0.0195,0.0182,0.0178,0.0202,0.020499999999999997,0.0196,0.030899999999999997
1990-08-22,0.0189,0.0395,0.020499999999999997,0.012,0.0203,0.0215,0.0264,0.022000000000000002,0.0196,0.0184,0.0203,0.0146,0.0235,0.024,0.0026,0.0163,0.0,0.0088,0.004,0.0095,0.0231,0.0085,0.0121,0.012,0.016399999999999998,0.009399999999999999,0.0178,0.0148,0.0138,0.0113
1990-08-23,0.0329,0.0395,0.0333,0.042699999999999995,0.0339,0.04019999999999999,0.030899999999999997,0.029900000000000003,0.0374,0.044500000000000005,0.0364,0.0174,0.0321,0.028999999999999998,0.026099999999999998,0.0453,0.0148,0.0274,0.0323,0.026000000000000002,0.0388,0.0362,0.0219,0.0278,0.0363,0.0304,0.0395,0.0451,0.027999999999999997,0.0379
1990-08-24,0.0,0.0,0.0,0.0,0.0,0.0,0.0,0.0,0.0,0.0,0.0,0.0,0.0,0.0,0.0,0.0,0.015700000000000002,0.0219,0.011699999999999999,0.0039000000000000003,0.0,0.0,0.0,0.0,0.0,0.0,0.0,0.0,0.0,0.0
1990-08-27,0.0,0.0,0.0,0.0,0.0,0.0,0.0,0.0,0.0,0.0,0.0,0.0,0.0,0.0,0.0,0.0,0.0493,0.0,0.0,0.0,0.0,0.0,0.0,0.0,0.0,0.0,0.0,0.0,0.0,0.0
1990-08-28,0.0,0.0,0.0,0.0,0.0,0.0,0.0,0.0,0.0,0.0,0.0005,0.001,0.0,0.0092,0.0,0.0004,0.0,0.0039000000000000003,0.0,0.0018,0.0165,0.0,0.0,0.0028000000000000004,0.0044,0.0,0.0002,0.0045000000000000005,0.0019,0.0032
1990-08-29,0.0,0.0,0.0,0.0,0.0,0.0,0.0,0.0,0.0,0.0,0.0,0.0,0.0,0.0003,0.0,0.0,0.0,0.018000000000000002,0.0,0.0,0.0,0.0008,0.0017000000000000001,0.0,0.0,0.0,0.0,0.0,0.0,0.0
1990-08-30,0.0182,0.026699999999999998,0.0,0.0172,0.01,0.0123,0.02,0.0109,0.0177,0.0183,0.0084,0.0004,0.009300000000000001,0.0143,0.0253,0.012,0.022400000000000003,0.035,0.0139,0.0075,0.0158,0.0070999999999999995,0.020499999999999997,0.012,0.0088,0.0078000000000000005,0.0239,0.006999999999999999,0.008199999999999999,0.0109
1990-08-31,0.0,0.0,0.0,0.0,0.0,0.0,0.0,0.0,0.0,0.0003,0.0,0.0,0.0,0.0,0.0,0.0,0.0069,0.0,0.0,0.0,0.0,0.0,0.0,0.0,0.0,0.0,0.0,0.0,0.0,0.0
1990-09-04,0.0,0.0,0.006500000000000001,0.0,0.0,0.0,0.0,0.0,0.0,0.0053,0.0,0.0,0.0,0.011200000000000002,0.011200000000000002,0.0,0.0058,0.005699999999999999,0.0,0.0,0.0028000000000000004,0.0,0.0,0.0003,0.005,0.0022,0.0,0.0,0.0005,0.0
1990-09-05,0.0,0.0,0.0,0.0,0.0,0.0,0.0,0.0,0.0,0.0,0.0,0.0,0.0,0.0115,0.0062,0.0,0.0,0.0,0.0,0.0,0.0,0.0043,0.005,0.0,0.0,0.0,0.0026,0.0058,0.0,0.0
1990-09-06,0.0121,0.0282,0.004699999999999999,0.0166,0.0078000000000000005,0.0152,0.0301,0.0129,0.013300000000000001,0.0208,0.0083,0.0074,0.009300000000000001,0.0053,0.0163,0.015300000000000001,0.008,0.0,0.0,0.0024,0.0144,0.013999999999999999,0.013300000000000001,0.0128,0.0031,0.008100000000000001,0.0209,0.0239,0.006999999999999999,0.0124
1990-09-07,0.0,0.0,0.0,0.0,0.0,0.0,0.0,0.0,0.0,0.002,0.0,0.0,0.0,0.0,0.0,0.0,0.0098,0.0,0.0,0.0,0.0,0.0,0.0,0.0,0.0,0.0,0.0,0.0,0.0,0.0
1990-09-10,0.0006,0.0,0.0,0.0025,0.0,0.0055000000000000005,0.0016,0.0024,0.006999999999999999,0.011200000000000002,0.0006,0.0,0.0037,0.0,0.002,0.0,0.0282,0.0,0.0109,0.0,0.008,0.0031,0.0,0.0,0.0063,0.0,0.0147,0.0084,0.0,0.004699999999999999
1990-09-11,0.0,0.0,0.0,0.0005,0.004,0.0,0.0,0.0,0.0007000000000000001,0.0059,0.0033,0.001,0.0108,0.0,0.0,0.0003,0.0,0.0003,0.0023,0.0016,0.0,0.0018,0.0028000000000000004,0.0023,0.0006,0.0016,0.0039000000000000003,0.0028000000000000004,0.0076,0.009300000000000001
1990-09-12,0.0,0.0,0.0,0.0,0.0,0.0,0.0,0.0,0.0,0.0085,0.0,0.0,0.0003,0.0021,0.0,0.0,0.0029,0.0,0.0,0.0,0.0,0.0,0.0,0.0,0.0019,0.0,0.0032,0.0111,0.0006,0.0103
1990-09-13,0.0105,0.022000000000000002,0.0064,0.019,0.0088,0.013500000000000002,0.0124,0.0138,0.009300000000000001,0.0078000000000000005,0.008100000000000001,0.0152,0.0074,0.0216,0.0105,0.0141,0.0,0.0027,0.006,0.0059,0.0037,0.0095,0.0182,0.009399999999999999,0.0072,0.0108,0.0096,0.021,0.013500000000000002,0.0113
1990-09-14,0.0072,0.0138,0.0,0.014499999999999999,0.0097,0.011399999999999999,0.0118,0.0039000000000000003,0.0083,0.012199999999999999,0.0108,0.0048,0.019299999999999998,0.013500000000000002,0.0109,0.016200000000000003,0.0,0.0,0.0,0.004699999999999999,0.0,0.0069,0.0063,0.0068000000000000005,0.0062,0.0074,0.0032,0.0086,0.0102,0.0146
1990-09-17,0.0,0.0072,0.0,0.0,0.0007000000000000001,0.0,0.013999999999999999,0.0,0.0012,0.0069,0.0,0.0,0.0,0.0063,0.0046,0.0076,0.0,0.0,0.0,0.0,0.0,0.0,0.0,0.0,0.0,0.0016,0.0,0.0126,0.0016,0.0022
1990-09-18,0.0,0.0,0.0,0.0048,0.0026,0.0,0.0,0.0,0.0,0.0111,0.0013,0.0,0.0034000000000000002,0.0060999999999999995,0.0,0.0012,0.0115,0.0,0.0009,0.0,0.0,0.0,0.0,0.0,0.0,0.0,0.0,0.0,0.0077,0.0
1990-09-19,0.0,0.0227,0.0,0.0212,0.012,0.0052,0.0125,0.0139,0.0096,0.006999999999999999,0.0024,0.0,0.0095,0.030600000000000002,0.0078000000000000005,0.0085,0.010700000000000001,0.008,0.0032,0.0,0.002,0.0048,0.0,0.0007000000000000001,0.010700000000000001,0.0028000000000000004,0.0073,0.011200000000000002,0.0064,0.0
1990-09-20,0.0154,0.022400000000000003,0.0235,0.0191,0.0143,0.0177,0.0296,0.0189,0.0121,0.025699999999999997,0.0203,0.023,0.0202,0.0113,0.021400000000000002,0.0118,0.009899999999999999,0.0339,0.0101,0.005699999999999999,0.008199999999999999,0.0219,0.0163,0.0152,0.0137,0.0123,0.0248,0.0226,0.0208,0.025699999999999997
1990-09-21,0.0073,0.0013,0.0060999999999999995,0.0007000000000000001,0.0008,0.0146,0.0197,0.0040999999999999995,0.0058,0.0034000000000000002,0.0088,0.0043,0.0064,0.0,0.002,0.013500000000000002,0.0,0.0,0.0,0.0,0.0,0.0067,0.0091,0.0144,0.0023,0.005699999999999999,0.0,0.0044,0.0105,0.0
1990-09-24,0.024300000000000002,0.0199,0.0215,0.027999999999999997,0.032799999999999996,0.018500000000000003,0.0337,0.021099999999999997,0.0227,0.0291,0.0294,0.0453,0.0245,0.0219,0.022000000000000002,0.0393,0.0,0.004699999999999999,0.0089,0.0108,0.0179,0.0253,0.0254,0.0271,0.031200000000000002,0.018500000000000003,0.026099999999999998,0.023799999999999998,0.0308,0.0233
1990-09-25,0.0,0.0,0.0,0.0,0.0027,0.0,0.0,0.0,0.0,0.005,0.0,0.0036,0.0,0.0,0.0,0.0,0.0,0.0033,0.006999999999999999,0.0,0.0,0.0,0.0,0.0,0.0,0.0,0.0,0.0,0.0,0.0
1990-09-26,0.0070999999999999995,0.0051,0.0,0.0,0.0018,0.015700000000000002,0.0239,0.0086,0.0045000000000000005,0.0273,0.011200000000000002,0.0095,0.018500000000000003,0.0121,0.0106,0.0085,0.0,0.0175,0.0151,0.0023,0.0028000000000000004,0.01,0.013300000000000001,0.009000000000000001,0.0037,0.011399999999999999,0.011200000000000002,0.0163,0.022099999999999998,0.0184
1990-09-27,0.0089,0.0016,0.0009,0.0203,0.0085,0.0062,0.0321,0.0173,0.0029,0.0168,0.019299999999999998,0.0104,0.02,0.0499,0.0124,0.025099999999999997,0.024399999999999998,0.0232,0.015700000000000002,0.0,0.0032,0.0213,0.0183,0.011200000000000002,0.0183,0.0123,0.0131,0.013000000000000001,0.0298,0.0208
1990-09-28,0.0,0.0,0.0,0.0,0.0,0.0,0.0,0.0,0.0,0.0,0.0,0.0,0.0,0.0,0.0084,0.0,0.0,0.0004,0.0053,0.0,0.0,0.0,0.0,0.0,0.0,0.0,0.0,0.0,0.0,0.0
1990-10-01,0.0,0.0,0.0,0.0,0.0,0.0,0.0,0.0,0.0,0.0,0.0,0.0,0.0,0.0,0.0,0.0,0.049,0.0151,0.0031,0.0,0.0,0.0,0.0,0.0,0.0,0.0,0.0,0.0,0.0,0.0
1990-10-02,0.0,0.0034999999999999996,0.0,0.0008,0.0,0.0,0.0086,0.0019,0.0,0.0,0.0,0.0015,0.0,0.0043,0.0,0.0039000000000000003,0.002,0.0197,0.0034000000000000002,0.0,0.0,0.0019,0.0014000000000000002,0.0,0.0,0.0,0.0,0.0,0.0,0.0
1990-10-03,0.0032,0.0105,0.0,0.0013,0.0091,0.0092,0.0199,0.0139,0.0070999999999999995,0.0,0.011699999999999999,0.0113,0.006500000000000001,0.02,0.021,0.0070999999999999995,0.0,0.004699999999999999,0.0,0.0026,0.0166,0.0168,0.0173,0.0054,0.014499999999999999,0.0087,0.0338,0.019799999999999998,0.0161,0.0158
1990-10-04,0.0,0.0,0.0,0.002,0.0004,0.0,0.0095,0.0,0.0,0.0,0.0,0.0,0.021099999999999997,0.0013,0.0017000000000000001,0.0,0.0073,0.011000000000000001,0.0,0.0,0.0,0.0051,0.0095,0.0,0.0059,0.0,0.006,0.0,0.0,0.0178
1990-10-05,0.006500000000000001,0.0024,0.0008,0.005,0.0,0.0021,0.011000000000000001,0.0031,0.0053,0.0015,0.0106,0.0084,0.0161,0.003,0.0,0.0,0.0,0.0026,0.0077,0.0,0.004699999999999999,0.0,0.0,0.0037,0.0023,0.0033,0.0128,0.006999999999999999,0.0109,0.0007000000000000001
1990-10-08,0.0,0.0,0.006,0.0,0.0,0.0,0.0,0.0,0.0,0.0060999999999999995,0.0,0.0037,0.0077,0.0,0.0,0.0,0.0111,0.0,0.0,0.0,0.0,0.0,0.0,0.0,0.0,0.0,0.0,0.001,0.0,0.0
1990-10-09,0.028999999999999998,0.0425,0.0239,0.0335,0.0325,0.0417,0.037200000000000004,0.026000000000000002,0.028999999999999998,0.0177,0.028999999999999998,0.029500000000000002,0.024900000000000002,0.0253,0.04190000000000001,0.0116,0.022000000000000002,0.0,0.013600000000000001,0.012,0.018000000000000002,0.0263,0.0392,0.0259,0.0179,0.0195,0.0296,0.0216,0.0278,0.0255
1990-10-10,0.0087,0.0138,0.0227,0.0124,0.018600000000000002,0.015300000000000001,0.0059,0.0040999999999999995,0.0172,0.0196,0.024700000000000003,0.0364,0.0273,0.0149,0.0064,0.0197,0.011200000000000002,0.010700000000000001,0.0192,0.006,0.0232,0.0178,0.017,0.0151,0.0075,0.013600000000000001,0.0282,0.0152,0.0169,0.0196
1990-10-11,0.0183,0.0088,0.0076,0.0207,0.0202,0.0203,0.0245,0.0179,0.0189,0.0342,0.027000000000000003,0.031400000000000004,0.0086,0.015300000000000001,0.0109,0.0213,0.04,0.027200000000000002,0.02,0.004,0.01,0.0233,0.0182,0.0172,0.0199,0.019,0.016200000000000003,0.0406,0.023399999999999997,0.026600000000000002
1990-10-12,0.0,0.0,0.0,0.0,0.0,0.0,0.0,0.0,0.0,0.0059,0.0,0.0037,0.0,0.0,0.0,0.0,0.0,0.0085,0.0006,0.0,0.0,0.0,0.0,0.0,0.0,0.0,0.0,0.0,0.0,0.0
1990-10-15,0.0,0.0,0.0,0.0,0.0,0.0,0.0,0.0,0.0,0.0012,0.0,0.0021,0.0,0.0,0.0,0.0,0.036699999999999997,0.01,0.0,0.0,0.0,0.0,0.0021,0.0008,0.0,0.0,0.0,0.0,0.0,0.0
1990-10-16,0.005,0.0166,0.0,0.0101,0.0181,0.016,0.0245,0.0088,0.0183,0.0265,0.0139,0.0183,0.0187,0.0391,0.027999999999999997,0.0174,0.0218,0.0212,0.0105,0.0012,0.019799999999999998,0.011699999999999999,0.0066,0.0101,0.014199999999999999,0.012,0.0155,0.0,0.0187,0.0326
1990-10-17,0.0011,0.0132,0.0091,0.005,0.0008,0.0051,0.0118,0.0,0.0009,0.0,0.0040999999999999995,0.0,0.005600000000000001,0.0,0.0068000000000000005,0.0,0.0,0.0068000000000000005,0.0,0.0,0.005699999999999999,0.0,0.0,0.0033,0.0,0.0033,0.0048,0.009300000000000001,0.006500000000000001,0.0006
1990-10-18,0.0,0.0,0.0,0.0,0.0,0.0,0.0,0.0,0.0,0.0,0.0,0.0,0.0,0.0,0.0,0.0,0.0,0.0,0.0002,0.0,0.0,0.0,0.0,0.0,0.0,0.0,0.0,0.0,0.0,0.0
1990-10-19,0.0,0.0,0.0,0.0,0.0,0.0,0.0,0.0,0.0,0.0024,0.0,0.0,0.0,0.0,0.0,0.0,0.0,0.0,0.0,0.0,0.0,0.0,0.0,0.0,0.0,0.0,0.0,0.0,0.0,0.0
1990-10-22,0.0,0.0011,0.0,0.0,0.0,0.0,0.0,0.0,0.0,0.0051,0.0,0.0,0.0027,0.0147,0.0,0.0,0.0022,0.0,0.0053,0.0,0.0,0.0,0.0,0.0,0.0,0.0,0.0,0.0,0.0,0.0
1990-10-23,0.0070999999999999995,0.0055000000000000005,0.0027,0.0,0.0049,0.0073,0.0,0.0059,0.0,0.0033,0.0004,0.0027,0.0,0.0,0.0085,0.016200000000000003,0.0,0.0034000000000000002,0.0121,0.0034000000000000002,0.0084,0.0015,0.006500000000000001,0.0045000000000000005,0.010700000000000001,0.0088,0.0037,0.0060999999999999995,0.002,0.0
1990-10-24,0.0,0.0,0.0,0.015600000000000001,0.005600000000000001,0.0003,0.0021,0.0,0.0,0.0072,0.0,0.0043,0.0,0.0301,0.0,0.0024,0.0022,0.0,0.0,0.0,0.0,0.0,0.0,0.0,0.0052,0.0079,0.0063,0.0131,0.0012,0.004699999999999999
1990-10-25,0.005699999999999999,0.0148,0.0103,0.0,0.0034999999999999996,0.0183,0.0169,0.0064,0.008100000000000001,0.0,0.0019,0.0046,0.017,0.0101,0.0068000000000000005,0.0,0.0,0.0,0.0,0.0021,0.0032,0.008199999999999999,0.0085,0.0007000000000000001,0.016399999999999998,0.0087,0.0146,0.0108,0.0096,0.0088
1990-10-26,0.0197,0.018000000000000002,0.0108,0.0227,0.0129,0.0121,0.0339,0.0189,0.0191,0.0131,0.014499999999999999,0.0126,0.0158,0.0132,0.029500000000000002,0.0253,0.0169,0.0055000000000000005,0.0067,0.0046,0.0113,0.0181,0.0202,0.0132,0.0161,0.011000000000000001,0.0269,0.0196,0.0278,0.0137
1990-10-29,0.0116,0.0181,0.0123,0.012,0.0195,0.0059,0.0183,0.015600000000000001,0.0039000000000000003,0.021,0.013000000000000001,0.0073,0.0076,0.0,0.0066,0.0040999999999999995,0.0055000000000000005,0.0216,0.0,0.0024,0.0078000000000000005,0.0138,0.011699999999999999,0.0042,0.0116,0.0132,0.0128,0.0,0.018600000000000002,0.0085
1990-10-30,0.0,0.0,0.0,0.0039000000000000003,0.0,0.0,0.0,0.0031,0.0,0.0060999999999999995,0.0046,0.0095,0.0031,0.0,0.0226,0.0108,0.0,0.0163,0.0,0.0,0.0,0.0,0.0,0.0,0.0002,0.0,0.0007000000000000001,0.0,0.0,0.0
1990-10-31,0.0060999999999999995,0.0,0.0,0.0027,0.0005,0.0,0.0,0.011399999999999999,0.0009,0.0062,0.0054,0.004699999999999999,0.006999999999999999,0.0063,0.0003,0.0,0.0,0.0,0.0,0.0,0.0,0.0,0.0034000000000000002,0.0053,0.0032,0.0,0.0,0.0086,0.0,0.0036
1990-11-01,0.0,0.0,0.0,0.0,0.0,0.0,0.0,0.0,0.0,0.0,0.0,0.009300000000000001,0.0005,0.0,0.0003,0.0043,0.0,0.0044,0.0,0.0,0.0,0.0,0.0,0.0,0.0,0.0033,0.0,0.0,0.0,0.0
1990-11-02,0.0,0.0,0.0014000000000000002,0.0,0.0,0.0,0.0,0.0,0.0,0.0,0.0,0.0,0.0,0.0,0.0,0.0,0.0116,0.0051,0.0,0.0,0.0,0.0,0.0,0.0,0.0,0.0,0.0,0.0,0.0,0.0
1990-11-05,0.0,0.0,0.0,0.0,0.0,0.0,0.0,0.0,0.0,0.0013,0.0,0.0,0.0,0.0,0.0,0.0,0.0,0.0105,0.0,0.0008,0.0,0.0,0.0,0.0,0.0,0.0,0.0,0.0,0.0,0.0
1990-11-06,0.0055000000000000005,0.015600000000000001,0.0055000000000000005,0.0097,0.0015,0.0043,0.0,0.0083,0.0037,0.0,0.0036,0.012199999999999999,0.0021,0.0108,0.0,0.0069,0.0,0.0091,0.008199999999999999,0.0046,0.008,0.0016,0.0042,0.0051,0.005,0.0,0.009000000000000001,0.0,0.0068000000000000005,0.0347
1990-11-07,0.0148,0.016399999999999998,0.014499999999999999,0.0143,0.0116,0.009899999999999999,0.011399999999999999,0.012199999999999999,0.021099999999999997,0.0073,0.0215,0.0121,0.0125,0.023700000000000002,0.0206,0.013500000000000002,0.005600000000000001,0.0,0.019799999999999998,0.0129,0.0165,0.013000000000000001,0.0179,0.014499999999999999,0.0126,0.013600000000000001,0.0226,0.0046,0.0097,0.032400000000000005
1990-11-08,0.0,0.0,0.0,0.0,0.0,0.0,0.0,0.0,0.0,0.0146,0.0,0.0137,0.0,0.0003,0.0,0.0012,0.0,0.0,0.0,0.0,0.0,0.0,0.0,0.0,0.0036,0.0,0.0,0.0,0.0,0.0
1990-11-09,0.0,0.0,0.0,0.0,0.0,0.0,0.0,0.0,0.0,0.0,0.0,0.0,0.0,0.0,0.0,0.0,0.0009,0.0,0.0,0.0,0.0,0.0,0.0,0.0,0.0,0.0,0.0,0.0,0.0,0.0
1990-11-12,0.0,0.0,0.0025,0.0,0.0,0.0,0.0,0.0,0.0,0.0,0.0,0.0,0.0,0.0,0.0,0.0,0.008,0.0,0.0027,0.0,0.0,0.0,0.0,0.0,0.0,0.0,0.0,0.0,0.0,0.0
1990-11-13,0.009899999999999999,0.0009,0.0137,0.0,0.0,0.0,0.0,0.0007000000000000001,0.0055000000000000005,0.0,0.0073,0.0,0.0040999999999999995,0.0001,0.0,0.0,0.0,0.0,0.0111,0.0086,0.0134,0.0,0.004699999999999999,0.0,0.003,0.0,0.0,0.0134,0.0,0.003
1990-11-14,0.0,0.0,0.0,0.0,0.0,0.0,0.0,0.0,0.0,0.0102,0.0,0.0,0.0,0.0013,0.0,0.0,0.0152,0.0132,0.0031,0.0024,0.0,0.0,0.0,0.0,0.0,0.0,0.0,0.0,0.0,0.0
1990-11-15,0.0097,0.0054,0.0025,0.0,0.0131,0.0101,0.0063,0.0052,0.0076,0.0165,0.009899999999999999,0.0,0.0089,0.0038,0.02,0.0036,0.0022,0.0178,0.0092,0.0058,0.0138,0.006,0.013600000000000001,0.0051,0.0102,0.0046,0.0134,0.01,0.0077,0.009300000000000001
1990-11-16,0.0006,0.0,0.0,0.006,0.0040999999999999995,0.0009,0.0021,0.0,0.0,0.0,0.0021,0.0,0.0033,0.0,0.0129,0.0,0.0051,0.0,0.0,0.0,0.0125,0.0,0.0,0.0,0.0044,0.0,0.0015,0.0,0.0004,0.002
1990-11-19,0.0,0.0,0.0,0.0,0.0,0.0,0.0,0.0,0.0,0.0,0.0,0.0,0.0,0.0,0.0,0.0,0.0,0.0121,0.0,0.0,0.0,0.0,0.0,0.0,0.0,0.0,0.0,0.0,0.0,0.0
1990-11-20,0.0069,0.0128,0.0126,0.0079,0.0088,0.0055000000000000005,0.0171,0.0095,0.0088,0.0026,0.0091,0.0131,0.0098,0.0278,0.015600000000000001,0.053200000000000004,0.0209,0.0129,0.0067,0.0048,0.008,0.0095,0.0149,0.005600000000000001,0.0111,0.0038,0.0049,0.0141,0.0167,0.013600000000000001
1990-11-21,0.0,0.0,0.0007000000000000001,0.0038,0.0,0.0,0.0,0.0,0.0,0.0077,0.0033,0.0,0.0,0.0,0.0051,0.0,0.0032,0.0302,0.0,0.0,0.0,0.0004,0.0,0.0,0.0027,0.0006,0.0025,0.0008,0.0075,0.0024
1990-11-23,0.0016,0.0012,0.0,0.004699999999999999,0.0025,0.0,0.0,0.0001,0.0,0.0,0.0019,0.0,0.0118,0.0012,0.0055000000000000005,0.0008,0.0,0.001,0.0009,0.002,0.005,0.002,0.0069,0.005,0.003,0.0066,0.0036,0.0,0.0013,0.0
1990-11-26,0.0,0.0084,0.0,0.0,0.0,0.0,0.0,0.0,0.0,0.0,0.0051,0.0,0.002,0.0040999999999999995,0.0,0.0109,0.0018,0.0009,0.0,0.0,0.0006,0.0003,0.0,0.0,0.0131,0.0,0.0,0.012,0.0,0.013500000000000002
1990-11-27,0.0,0.0,0.0,0.0,0.0,0.0,0.0,0.0,0.0,0.0,0.0,0.0,0.0,0.0,0.0044,0.0,0.0,0.0,0.0003,0.0,0.0,0.0,0.0,0.0,0.0,0.0,0.0,0.0,0.0,0.0
1990-11-28,0.0,0.0123,0.0,0.0058,0.0,0.0,0.0,0.0,0.0045000000000000005,0.0,0.0,0.0,0.0,0.0084,0.0,0.0106,0.0,0.0,0.0,0.0,0.0,0.0051,0.002,0.0,0.0062,0.0023,0.0,0.0,0.0,0.0
1990-11-29,0.0072,0.0151,0.025099999999999997,0.0017000000000000001,0.0077,0.0072,0.0,0.0,0.0032,0.0032,0.0066,0.0034999999999999996,0.0,0.0,0.0096,0.0075,0.0021,0.0048,0.0043,0.0028000000000000004,0.0013,0.0,0.0013,0.008199999999999999,0.0013,0.005699999999999999,0.0019,0.020099999999999996,0.0068000000000000005,0.0067
1990-11-30,0.0,0.0,0.0,0.0,0.0,0.0,0.0,0.0,0.0,0.0,0.0,0.0,0.0,0.0,0.0,0.0,0.0037,0.0,0.0,0.0,0.0,0.0,0.0,0.0,0.0,0.0,0.0,0.0,0.0,0.0
1990-12-03,0.0,0.0,0.0,0.0,0.0,0.0,0.0,0.0,0.0,0.0,0.0,0.0,0.0,0.0,0.0019,0.0,0.019,0.0,0.006999999999999999,0.0,0.006500000000000001,0.0,0.0,0.0,0.0,0.0,0.0,0.0,0.0,0.0
1990-12-04,0.0,0.0,0.0,0.0,0.0,0.0,0.0,0.0,0.0,0.0,0.006,0.0,0.003,0.0,0.0,0.0,0.0029,0.0006,0.0026,0.0,0.0,0.0,0.0,0.0,0.0,0.0,0.0,0.0,0.0,0.0
1990-12-05,0.0,0.0,0.0033,0.0,0.0,0.0,0.0,0.0,0.0,0.0,0.0,0.0,0.0,0.0,0.0,0.0,0.0223,0.0,0.0032,0.0,0.0,0.0,0.0,0.0,0.0,0.0,0.0,0.0,0.0,0.0
1990-12-06,0.001,0.0004,0.0,0.0,0.0,0.0039000000000000003,0.0,0.001,0.0,0.0,0.0,0.0,0.0,0.0,0.0,0.0,0.0070999999999999995,0.0138,0.0178,0.005,0.002,0.0,0.0095,0.0,0.0,0.0,0.0,0.0,0.0059,0.0
1990-12-07,0.0,0.0026,0.011200000000000002,0.0097,0.0,0.0,0.0,0.0,0.0063,0.0,0.005600000000000001,0.0,0.0037,0.0,0.0079,0.0103,0.0024,0.0,0.0034999999999999996,0.0044,0.0,0.005,0.0,0.0,0.0009,0.0045000000000000005,0.0148,0.0,0.011899999999999999,0.0058
1990-12-10,0.0,0.0,0.0127,0.0070999999999999995,0.0,0.0,0.0,0.0,0.0,0.0,0.0,0.0,0.0,0.0046,0.0,0.004699999999999999,0.0,0.0033,0.0,0.0003,0.0,0.0,0.0,0.0,0.0021,0.0,0.0,0.0017000000000000001,0.0,0.0012
1990-12-11,0.0001,0.0083,0.0,0.013500000000000002,0.0002,0.0,0.0126,0.0015,0.0113,0.0,0.0097,0.0048,0.0084,0.0067,0.0179,0.0,0.006500000000000001,0.0038,0.0054,0.0024,0.0051,0.0077,0.0163,0.0018,0.004699999999999999,0.0,0.009399999999999999,0.0011,0.0073,0.0
1990-12-12,0.0,0.0,0.0,0.0,0.0,0.0,0.0,0.0,0.0,0.0,0.0,0.0,0.0,0.0,0.0129,0.0,0.0,0.006,0.0052,0.0,0.0,0.0,0.0,0.0,0.0,0.0,0.0,0.0,0.0,0.0
1990-12-13,0.0022,0.0011,0.0116,0.0,0.0054,0.0016,0.0,0.0053,0.0,0.0,0.0,0.0,0.0,0.0075,0.016,0.0052,0.0,0.0,0.0,0.0008,0.0,0.0,0.0067,0.0,0.0016,0.0,0.0032,0.0062,0.0029,0.0
1990-12-14,0.0118,0.0169,0.0063,0.0075,0.013000000000000001,0.009300000000000001,0.0091,0.0086,0.0015,0.0029,0.0,0.0105,0.006500000000000001,0.011200000000000002,0.0194,0.0044,0.0046,0.0015,0.0,0.003,0.0085,0.0074,0.0129,0.0034000000000000002,0.013500000000000002,0.010700000000000001,0.0115,0.0173,0.0108,0.0037
1990-12-17,0.0034000000000000002,0.0,0.0079,0.0095,0.0091,0.0026,0.0109,0.004,0.005699999999999999,0.0159,0.0039000000000000003,0.0063,0.014199999999999999,0.0051,0.0,0.0012,0.0,0.0018,0.0,0.0014000000000000002,0.0031,0.0,0.0017000000000000001,0.0,0.0079,0.0064,0.0060999999999999995,0.012,0.0111,0.0098
1990-12-18,0.0,0.0,0.0,0.0,0.0,0.0,0.0,0.0,0.0,0.0,0.0,0.0,0.0,0.0,0.0,0.0,0.0,0.0,0.003,0.0,0.0,0.0,0.0,0.0,0.0,0.0,0.0,0.0,0.0,0.0
1990-12-19,0.0038,0.0063,0.0,0.0113,0.0,0.0004,0.0,0.0019,0.0,0.0,0.0013,0.0,0.0,0.0006,0.0,0.0003,0.0,0.0,0.0052,0.0,0.0003,0.0,0.0,0.0,0.0,0.0,0.0,0.0086,0.0,0.0
1990-12-20,0.0,0.0,0.0,0.0,0.0,0.0,0.0044,0.0027,0.0003,0.0,0.0017000000000000001,0.0,0.0,0.0,0.0078000000000000005,0.0,0.0,0.0,0.0,0.0024,0.0070999999999999995,0.0,0.0,0.0,0.0,0.002,0.0018,0.0,0.0,0.0
1990-12-21,0.0005,0.0,0.0,0.0,0.0,0.0007000000000000001,0.0,0.0,0.005,0.0,0.0,0.0,0.0,0.0,0.0,0.0,0.0108,0.0126,0.0016,0.0,0.0,0.0,0.0,0.0,0.0,0.0,0.0,0.006999999999999999,0.0002,0.0
1990-12-24,0.0036,0.0161,0.0089,0.0073,0.0092,0.0029,0.004,0.0019,0.0062,0.0086,0.0029,0.0045000000000000005,0.0042,0.0031,0.0029,0.0091,0.0,0.0051,0.0,0.0013,0.0076,0.0014000000000000002,0.0048,0.0024,0.004,0.0006,0.005699999999999999,0.0161,0.0034000000000000002,0.005600000000000001
1990-12-26,0.0,0.0033,0.0,0.0,0.0,0.0,0.0,0.0,0.0,0.0005,0.0,0.0,0.0,0.0063,0.0,0.0005,0.0,0.0,0.0,0.0,0.0,0.0008,0.0,0.0,0.0,0.0,0.006999999999999999,0.0038,0.0,0.0
1990-12-27,0.0036,0.0059,0.0,0.0038,0.0063,0.0088,0.0116,0.0039000000000000003,0.0039000000000000003,0.0040999999999999995,0.009899999999999999,0.0069,0.0067,0.005699999999999999,0.0049,0.0037,0.0064,0.012199999999999999,0.005699999999999999,0.0008,0.0092,0.0092,0.006500000000000001,0.0052,0.005600000000000001,0.0048,0.0091,0.0024,0.0089,0.0059
1990-12-28,0.0007000000000000001,0.0,0.0,0.0,0.0,0.0,0.0075,0.0005,0.0,0.0,0.002,0.0,0.0,0.0,0.0,0.0,0.0,0.0,0.0,0.0007000000000000001,0.0014000000000000002,0.0,0.0,0.0,0.0,0.0,0.0011,0.0,0.0040999999999999995,0.0
1990-12-31,0.0,0.0,0.0,0.0001,0.0,0.0,0.0,0.0,0.0,0.0,0.0,0.0,0.0,0.0,0.0018,0.0074,0.0,0.0,0.0,0.0025,0.0,0.0,0.0,0.0,0.0,0.0,0.0,0.0,0.0,0.0
1991-01-02,0.016399999999999998,0.0197,0.0354,0.0,0.0042,0.0097,0.0024,0.0126,0.0109,0.0,0.0131,0.0027,0.0029,0.0139,0.005600000000000001,0.0053,0.0109,0.0087,0.012199999999999999,0.0055000000000000005,0.011399999999999999,0.0052,0.0048,0.015,0.0054,0.0077,0.0021,0.0152,0.0079,0.0068000000000000005
1991-01-03,0.0212,0.029900000000000003,0.034300000000000004,0.0067,0.005,0.0076,0.0123,0.026699999999999998,0.0161,0.0132,0.0155,0.0137,0.0189,0.0179,0.0102,0.0083,0.0023,0.017,0.0116,0.0033,0.010700000000000001,0.014199999999999999,0.0026,0.011399999999999999,0.0044,0.009399999999999999,0.008199999999999999,0.0067,0.0087,0.0109
1991-01-04,0.0058,0.0,0.0138,0.0,0.0,0.0027,0.0,0.0109,0.0,0.0091,0.0,0.009399999999999999,0.0236,0.006999999999999999,0.0045000000000000005,0.0,0.0175,0.0,0.0012,0.0008,0.0031,0.0006,0.0011,0.0,0.0,0.0074,0.0028000000000000004,0.001,0.0,0.0
1991-01-07,0.0194,0.0194,0.0155,0.0317,0.013300000000000001,0.0171,0.022000000000000002,0.0232,0.016200000000000003,0.013000000000000001,0.0181,0.0113,0.0178,0.0147,0.0286,0.026600000000000002,0.0,0.0044,0.0064,0.0098,0.0196,0.0204,0.0149,0.014499999999999999,0.015300000000000001,0.0195,0.019799999999999998,0.0259,0.021099999999999997,0.0217
1991-01-08,0.0,0.001,0.0,0.0115,0.0084,0.0,0.0,0.0,0.0062,0.0,0.0051,0.0,0.0003,0.0,0.0,0.0208,0.0139,0.0091,0.0,0.0,0.0036,0.0087,0.0063,0.0087,0.0022,0.0024,0.0022,0.0,0.0088,0.0154
1991-01-09,0.008100000000000001,0.0116,0.0173,0.006,0.006,0.0137,0.0049,0.009399999999999999,0.0173,0.0,0.004699999999999999,0.0084,0.0077,0.0027,0.0126,0.0194,0.015700000000000002,0.0,0.012199999999999999,0.0070999999999999995,0.0088,0.0,0.012199999999999999,0.013600000000000001,0.008199999999999999,0.009300000000000001,0.0104,0.0044,0.005,0.0125
1991-01-10,0.0,0.0,0.0,0.0,0.0,0.0,0.0,0.0,0.0,0.0028000000000000004,0.0,0.0,0.0,0.0,0.0,0.0,0.0075,0.0,0.0,0.0,0.0,0.0,0.0,0.0,0.0,0.0,0.0,0.0,0.0,0.0
1991-01-11,0.0,0.0,0.0053,0.0008,0.0,0.002,0.0034000000000000002,0.0,0.0,0.0011,0.0,0.0,0.009399999999999999,0.0,0.0,0.0,0.0,0.0012,0.0073,0.0029,0.0,0.0,0.0,0.0,0.0049,0.0,0.0,0.0091,0.0,0.0
1991-01-14,0.0111,0.0028000000000000004,0.0246,0.0182,0.0131,0.0108,0.018500000000000003,0.0108,0.0098,0.0132,0.0132,0.0032,0.0025,0.0032,0.0173,0.0166,0.0,0.0102,0.0,0.0118,0.0137,0.013999999999999999,0.013500000000000002,0.0075,0.0066,0.0137,0.0132,0.0132,0.0131,0.0069
1991-01-15,0.0,0.0021,0.0,0.0023,0.0,0.0018,0.0,0.0,0.0015,0.0,0.0,0.0,0.0,0.0,0.0,0.0,0.0058,0.0034000000000000002,0.0,0.0011,0.0,0.0,0.0,0.0007000000000000001,0.0,0.0022,0.0,0.0,0.0004,0.0
1991-01-16,0.0,0.0,0.0,0.0,0.0,0.0,0.0,0.0,0.0,0.0,0.0,0.0,0.0,0.0,0.0,0.0,0.0096,0.0,0.0022,0.0,0.0,0.0,0.0,0.0,0.0,0.0,0.0,0.0,0.0,0.0
1991-01-17,0.0,0.0,0.0,0.0,0.0,0.0,0.0,0.0,0.0,0.0,0.0,0.0,0.0,0.0,0.0,0.0,0.0683,0.0,0.0,0.0,0.0,0.0,0.0,0.0,0.0,0.0,0.0,0.0,0.0,0.0
1991-01-18,0.0,0.0,0.0,0.0,0.0,0.0,0.0,0.0,0.0,0.0,0.0,0.0,0.0005,0.0,0.0,0.0,0.0,0.0137,0.0,0.0,0.0,0.0,0.0,0.0,0.0,0.0,0.0,0.0,0.0,0.0
1991-01-21,0.0025,0.0108,0.002,0.0086,0.0025,0.005,0.0,0.0,0.0036,0.0097,0.005699999999999999,0.0063,0.0,0.008100000000000001,0.0102,0.0,0.0,0.0204,0.0126,0.0013,0.0,0.0,0.0,0.0037,0.006500000000000001,0.0004,0.0048,0.0087,0.0,0.0
1991-01-22,0.0,0.0006,0.013300000000000001,0.0217,0.0011,0.009300000000000001,0.0012,0.0045000000000000005,0.0088,0.0007000000000000001,0.0,0.019,0.0019,0.0111,0.008199999999999999,0.022799999999999997,0.0,0.0377,0.0,0.0022,0.0301,0.002,0.008,0.0015,0.0097,0.0016,0.0138,0.0022,0.0,0.0025
1991-01-23,0.0,0.0,0.0,0.0,0.0,0.0,0.0,0.0,0.0,0.0,0.0,0.0,0.0,0.0,0.0,0.0,0.0177,0.0,0.0,0.0,0.0207,0.0,0.0,0.0058,0.0,0.0,0.0,0.0022,0.0,0.0
1991-01-24,0.0,0.0,0.0,0.0045000000000000005,0.0,0.0,0.0,0.0,0.0,0.0,0.0,0.001,0.0,0.0,0.0,0.0,0.0196,0.0,0.0,0.0,0.0,0.0,0.0,0.0,0.0,0.0,0.0,0.0,0.0,0.0
1991-01-25,0.0,0.0208,0.0,0.0,0.0,0.0,0.0,0.0004,0.0,0.0,0.0,0.0,0.0,0.0,0.0106,0.0,0.0040999999999999995,0.0,0.0,0.0024,0.0,0.0,0.0,0.0,0.0,0.0034000000000000002,0.0,0.0,0.0,0.0
1991-01-28,0.0,0.011399999999999999,0.0,0.0,0.0,0.0111,0.0,0.0001,0.0,0.0,0.0,0.0,0.0,0.0,0.0,0.0168,0.0,0.005,0.0039000000000000003,0.0005,0.0,0.0,0.0,0.0016,0.0001,0.0,0.0,0.0058,0.0001,0.0
1991-01-29,0.0013,0.0,0.0002,0.0,0.0077,0.006500000000000001,0.0,0.0,0.0,0.0,0.0055000000000000005,0.0,0.0,0.0002,0.0,0.0,0.0,0.0132,0.0070999999999999995,0.0013,0.0,0.0,0.0,0.0011,0.0,0.0,0.0,0.023399999999999997,0.0,0.0
1991-01-30,0.0,0.0,0.0014000000000000002,0.0,0.0,0.0,0.0,0.0,0.0,0.0,0.0,0.0,0.0,0.0,0.0,0.0,0.0128,0.0,0.0,0.0015,0.0,0.0,0.0,0.0,0.0,0.0,0.0,0.0,0.0,0.0
1991-01-31,0.0,0.0001,0.0,0.0,0.0,0.0,0.0,0.0,0.0,0.0,0.0,0.0,0.0,0.0,0.0,0.0,0.0,0.0,0.0,0.0,0.0,0.0,0.0,0.0,0.0,0.0,0.0,0.0,0.0,0.0
1991-02-01,0.0,0.0197,0.0,0.0,0.0018,0.0,0.0,0.0029,0.0097,0.0,0.0,0.0,0.002,0.003,0.0,0.0,0.0,0.012,0.0115,0.0025,0.005699999999999999,0.0,0.0,0.0042,0.0023,0.0004,0.0,0.0,0.0,0.0
1991-02-04,0.0,0.0,0.0,0.0,0.0,0.0,0.0,0.0,0.0,0.0,0.0,0.0,0.0,0.0,0.0,0.0,0.0146,0.0,0.0,0.0,0.0,0.0,0.0,0.0,0.0,0.0,0.0,0.0,0.0,0.0
1991-02-05,0.0,0.0,0.0,0.0,0.0,0.0,0.0,0.0,0.0,0.0,0.0,0.0,0.0,0.0,0.0046,0.0,0.0,0.0,0.0,0.0,0.0,0.0,0.0,0.0,0.0,0.0,0.0,0.0,0.0,0.0
1991-02-06,0.0,0.0,0.0,0.0,0.0,0.0,0.0,0.0,0.0,0.0,0.0,0.0,0.0,0.0,0.0,0.0,0.0,0.0,0.0,0.0,0.0,0.0,0.0,0.0,0.0,0.0,0.0,0.0,0.0,0.0
1991-02-07,0.0013,0.0274,0.0,0.0,0.0,0.0074,0.0,0.012,0.0076,0.0031,0.0039000000000000003,0.0095,0.0111,0.026000000000000002,0.0,0.008199999999999999,0.0,0.0,0.0,0.0,0.0,0.0147,0.0127,0.0086,0.009899999999999999,0.0,0.0001,0.0111,0.006500000000000001,0.0097
1991-02-08,0.0,0.0,0.0027,0.0029,0.0,0.0,0.0,0.0,0.0,0.0,0.0,0.0,0.0,0.0,0.0,0.0,0.002,0.0104,0.0031,0.0,0.0,0.0,0.0,0.0,0.0,0.0011,0.001,0.0,0.0,0.0
1991-02-11,0.0,0.0,0.0,0.0,0.0,0.0,0.0,0.0,0.0,0.0,0.0,0.0,0.0,0.0,0.0,0.0,0.0046,0.0018,0.0,0.0,0.0,0.0,0.0,0.0,0.0,0.0,0.0,0.0,0.0,0.0
1991-02-12,0.010700000000000001,0.0179,0.0096,0.0,0.0029,0.0049,0.0034000000000000002,0.0089,0.0,0.0,0.0032,0.0037,0.0,0.0,0.024900000000000002,0.0248,0.0,0.0,0.0103,0.0012,0.0124,0.0024,0.0053,0.0024,0.0087,0.0005,0.0103,0.0,0.0,0.0068000000000000005
1991-02-13,0.0,0.0,0.0,0.0,0.0,0.0,0.0002,0.0,0.0,0.0,0.0,0.0,0.0,0.0,0.0,0.009300000000000001,0.0019,0.0216,0.0,0.0,0.0,0.0,0.0,0.0,0.0,0.0,0.0,0.0,0.0,0.0027
1991-02-14,0.0069,0.0,0.0121,0.0144,0.0248,0.0202,0.0339,0.0059,0.0209,0.011899999999999999,0.008,0.0179,0.0097,0.0115,0.0128,0.003,0.0,0.0,0.0181,0.0068000000000000005,0.0134,0.0209,0.0102,0.0087,0.0116,0.0076,0.0141,0.009399999999999999,0.0121,0.0125
1991-02-15,0.0,0.0,0.0,0.0,0.0,0.0,0.0,0.0,0.0,0.0,0.0,0.0,0.0,0.0,0.0,0.0,0.0242,0.024300000000000002,0.006999999999999999,0.0,0.0,0.0,0.0,0.0,0.0,0.0,0.0,0.0,0.0,0.0
1991-02-19,0.0,0.0024,0.0,0.0043,0.0,0.0023,0.0,0.0,0.0006,0.0125,0.0028000000000000004,0.0011,0.0022,0.0,0.0034000000000000002,0.0023,0.0029,0.0,0.0026,0.0,0.0009,0.0048,0.0,0.0008,0.001,0.0,0.0,0.0,0.0077,0.0075
1991-02-20,0.0098,0.0143,0.0,0.0086,0.0069,0.012199999999999999,0.0,0.0102,0.0134,0.0054,0.008199999999999999,0.0095,0.0118,0.0131,0.0292,0.0175,0.004,0.001,0.0,0.0049,0.016200000000000003,0.0088,0.006999999999999999,0.0085,0.0054,0.0088,0.0172,0.0084,0.0158,0.0159
1991-02-21,0.0,0.0,0.0,0.0,0.0027,0.006500000000000001,0.0,0.0,0.0,0.0,0.0,0.0023,0.0051,0.0015,0.0,0.0045000000000000005,0.0045000000000000005,0.0009,0.0036,0.0,0.0051,0.0098,0.0072,0.0053,0.0,0.0,0.001,0.0,0.0,0.0079
1991-02-22,0.0,0.0,0.0,0.0,0.006,0.0,0.0,0.0,0.0070999999999999995,0.0006,0.0,0.0,0.0,0.0,0.0022,0.0,0.0241,0.0017000000000000001,0.0049,0.0,0.0036,0.0,0.0011,0.0084,0.0,0.0034000000000000002,0.0,0.016399999999999998,0.0,0.004
1991-02-25,0.0,0.0,0.0,0.0,0.0,0.0,0.0,0.0,0.0,0.0,0.0,0.0040999999999999995,0.0,0.0,0.0002,0.0069,0.0,0.0,0.0,0.0,0.0,0.0,0.0,0.0072,0.0,0.0,0.0,0.0,0.0002,0.0
1991-02-26,0.013600000000000001,0.0126,0.0245,0.016399999999999998,0.0121,0.0078000000000000005,0.014199999999999999,0.013300000000000001,0.0078000000000000005,0.0087,0.023,0.0069,0.0102,0.015600000000000001,0.0068000000000000005,0.015600000000000001,0.0,0.0012,0.0,0.008,0.0077,0.011200000000000002,0.0189,0.01,0.0109,0.0123,0.0163,0.011000000000000001,0.0118,0.0088
1991-02-27,0.0002,0.0,0.009399999999999999,0.0,0.0,0.008199999999999999,0.0,0.0,0.0,0.0,0.0,0.0,0.0,0.0,0.0,0.0,0.0,0.0,0.0,0.0,0.0,0.0,0.0,0.0,0.0,0.0,0.0,0.0,0.0,0.0
1991-02-28,0.0,0.0163,0.0086,0.0,0.0072,0.0,0.0,0.0068000000000000005,0.0017000000000000001,0.0,0.0,0.0,0.0,0.0059,0.0,0.0,0.0,0.0,0.0011,0.0,0.003,0.0003,0.0058,0.0,0.0,0.0,0.0049,0.0,0.0,0.0
1991-03-01,0.0,0.0,0.0,0.0,0.0,0.0,0.0,0.0,0.0,0.0,0.0,0.0,0.0,0.0,0.0,0.0,0.0,0.0027,0.0,0.0,0.0,0.0,0.0,0.0,0.0,0.0,0.0,0.0,0.0,0.0
1991-03-04,0.0016,0.021099999999999997,0.0098,0.008199999999999999,0.0,0.0,0.0083,0.0,0.0,0.0,0.0053,0.0,0.0,0.0073,0.0,0.0,0.0,0.001,0.008199999999999999,0.0043,0.0043,0.0,0.0,0.0,0.0021,0.0,0.0,0.0,0.0,0.0046
1991-03-05,0.0,0.0,0.0,0.0,0.0,0.0,0.0,0.0,0.0,0.0,0.0,0.0,0.0,0.0,0.0,0.0,0.0031,0.004,0.0,0.0,0.0,0.0,0.0,0.0,0.0,0.0,0.0,0.0,0.0,0.0
1991-03-06,0.0024,0.0199,0.0,0.0,0.0005,0.0,0.0,0.0,0.0,0.0003,0.0,0.0,0.0026,0.0077,0.002,0.0,0.0,0.0,0.0,0.0079,0.0015,0.0046,0.0,0.0,0.0154,0.0,0.002,0.0,0.0015,0.0036
1991-03-07,0.0009,0.0,0.0079,0.0,0.0022,0.0011,0.0,0.0,0.0067,0.0,0.0,0.0055000000000000005,0.0,0.0046,0.0032,0.0034000000000000002,0.0059,0.0088,0.0,0.0018,0.0055000000000000005,0.0024,0.0,0.0027,0.0070999999999999995,0.0,0.0,0.0,0.0034000000000000002,0.0
1991-03-08,0.0017000000000000001,0.0017000000000000001,0.0075,0.0002,0.0019,0.0,0.0,0.0,0.0102,0.009000000000000001,0.0005,0.0008,0.0054,0.0189,0.0042,0.010700000000000001,0.0,0.0045000000000000005,0.0,0.0046,0.0037,0.0033,0.0048,0.0,0.0098,0.0004,0.0045000000000000005,0.004,0.0031,0.0
1991-03-11,0.0013,0.0,0.0,0.0152,0.0003,0.0128,0.005,0.004699999999999999,0.006999999999999999,0.0126,0.01,0.0088,0.0045000000000000005,0.0,0.0038,0.0128,0.0129,0.0,0.0063,0.0,0.0024,0.0196,0.0207,0.0074,0.0078000000000000005,0.0032,0.0068000000000000005,0.024700000000000003,0.0032,0.0084
1991-03-12,0.008,0.014199999999999999,0.0,0.0166,0.009300000000000001,0.0053,0.0182,0.0187,0.0070999999999999995,0.0199,0.018500000000000003,0.0055000000000000005,0.0168,0.0052,0.0074,0.0067,0.0062,0.0003,0.0,0.0,0.0076,0.0168,0.0155,0.0052,0.0078000000000000005,0.013999999999999999,0.0104,0.0,0.0070999999999999995,0.0149
1991-03-13,0.0,0.0,0.0,0.0,0.0003,0.0,0.0,0.0,0.0,0.0,0.0,0.0,0.0,0.0,0.0,0.0,0.0,0.008100000000000001,0.0,0.0,0.0,0.0,0.0,0.0,0.0,0.0,0.0,0.0,0.0,0.0
1991-03-14,0.0049,0.0,0.0039000000000000003,0.0062,0.0,0.0,0.0,0.0,0.005,0.0,0.0,0.0025,0.0,0.009000000000000001,0.0,0.0007000000000000001,0.014499999999999999,0.0037,0.0069,0.0024,0.0022,0.0096,0.006,0.0,0.0068000000000000005,0.0,0.0072,0.0,0.0016,0.0077
1991-03-15,0.0003,0.0,0.0032,0.002,0.0001,0.0033,0.0139,0.0027,0.0042,0.0097,0.0102,0.0143,0.013999999999999999,0.0,0.0,0.0032,0.0075,0.0,0.0,0.0,0.0,0.0085,0.0105,0.0021,0.0045000000000000005,0.0060999999999999995,0.0,0.0087,0.0046,0.0
1991-03-18,0.0,0.0,0.0121,0.0009,0.0083,0.0,0.0074,0.0101,0.019299999999999998,0.0,0.0019,0.0037,0.0048,0.0,0.005600000000000001,0.0027,0.0161,0.0218,0.0116,0.0006,0.0,0.0,0.0,0.0069,0.0019,0.0021,0.0037,0.0,0.002,0.0
1991-03-19,0.0018,0.0132,0.024,0.012,0.008199999999999999,0.0219,0.012,0.019,0.013000000000000001,0.0124,0.0077,0.013500000000000002,0.0109,0.0172,0.021,0.014199999999999999,0.0015,0.009000000000000001,0.0,0.0027,0.0109,0.0076,0.0462,0.015,0.0111,0.0125,0.0101,0.0059,0.0109,0.0131
1991-03-20,0.0,0.0,0.0,0.0,0.0,0.0037,0.0,0.0,0.0,0.0,0.0077,0.0077,0.0019,0.0066,0.0217,0.0,0.0124,0.0,0.0,0.0,0.0,0.0,0.0016,0.0054,0.0,0.0,0.0,0.0,0.0,0.032799999999999996
1991-03-21,0.0,0.0012,0.0,0.0178,0.0063,0.0,0.0037,0.0,0.003,0.0138,0.0069,0.0034000000000000002,0.0095,0.0083,0.0069,0.0027,0.0009,0.0,0.0,0.0,0.0,0.0086,0.012,0.0066,0.0019,0.0026,0.0015,0.0167,0.0013,0.0092
1991-03-22,0.0,0.0115,0.0,0.0001,0.0,0.0029,0.0,0.0,0.001,0.0028000000000000004,0.0,0.0,0.0067,0.0,0.0,0.0,0.0018,0.0018,0.0,0.0,0.003,0.0,0.001,0.0014000000000000002,0.005600000000000001,0.0,0.0,0.0,0.0,0.0001
1991-03-25,0.01,0.008199999999999999,0.023700000000000002,0.0131,0.0,0.0007000000000000001,0.0,0.0,0.0,0.0,0.0,0.0,0.0,0.0,0.0,0.0001,0.014499999999999999,0.0,0.0,0.0,0.0,0.0,0.0,0.0,0.0,0.0,0.0,0.0,0.0,0.0
1991-03-26,0.0,0.0,0.0074,0.0,0.0,0.0,0.0,0.0,0.0,0.0,0.0,0.0,0.0,0.0,0.0,0.0,0.008100000000000001,0.0197,0.0001,0.0,0.0,0.0,0.0,0.0,0.0,0.0,0.0,0.0,0.0,0.0
1991-03-27,0.0,0.0,0.0,0.0,0.0009,0.0,0.0,0.0028000000000000004,0.0,0.0024,0.0,0.0014000000000000002,0.0,0.008199999999999999,0.0154,0.0,0.0,0.0022,0.013999999999999999,0.0042,0.0031,0.0,0.0,0.0,0.0,0.0,0.0,0.0,0.0,0.0
1991-03-28,0.0005,0.0,0.0016,0.0,0.0,0.0,0.0,0.0040999999999999995,0.0,0.0,0.0,0.0,0.0006,0.0,0.0108,0.0031,0.0,0.0108,0.0053,0.0,0.0,0.0003,0.0014000000000000002,0.0,0.0013,0.0,0.0040999999999999995,0.0,0.0,0.0002
1991-04-01,0.0128,0.0006,0.0072,0.006,0.0083,0.005699999999999999,0.010700000000000001,0.0077,0.0115,0.0,0.0048,0.010700000000000001,0.0131,0.0,0.017,0.0042,0.0,0.0,0.0109,0.0077,0.0089,0.0029,0.012199999999999999,0.0075,0.005600000000000001,0.0036,0.0036,0.013000000000000001,0.0076,0.014499999999999999
1991-04-02,0.0,0.0,0.0,0.0,0.0,0.0,0.0,0.0,0.0,0.0,0.0,0.0,0.0,0.0,0.0,0.0,0.0,0.0039000000000000003,0.0,0.0,0.0,0.0,0.0,0.0,0.0,0.0,0.0,0.0,0.0,0.0
1991-04-03,0.0029,0.019799999999999998,0.0233,0.0,0.0,0.0040999999999999995,0.0,0.0,0.0,0.0,0.0015,0.005600000000000001,0.0016,0.005600000000000001,0.0049,0.0,0.0,0.0,0.01,0.0,0.0001,0.0,0.0,0.0,0.001,0.0,0.0,0.0015,0.0,0.0
1991-04-04,0.0,0.0028000000000000004,0.0051,0.0002,0.0,0.0,0.0,0.0,0.0003,0.0048,0.0,0.0051,0.0004,0.0,0.0108,0.0,0.0048,0.0001,0.006,0.0,0.0,0.0,0.0,0.0001,0.0,0.0,0.0,0.0,0.0,0.0
1991-04-05,0.011200000000000002,0.0216,0.005699999999999999,0.0045000000000000005,0.0025,0.0089,0.013500000000000002,0.0104,0.0138,0.0058,0.0016,0.008199999999999999,0.0095,0.011200000000000002,0.0125,0.0048,0.0055000000000000005,0.0,0.0051,0.0045000000000000005,0.0106,0.0126,0.013600000000000001,0.0076,0.006,0.0029,0.0151,0.0043,0.0072,0.0123
1991-04-08,0.0,0.0111,0.0,0.0,0.0,0.0,0.0,0.0,0.0,0.0,0.0,0.0,0.0,0.0,0.0,0.0021,0.0,0.013999999999999999,0.0,0.0,0.0,0.0,0.0,0.0,0.0,0.0,0.0,0.0046,0.0,0.0
1991-04-09,0.0127,0.0149,0.0,0.0126,0.015300000000000001,0.0158,0.013999999999999999,0.0132,0.0123,0.0,0.0218,0.0072,0.0128,0.005600000000000001,0.0052,0.0209,0.0,0.0076,0.0062,0.005,0.0083,0.011200000000000002,0.0106,0.0108,0.008199999999999999,0.0051,0.0155,0.0202,0.009899999999999999,0.0139
1991-04-10,0.0016,0.0,0.0121,0.0051,0.0051,0.0048,0.0028000000000000004,0.0073,0.0021,0.0068000000000000005,0.0087,0.0062,0.0008,0.0,0.0024,0.0025,0.004699999999999999,0.0,0.0,0.0,0.005600000000000001,0.0042,0.0,0.0033,0.0,0.0009,0.0,0.0064,0.0064,0.0
1991-04-11,0.0,0.0,0.0091,0.0,0.0,0.0,0.0,0.0,0.0,0.0,0.0,0.0,0.0,0.0,0.0,0.0,0.0131,0.0,0.0,0.0,0.0,0.0,0.0,0.0,0.0,0.0,0.0,0.0,0.0,0.0024
1991-04-12,0.0,0.0,0.0,0.0,0.0,0.0,0.0,0.0,0.0,0.0,0.0,0.0,0.0,0.0,0.0077,0.0,0.0078000000000000005,0.0104,0.0,0.0,0.0,0.002,0.0,0.0,0.0,0.0,0.0,0.0,0.0,0.0
1991-04-15,0.0,0.0,0.0,0.0,0.0014000000000000002,0.0,0.0024,0.0,0.0,0.0087,0.0,0.0,0.0033,0.0,0.0,0.0069,0.004,0.0016,0.0,0.0,0.0,0.0,0.0134,0.0053,0.0069,0.0,0.0005,0.0053,0.0,0.0
1991-04-16,0.0,0.0,0.0,0.0,0.0,0.0,0.0,0.0,0.0,0.0313,0.0,0.0,0.0,0.0,0.0,0.0,0.0026,0.0,0.0,0.0,0.0,0.0,0.0,0.0,0.0,0.0,0.0,0.0,0.0,0.0
1991-04-17,0.0003,0.0,0.0,0.0,0.0,0.0,0.0,0.0,0.0,0.0,0.0,0.0,0.0,0.0,0.0,0.0,0.0,0.0,0.0,0.0,0.0,0.0,0.0,0.0,0.0,0.0,0.0,0.0,0.0,0.0
1991-04-18,0.011399999999999999,0.0169,0.0184,0.0,0.0011,0.0055000000000000005,0.0044,0.0103,0.0,0.0,0.0048,0.0,0.0,0.0023,0.0,0.0,0.018799999999999997,0.0079,0.0038,0.0096,0.0067,0.0066,0.0024,0.0,0.0,0.0,0.0062,0.0064,0.005699999999999999,0.0052
1991-04-19,0.0144,0.012,0.030899999999999997,0.0143,0.0,0.006999999999999999,0.0176,0.0183,0.0062,0.0086,0.0077,0.0019,0.0045000000000000005,0.0091,0.0078000000000000005,0.0064,0.010700000000000001,0.011399999999999999,0.0029,0.0089,0.0059,0.0138,0.0088,0.009000000000000001,0.0044,0.0149,0.0148,0.0115,0.0127,0.008199999999999999
1991-04-22,0.009399999999999999,0.0,0.0008,0.0113,0.0096,0.013600000000000001,0.0011,0.013600000000000001,0.0155,0.016399999999999998,0.0152,0.008100000000000001,0.0126,0.013300000000000001,0.0325,0.0,0.0,0.0064,0.0048,0.0053,0.0068000000000000005,0.0154,0.0086,0.0097,0.009899999999999999,0.0147,0.0088,0.0,0.0108,0.0004
1991-04-23,0.001,0.0019,0.0,0.0,0.0,0.0,0.0,0.001,0.0,0.0,0.0085,0.0,0.0011,0.0,0.0,0.0,0.0007000000000000001,0.0,0.0,0.0,0.0003,0.0,0.0,0.0,0.0,0.0,0.0033,0.0,0.0,0.0011
1991-04-24,0.0,0.0028000000000000004,0.0033,0.0053,0.0,0.004,0.0,0.006,0.0,0.0,0.0,0.0,0.0017000000000000001,0.0064,0.0,0.0042,0.0049,0.0,0.0,0.0,0.0,0.0,0.0,0.0,0.0,0.0,0.0,0.0,0.0,0.0
1991-04-25,0.0078000000000000005,0.009399999999999999,0.009899999999999999,0.014199999999999999,0.009899999999999999,0.0088,0.0092,0.0,0.0058,0.005,0.0018,0.0151,0.008,0.0115,0.0194,0.0038,0.0124,0.009000000000000001,0.0158,0.0044,0.0045000000000000005,0.0049,0.0118,0.0072,0.0034999999999999996,0.006500000000000001,0.0143,0.0089,0.0073,0.0073
1991-04-26,0.0,0.0022,0.0,0.003,0.0,0.0,0.0111,0.0001,0.001,0.0029,0.0051,0.006,0.0115,0.0,0.0026,0.008199999999999999,0.0,0.0121,0.0007000000000000001,0.0,0.0,0.0070999999999999995,0.005699999999999999,0.0,0.0054,0.0001,0.004,0.005600000000000001,0.002,0.0018
1991-04-29,0.0109,0.0375,0.0067,0.0053,0.0092,0.013500000000000002,0.016,0.0163,0.0023,0.0011,0.0096,0.0062,0.015600000000000001,0.0232,0.0344,0.004699999999999999,0.009399999999999999,0.0139,0.0089,0.0042,0.012199999999999999,0.0159,0.018000000000000002,0.009300000000000001,0.0124,0.0123,0.0165,0.015,0.011899999999999999,0.0070999999999999995
1991-04-30,0.001,0.0,0.0158,0.003,0.0015,0.0,0.0086,0.0027,0.0,0.0018,0.0,0.0005,0.0013,0.0,0.0,0.0,0.0,0.0,0.0,0.0,0.0,0.0019,0.0148,0.0,0.0001,0.0,0.0012,0.008199999999999999,0.0003,0.0
1991-05-01,0.0,0.0,0.0,0.0,0.0,0.0016,0.0,0.0,0.0,0.0,0.0,0.0,0.0,0.0,0.0,0.0023,0.004699999999999999,0.0,0.0,0.0,0.0,0.0,0.004,0.0,0.0,0.0,0.0,0.0,0.0,0.0
1991-05-02,0.0011,0.0043,0.0,0.0,0.0,0.0,0.0,0.0,0.0,0.0,0.0,0.0,0.0,0.0,0.0048,0.0,0.0,0.0095,0.0044,0.0015,0.006,0.0,0.0,0.0,0.0,0.0,0.0,0.0,0.0,0.0
1991-05-03,0.0,0.0013,0.0032,0.0,0.0,0.0,0.0,0.0,0.0,0.009899999999999999,0.0052,0.0039000000000000003,0.0,0.0,0.0,0.0,0.0161,0.0129,0.0,0.0008,0.0013,0.0,0.006999999999999999,0.0,0.0,0.0,0.0,0.0077,0.0053,0.0
1991-05-06,0.0054,0.0009,0.0,0.0,0.0,0.0028000000000000004,0.0038,0.0,0.001,0.0025,0.0069,0.0009,0.002,0.0,0.0137,0.0,0.0,0.0278,0.0023,0.0013,0.0054,0.0006,0.0,0.0,0.0,0.0,0.002,0.0019,0.0014000000000000002,0.0076
1991-05-07,0.008100000000000001,0.0089,0.0070999999999999995,0.008199999999999999,0.0036,0.009000000000000001,0.0,0.0011,0.0131,0.0051,0.0038,0.0058,0.006500000000000001,0.0,0.0146,0.003,0.0002,0.0052,0.0043,0.0018,0.0115,0.0040999999999999995,0.009000000000000001,0.006500000000000001,0.0034999999999999996,0.0023,0.004,0.0,0.0032,0.0024
1991-05-08,0.0015,0.0,0.0,0.0012,0.0,0.0,0.011899999999999999,0.002,0.0,0.0017000000000000001,0.0,0.0,0.0,0.0016,0.0,0.0,0.0008,0.0,0.0,0.0,0.0036,0.0,0.0,0.0,0.0,0.0,0.0011,0.0,0.0007000000000000001,0.0
1991-05-09,0.0,0.0,0.0,0.0,0.0,0.0,0.0,0.0,0.0,0.0,0.0,0.0,0.0,0.0,0.0,0.0,0.0,0.0,0.0,0.0,0.0,0.0,0.0,0.0,0.0,0.0,0.0,0.0,0.0,0.0
1991-05-10,0.0166,0.019799999999999998,0.0279,0.0187,0.005699999999999999,0.009000000000000001,0.0083,0.0155,0.0179,0.0079,0.011399999999999999,0.0039000000000000003,0.013600000000000001,0.026099999999999998,0.0108,0.011899999999999999,0.0137,0.0178,0.0252,0.0104,0.0213,0.0154,0.015700000000000002,0.0092,0.011899999999999999,0.0152,0.0232,0.0096,0.0143,0.0163
1991-05-13,0.0,0.0,0.0055000000000000005,0.0,0.0,0.0013,0.0121,0.0,0.0,0.0,0.0,0.0103,0.0,0.0,0.0015,0.0,0.0,0.0163,0.0055000000000000005,0.0,0.0,0.0012,0.0,0.0,0.0024,0.0051,0.0,0.0021,0.005,0.0003
1991-05-14,0.013300000000000001,0.0128,0.021,0.0076,0.0138,0.009399999999999999,0.0172,0.0143,0.0043,0.0068000000000000005,0.0148,0.0158,0.0144,0.009300000000000001,0.0175,0.0113,0.0095,0.020099999999999996,0.021400000000000002,0.0069,0.0118,0.0118,0.008,0.0106,0.015600000000000001,0.0088,0.0149,0.0118,0.010700000000000001,0.011000000000000001
1991-05-15,0.0097,0.0095,0.0044,0.0158,0.013300000000000001,0.0049,0.0341,0.014499999999999999,0.008199999999999999,0.016399999999999998,0.0105,0.0129,0.0084,0.0016,0.0016,0.0128,0.0,0.0,0.0017000000000000001,0.0007000000000000001,0.005,0.025,0.0362,0.0102,0.0125,0.0079,0.0087,0.0176,0.0072,0.0073
1991-05-16,0.0,0.0,0.0,0.0,0.0,0.0,0.0,0.0,0.0,0.0036,0.0,0.0,0.0,0.0,0.0,0.0,0.0147,0.0,0.0,0.0,0.0,0.0,0.0,0.0,0.0,0.0,0.0,0.0,0.0,0.0
1991-05-17,0.001,0.0,0.0031,0.0,0.0025,0.0,0.016,0.0,0.004699999999999999,0.0,0.0,0.0086,0.0,0.0,0.0038,0.0034000000000000002,0.0059,0.0,0.0,0.0,0.0,0.0002,0.0036,0.0,0.0,0.0,0.0,0.0,0.0,0.0
1991-05-20,0.0016,0.0,0.002,0.0,0.0064,0.0,0.0179,0.0,0.0,0.0067,0.0076,0.0017000000000000001,0.006,0.0,0.0015,0.0,0.0,0.0063,0.0004,0.0,0.0055000000000000005,0.0066,0.0060999999999999995,0.001,0.0063,0.0,0.0003,0.0,0.0,0.0046
1991-05-21,0.0,0.0,0.0,0.0,0.0,0.0,0.0,0.0,0.0,0.0,0.0,0.0,0.0,0.0,0.0,0.0,0.0,0.0104,0.0,0.0,0.0,0.0,0.0018,0.0,0.0,0.0,0.0,0.0,0.0,0.0
1991-05-22,0.0,0.0,0.0111,0.0031,0.008,0.0,0.0,0.0,0.0,0.0,0.0,0.0,0.0015,0.0123,0.0,0.0,0.0128,0.012199999999999999,0.0042,0.0017000000000000001,0.0043,0.0,0.0,0.0028000000000000004,0.0,0.0011,0.0,0.0131,0.0,0.001
1991-05-23,0.0,0.0161,0.0,0.0,0.0,0.0058,0.0,0.0012,0.004,0.0,0.0046,0.0087,0.008,0.0,0.0,0.0103,0.0126,0.0060999999999999995,0.0042,0.0038,0.008100000000000001,0.0,0.0,0.005600000000000001,0.0,0.0,0.0026,0.009300000000000001,0.0,0.0
1991-05-24,0.0,0.0,0.0,0.0,0.0,0.0,0.0,0.0,0.0,0.0,0.0,0.0,0.0,0.0,0.0,0.0,0.0,0.0,0.0,0.0,0.0,0.0,0.0,0.0,0.0,0.0,0.0,0.0,0.0,0.0
1991-05-28,0.0,0.0,0.0,0.0,0.0,0.0,0.0,0.0,0.0,0.0,0.0,0.0,0.0,0.0,0.0,0.0,0.0,0.0,0.0,0.0,0.0,0.0,0.0,0.0,0.0,0.0,0.0,0.0,0.0,0.0
1991-05-29,0.0033,0.0,0.0007000000000000001,0.008100000000000001,0.0,0.0,0.0028000000000000004,0.0022,0.0,0.0,0.0,0.0,0.0,0.0,0.0,0.0,0.0078000000000000005,0.0,0.0002,0.0007000000000000001,0.0,0.0,0.0,0.0,0.0,0.0,0.0004,0.0,0.0,0.0
1991-05-30,0.0,0.0,0.0,0.0,0.0,0.0,0.0,0.0042,0.0,0.0,0.0,0.0,0.0,0.0,0.0,0.0,0.0,0.0011,0.0,0.0,0.0,0.0,0.0,0.0,0.0,0.0,0.0,0.0,0.0,0.0
1991-05-31,0.0002,0.0051,0.0,0.0,0.0,0.0,0.0,0.0131,0.0,0.0,0.0,0.0,0.0,0.0,0.0,0.0,0.0034999999999999996,0.0,0.0,0.0016,0.0,0.0,0.0,0.0,0.0,0.0,0.0,0.0008,0.0,0.0
1991-06-03,0.014199999999999999,0.015300000000000001,0.016,0.0,0.0033,0.0052,0.0,0.0173,0.0,0.0,0.0,0.0,0.0,0.0,0.0005,0.0,0.0,0.0,0.0,0.003,0.0095,0.0,0.0,0.0005,0.0,0.0,0.0059,0.0034000000000000002,0.0023,0.002
1991-06-04,0.0,0.0037,0.0126,0.0,0.0034999999999999996,0.0034000000000000002,0.0,0.0,0.0026,0.0024,0.0,0.0029,0.0068000000000000005,0.0096,0.0039000000000000003,0.0,0.0,0.0072,0.003,0.0016,0.0048,0.0,0.0044,0.0016,0.0,0.0027,0.0051,0.0024,0.0,0.0
1991-06-05,0.0042,0.012199999999999999,0.0189,0.0,0.0124,0.0060999999999999995,0.0,0.0006,0.0009,0.0023,0.0019,0.001,0.009300000000000001,0.0127,0.009300000000000001,0.0068000000000000005,0.0,0.0,0.006500000000000001,0.0042,0.009899999999999999,0.0062,0.012199999999999999,0.0066,0.003,0.0,0.0067,0.009300000000000001,0.0017000000000000001,0.0032
1991-06-06,0.0044,0.0009,0.0073,0.0002,0.0139,0.0059,0.006,0.0096,0.0055000000000000005,0.0067,0.0045000000000000005,0.0053,0.0075,0.0060999999999999995,0.0,0.0129,0.0,0.0,0.0,0.0016,0.0034000000000000002,0.0048,0.0067,0.0051,0.0028000000000000004,0.0063,0.0036,0.0075,0.0016,0.0046
1991-06-07,0.009300000000000001,0.0066,0.0046,0.0091,0.0174,0.0059,0.017,0.009300000000000001,0.0079,0.0040999999999999995,0.0033,0.0144,0.0066,0.0137,0.0108,0.0049,0.0109,0.0004,0.0101,0.0049,0.0074,0.012,0.0126,0.0075,0.0087,0.011699999999999999,0.0113,0.005600000000000001,0.009000000000000001,0.0127
1991-06-10,0.0016,0.0,0.0,0.0,0.0055000000000000005,0.0014000000000000002,0.0066,0.0042,0.0036,0.0023,0.009899999999999999,0.0079,0.0034999999999999996,0.0,0.0045000000000000005,0.0044,0.0,0.0018,0.0,0.0,0.0,0.006500000000000001,0.0052,0.0022,0.0018,0.0,0.0006,0.0155,0.0060999999999999995,0.0046
1991-06-11,0.0,0.0,0.0,0.0,0.0,0.0,0.0,0.0,0.0,0.0,0.0,0.0054,0.0,0.0,0.0,0.0,0.0019,0.0,0.0,0.0,0.0,0.0,0.0013,0.0,0.0,0.0,0.0,0.0,0.0,0.004
1991-06-12,0.0077,0.013000000000000001,0.0042,0.012,0.011000000000000001,0.0084,0.0149,0.006500000000000001,0.011899999999999999,0.015,0.0177,0.0102,0.0121,0.013600000000000001,0.009300000000000001,0.005,0.0059,0.0154,0.015700000000000002,0.0067,0.009899999999999999,0.009000000000000001,0.014199999999999999,0.0098,0.012,0.006999999999999999,0.013300000000000001,0.0103,0.0129,0.011200000000000002
1991-06-13,0.0,0.0,0.0,0.0001,0.0,0.0,0.0,0.0011,0.0,0.009000000000000001,0.0,0.0006,0.0018,0.0,0.0024,0.0,0.0044,0.0059,0.0,0.0,0.0,0.0,0.0034999999999999996,0.0,0.0,0.0,0.0,0.0,0.0,0.0
1991-06-14,0.0,0.0,0.0,0.0,0.0,0.0,0.0,0.0,0.0,0.0,0.0,0.0,0.0,0.0,0.0,0.0,0.0064,0.0,0.0,0.0,0.0,0.0,0.0,0.0,0.0,0.0,0.0,0.008100000000000001,0.0,0.0
1991-06-17,0.0039000000000000003,0.0026,0.0072,0.005600000000000001,0.0,0.0005,0.0072,0.0059,0.0015,0.0,0.0,0.0,0.0048,0.01,0.004699999999999999,0.0051,0.0,0.0,0.0095,0.0034000000000000002,0.0051,0.0003,0.0055000000000000005,0.0,0.0040999999999999995,0.0,0.0045000000000000005,0.0072,0.0038,0.0028000000000000004
1991-06-18,0.0043,0.0146,0.0032,0.005600000000000001,0.0066,0.0095,0.0,0.006999999999999999,0.0034000000000000002,0.0,0.0052,0.0,0.0060999999999999995,0.0012,0.0014000000000000002,0.0,0.0,0.0,0.0067,0.0040999999999999995,0.0029,0.0074,0.0013,0.0,0.0062,0.0,0.0060999999999999995,0.0052,0.0015,0.0
1991-06-19,0.0069,0.0087,0.0024,0.0116,0.012199999999999999,0.017,0.01,0.0087,0.0068000000000000005,0.0043,0.0097,0.0077,0.0111,0.0070999999999999995,0.0097,0.0124,0.0015,0.0031,0.0116,0.0127,0.0106,0.0195,0.0064,0.0067,0.0126,0.003,0.0086,0.0062,0.008,0.0073
1991-06-20,0.0022,0.0,0.0103,0.0,0.0,0.0029,0.0028000000000000004,0.0,0.0,0.0,0.0012,0.0079,0.0046,0.0009,0.0,0.0,0.0045000000000000005,0.0023,0.0,0.0,0.0012,0.0058,0.008,0.0018,0.009899999999999999,0.0007000000000000001,0.0,0.006500000000000001,0.0,0.019299999999999998
1991-06-21,0.0,0.0,0.0,0.0001,0.0,0.0,0.0,0.0,0.0,0.0,0.0,0.0,0.0,0.0,0.0,0.0131,0.0048,0.0,0.0,0.0,0.0,0.0,0.0,0.0,0.0,0.0003,0.0,0.0,0.0,0.0
1991-06-24,0.0098,0.0085,0.0003,0.015,0.018000000000000002,0.0179,0.0175,0.0171,0.0279,0.0184,0.0269,0.0124,0.0213,0.0177,0.04,0.0161,0.0204,0.0085,0.008199999999999999,0.005699999999999999,0.0124,0.0245,0.0225,0.0191,0.0239,0.0183,0.0264,0.0158,0.0155,0.023700000000000002
1991-06-25,0.0062,0.013600000000000001,0.0011,0.0,0.0,0.009300000000000001,0.0022,0.0,0.0043,0.0005,0.0121,0.0143,0.0007000000000000001,0.0023,0.0,0.0003,0.0,0.0078000000000000005,0.0022,0.0,0.0,0.005600000000000001,0.0,0.0067,0.008,0.0068000000000000005,0.0028000000000000004,0.0051,0.010700000000000001,0.0
1991-06-26,0.0,0.0,0.0,0.0033,0.0,0.0,0.0,0.0022,0.0011,0.0067,0.0039000000000000003,0.0064,0.0009,0.001,0.0089,0.0004,0.0,0.0,0.0,0.0,0.0,0.0,0.0,0.0,0.0015,0.002,0.0,0.0032,0.0007000000000000001,0.0045000000000000005
1991-06-27,0.0,0.0034000000000000002,0.0,0.0018,0.0,0.0,0.0,0.0,0.0,0.0,0.0,0.0,0.0,0.0,0.0,0.0,0.0033,0.0037,0.0,0.0,0.0,0.0,0.0021,0.0,0.0,0.0,0.0,0.0,0.0,0.0
1991-06-28,0.009300000000000001,0.0032,0.0034000000000000002,0.0,0.013000000000000001,0.0054,0.0070999999999999995,0.0113,0.0062,0.0,0.0042,0.0043,0.0131,0.009300000000000001,0.0131,0.0027,0.0,0.0005,0.01,0.0045000000000000005,0.0032,0.0028000000000000004,0.0054,0.0121,0.0023,0.0,0.0089,0.0074,0.0027,0.0028000000000000004
1991-07-01,0.0,0.0,0.0,0.0,0.0,0.0,0.0,0.0,0.0,0.0,0.0,0.0,0.0,0.0,0.0,0.0,0.0,0.0,0.0,0.0,0.0,0.0,0.0,0.0,0.0,0.0,0.0,0.0,0.0,0.0
1991-07-02,0.0,0.0,0.0001,0.0,0.0,0.0025,0.0,0.0,0.0,0.0,0.0002,0.0,0.011699999999999999,0.0,0.0,0.0,0.0019,0.004699999999999999,0.012199999999999999,0.0,0.0019,0.0097,0.0033,0.0016,0.0,0.0,0.0004,0.0003,0.0032,0.0004
1991-07-03,0.0045000000000000005,0.0095,0.0138,0.0062,0.006,0.0101,0.0089,0.0089,0.0084,0.0,0.0147,0.0069,0.0173,0.0134,0.011899999999999999,0.011899999999999999,0.0,0.0029,0.0176,0.0066,0.006,0.0163,0.0109,0.0077,0.0,0.0063,0.01,0.0127,0.011399999999999999,0.0059
1991-07-05,0.0,0.0008,0.0,0.0,0.0,0.0,0.0,0.0,0.0,0.0072,0.0,0.0,0.0,0.0013,0.0,0.0044,0.0013,0.0,0.0,0.0,0.0031,0.0042,0.0,0.0,0.0,0.0,0.0,0.0,0.0,0.0
1991-07-08,0.0,0.0,0.0,0.0,0.0,0.0,0.0,0.0,0.0,0.0,0.0,0.0,0.0012,0.0,0.0,0.0027,0.0,0.0017000000000000001,0.0,0.0,0.0,0.0,0.0,0.0,0.0,0.0,0.0,0.0,0.0,0.0
1991-07-09,0.005,0.0063,0.0,0.0,0.0,0.0038,0.0,0.0022,0.0012,0.0,0.0006,0.0026,0.0051,0.001,0.0072,0.0,0.0033,0.0075,0.0102,0.002,0.0026,0.0,0.0,0.0021,0.0034000000000000002,0.0,0.0025,0.0,0.0,0.0
1991-07-10,0.0,0.0178,0.0,0.0,0.0027,0.0003,0.0,0.0,0.0036,0.0,0.0036,0.0,0.0012,0.0029,0.008199999999999999,0.0,0.0039000000000000003,0.005600000000000001,0.0006,0.0013,0.0,0.0049,0.0,0.0048,0.0008,0.0,0.0,0.0,0.0,0.0
1991-07-11,0.0004,0.0,0.0,0.0,0.0,0.0,0.0,0.0,0.0,0.0004,0.0,0.0,0.0009,0.0,0.0,0.0,0.025699999999999997,0.0,0.0,0.0,0.0,0.0,0.0043,0.0,0.0,0.0,0.0,0.0,0.0,0.0044
1991-07-12,0.0,0.0,0.0,0.0,0.0021,0.0,0.0,0.0,0.0,0.0,0.0,0.0,0.0,0.0,0.0,0.0,0.0,0.013600000000000001,0.0,0.0,0.0,0.0,0.0,0.0,0.0,0.0,0.0,0.0,0.0,0.0203
1991-07-15,0.0,0.0,0.0,0.0,0.0005,0.0,0.0,0.0,0.0005,0.0,0.0,0.0,0.0,0.0,0.013000000000000001,0.0004,0.0,0.0,0.0,0.0,0.0019,0.0,0.0,0.0,0.0009,0.0,0.0,0.0,0.0,0.0
1991-07-16,0.0063,0.0,0.0033,0.0012,0.0,0.0,0.0055000000000000005,0.0027,0.0022,0.0078000000000000005,0.0,0.0005,0.0,0.0165,0.0,0.0,0.0070999999999999995,0.0,0.0,0.0018,0.0104,0.0096,0.011399999999999999,0.0007000000000000001,0.001,0.0045000000000000005,0.0043,0.0008,0.0,0.0
1991-07-17,0.0104,0.0043,0.0169,0.005,0.0024,0.0,0.0,0.0002,0.0038,0.0,0.0,0.0070999999999999995,0.0,0.0239,0.0,0.0,0.0,0.0036,0.0,0.0,0.0018,0.0016,0.0034999999999999996,0.0009,0.0022,0.0,0.0045000000000000005,0.0,0.0013,0.0
1991-07-18,0.0,0.0,0.0,0.0,0.0,0.0,0.0,0.0,0.0,0.0,0.0,0.0,0.0,0.0,0.0,0.0,0.02,0.0,0.0,0.0,0.0,0.0,0.0,0.0,0.0,0.0,0.0,0.0,0.0,0.0
1991-07-19,0.006500000000000001,0.0105,0.0,0.0036,0.0067,0.0008,0.0,0.0031,0.0042,0.0,0.002,0.0015,0.0019,0.0,0.0021,0.0125,0.0,0.0,0.0012,0.0029,0.0037,0.0027,0.0,0.0037,0.0,0.0013,0.0003,0.0,0.0028000000000000004,0.0072
1991-07-22,0.0034000000000000002,0.0108,0.0046,0.0032,0.0018,0.0052,0.03,0.003,0.0,0.0,0.0006,0.0003,0.0,0.0052,0.0026,0.012,0.0215,0.0009,0.0039000000000000003,0.0,0.0027,0.0039000000000000003,0.0022,0.0,0.0018,0.0004,0.009300000000000001,0.0040999999999999995,0.0059,0.002
1991-07-23,0.006,0.0049,0.0053,0.011699999999999999,0.006999999999999999,0.0126,0.0003,0.0098,0.005,0.0088,0.0102,0.0018,0.0062,0.013300000000000001,0.015700000000000002,0.0008,0.0,0.0052,0.0161,0.0016,0.0038,0.0127,0.0149,0.0167,0.008,0.0045000000000000005,0.011399999999999999,0.023,0.0062,0.0111
1991-07-24,0.0,0.0,0.012199999999999999,0.009000000000000001,0.0036,0.0012,0.0079,0.0,0.0,0.0088,0.0095,0.0089,0.009899999999999999,0.0116,0.0104,0.0001,0.016200000000000003,0.0,0.0017000000000000001,0.0,0.0,0.006500000000000001,0.0043,0.0189,0.0066,0.0,0.0049,0.0037,0.004,0.0064
1991-07-25,0.0,0.0,0.0,0.0059,0.0,0.0,0.0,0.0,0.0,0.0,0.0027,0.0017000000000000001,0.0,0.0,0.0,0.0,0.006,0.0,0.0,0.0,0.0,0.0,0.0,0.0,0.0,0.0,0.0,0.0,0.0,0.0
1991-07-26,0.0012,0.0059,0.0,0.0008,0.0044,0.0046,0.0042,0.0,0.0012,0.0,0.0,0.0034000000000000002,0.005,0.0,0.0077,0.0,0.0,0.0015,0.0044,0.0,0.0,0.0,0.0009,0.0,0.0016,0.0002,0.0,0.0044,0.0005,0.0022
1991-07-29,0.0,0.0,0.0,0.0005,0.0012,0.0,0.0,0.0,0.0,0.0,0.0,0.0069,0.0,0.0,0.0066,0.0,0.0055000000000000005,0.0069,0.0,0.0,0.0,0.0,0.0,0.0,0.0,0.0,0.0,0.0023,0.0,0.0
1991-07-30,0.0,0.0,0.0,0.0,0.0,0.0,0.0,0.0,0.0,0.0,0.0,0.0,0.0,0.0,0.0,0.0,0.006999999999999999,0.0032,0.0,0.0,0.0,0.0,0.0,0.0,0.0,0.0,0.0,0.0,0.0,0.0
1991-07-31,0.0,0.0,0.0,0.0,0.0,0.0,0.0,0.0,0.0,0.0,0.0,0.0,0.0,0.0,0.0,0.0008,0.0060999999999999995,0.0171,0.0,0.0033,0.0,0.0,0.0,0.0,0.0,0.0,0.0,0.0016,0.0,0.0
1991-08-01,0.0,0.0,0.0,0.0,0.0,0.003,0.0017000000000000001,0.0,0.0034000000000000002,0.0033,0.0,0.0059,0.004,0.0043,0.0075,0.012199999999999999,0.0008,0.0,0.0,0.0042,0.0076,0.0026,0.0,0.0088,0.0,0.0013,0.0019,0.0118,0.0,0.0060999999999999995
1991-08-02,0.0,0.0,0.0033,0.0,0.005600000000000001,0.0,0.0,0.0,0.0018,0.0,0.0002,0.0033,0.0034999999999999996,0.0051,0.0008,0.0,0.0161,0.005600000000000001,0.0052,0.0,0.0,0.0,0.0009,0.0,0.0025,0.0,0.0,0.0063,0.0003,0.0
1991-08-05,0.0003,0.0018,0.009300000000000001,0.0076,0.0037,0.0,0.0064,0.0060999999999999995,0.011000000000000001,0.0085,0.010700000000000001,0.0092,0.0068000000000000005,0.011000000000000001,0.0067,0.0103,0.0102,0.0,0.0039000000000000003,0.0,0.0076,0.0051,0.0054,0.0055000000000000005,0.003,0.0045000000000000005,0.0075,0.0060999999999999995,0.0042,0.0052
1991-08-06,0.0,0.0,0.0,0.0,0.0,0.0,0.0,0.0,0.0,0.015,0.0,0.0,0.0,0.0,0.0,0.0,0.0007000000000000001,0.0044,0.0,0.0,0.0,0.0,0.0,0.0,0.0,0.0,0.0,0.0,0.0,0.0
1991-08-07,0.0,0.0,0.0,0.0025,0.0,0.0,0.0,0.0,0.0,0.004,0.0,0.0,0.0,0.0,0.0,0.0,0.0,0.0052,0.0021,0.0,0.0032,0.0,0.0076,0.0045000000000000005,0.0,0.002,0.0,0.0,0.0,0.0
1991-08-08,0.0046,0.0032,0.0021,0.0015,0.0,0.0079,0.0,0.0038,0.0,0.0079,0.004699999999999999,0.0143,0.0,0.0,0.0131,0.0,0.0,0.0128,0.0092,0.0,0.0005,0.0,0.0034000000000000002,0.0009,0.0016,0.0024,0.0,0.0,0.0,0.0040999999999999995
1991-08-09,0.002,0.0059,0.0051,0.002,0.001,0.0016,0.0058,0.0043,0.0103,0.0,0.0104,0.0,0.013999999999999999,0.0015,0.0233,0.0059,0.0016,0.0,0.0074,0.0016,0.0034000000000000002,0.0,0.0043,0.0018,0.0054,0.0064,0.0017000000000000001,0.005600000000000001,0.0017000000000000001,0.0033
1991-08-12,0.0023,0.0,0.0,0.0,0.0023,0.0,0.0,0.0,0.0,0.0066,0.0048,0.0052,0.005600000000000001,0.0038,0.004,0.0,0.01,0.0,0.0028000000000000004,0.0,0.0,0.0,0.0,0.0034999999999999996,0.0015,0.008,0.0,0.006999999999999999,0.0,0.0036
1991-08-13,0.0,0.0,0.0,0.0,0.006,0.0,0.0,0.0,0.0068000000000000005,0.0,0.0,0.0,0.0,0.001,0.0,0.0,0.0053,0.0025,0.0007000000000000001,0.0,0.0017000000000000001,0.0,0.0,0.0007000000000000001,0.0026,0.0,0.0,0.0,0.0,0.0
1991-08-14,0.0,0.0,0.0,0.0,0.0,0.0003,0.0,0.0,0.0019,0.0063,0.0,0.0068000000000000005,0.0,0.0034999999999999996,0.0052,0.0,0.0,0.0,0.0043,0.0,0.0,0.0,0.0,0.0,0.005,0.0045000000000000005,0.0,0.0105,0.0,0.0
1991-08-15,0.0,0.0,0.0015,0.013000000000000001,0.0,0.0,0.0037,0.0,0.0,0.0038,0.0044,0.0042,0.0039000000000000003,0.0028000000000000004,0.0022,0.0,0.0037,0.0,0.0,0.0,0.0,0.0045000000000000005,0.0053,0.0012,0.0014000000000000002,0.0161,0.013600000000000001,0.0001,0.0031,0.0
1991-08-16,0.002,0.0169,0.0027,0.0177,0.0072,0.0068000000000000005,0.0026,0.01,0.0108,0.004,0.0085,0.0015,0.0141,0.008,0.0171,0.015300000000000001,0.0062,0.0,0.001,0.0048,0.011200000000000002,0.0064,0.0141,0.0098,0.008199999999999999,0.0025,0.0108,0.006500000000000001,0.0078000000000000005,0.0036
1991-08-19,0.023,0.0256,0.0319,0.0337,0.0203,0.0277,0.0327,0.0255,0.0313,0.024900000000000002,0.0271,0.0126,0.0265,0.0248,0.0371,0.0176,0.0,0.0141,0.0034999999999999996,0.013500000000000002,0.0255,0.0254,0.026099999999999998,0.0241,0.0318,0.026099999999999998,0.028300000000000002,0.030899999999999997,0.026099999999999998,0.0304
1991-08-20,0.0,0.0,0.0,0.0027,0.0,0.0,0.0,0.0,0.0,0.0,0.0,0.0052,0.0027,0.0,0.004699999999999999,0.0,0.0026,0.0,0.0,0.0,0.0,0.0,0.0,0.0,0.0,0.0,0.0,0.0,0.0,0.0
1991-08-21,0.0,0.0,0.0,0.0,0.0,0.0,0.0,0.0,0.0,0.0,0.0,0.0,0.0,0.0,0.0,0.0,0.011699999999999999,0.0,0.0,0.0,0.0,0.0,0.0,0.0,0.0,0.0,0.0,0.0,0.0,0.0
1991-08-22,0.0,0.0,0.0,0.0,0.0013,0.0,0.0,0.0002,0.0,0.0,0.0,0.0,0.0,0.0,0.012199999999999999,0.0,0.013500000000000002,0.0,0.0,0.0,0.0,0.0,0.0011,0.0,0.0,0.0,0.001,0.0,0.001,0.0012
1991-08-23,0.0024,0.0,0.0,0.0,0.0,0.0,0.0,0.0,0.0,0.0,0.0,0.0,0.0,0.0,0.0,0.0,0.0027,0.0009,0.0,0.0005,0.0,0.0,0.0,0.0,0.0,0.0,0.0,0.0,0.0008,0.0
1991-08-26,0.0018,0.0067,0.0025,0.0,0.003,0.0003,0.0078000000000000005,0.0,0.0,0.0,0.0,0.0,0.0,0.0024,0.0046,0.0034000000000000002,0.0,0.0049,0.0024,0.0007000000000000001,0.0,0.0,0.0,0.0,0.0024,0.0,0.0009,0.004,0.0013,0.0058
1991-08-27,0.0048,0.0019,0.0085,0.0051,0.0048,0.0,0.0031,0.0,0.004699999999999999,0.0,0.0,0.0018,0.0036,0.0052,0.0092,0.0036,0.0037,0.0014000000000000002,0.0,0.0,0.0024,0.0006,0.0,0.0027,0.0067,0.0003,0.0,0.0,0.0025,0.0022
1991-08-28,0.0,0.0,0.0,0.0,0.0,0.0,0.0,0.0,0.0,0.0,0.0,0.0,0.0,0.0,0.0,0.0,0.0,0.0036,0.0,0.0,0.0,0.0,0.0,0.0,0.0,0.0,0.0,0.0,0.0,0.0
1991-08-29,0.0,0.0062,0.0017000000000000001,0.0042,0.0004,0.0016,0.0078000000000000005,0.0,0.0,0.0054,0.0,0.008100000000000001,0.0044,0.0008,0.0014000000000000002,0.0023,0.009399999999999999,0.0,0.0008,0.002,0.0049,0.0,0.0,0.0,0.0,0.0,0.0005,0.0,0.0,0.0
1991-08-30,0.0006,0.0068000000000000005,0.0018,0.0001,0.0003,0.0003,0.0,0.0044,0.0045000000000000005,0.0,0.0,0.0049,0.0,0.0,0.0070999999999999995,0.0009,0.0052,0.0,0.0028000000000000004,0.0004,0.0,0.0009,0.0007000000000000001,0.0026,0.0,0.0,0.0,0.0072,0.0025,0.0
1991-09-03,0.0070999999999999995,0.0159,0.006,0.0091,0.012,0.011899999999999999,0.011000000000000001,0.0078000000000000005,0.009399999999999999,0.0,0.011399999999999999,0.0126,0.0102,0.009899999999999999,0.0111,0.0033,0.0,0.0126,0.005699999999999999,0.0033,0.0,0.0089,0.0042,0.0091,0.0125,0.0070999999999999995,0.015,0.0055000000000000005,0.0069,0.023799999999999998
1991-09-04,0.005699999999999999,0.011899999999999999,0.0,0.0085,0.0088,0.0,0.0105,0.0084,0.0066,0.0,0.005600000000000001,0.0089,0.005699999999999999,0.0060999999999999995,0.011000000000000001,0.0,0.0043,0.0,0.0025,0.0008,0.004,0.0060999999999999995,0.0063,0.0070999999999999995,0.0038,0.0076,0.0042,0.0134,0.006,0.0106
1991-09-05,0.0138,0.0091,0.0078000000000000005,0.0019,0.0078000000000000005,0.0021,0.0086,0.0,0.0,0.0073,0.0022,0.0,0.0,0.013999999999999999,0.005600000000000001,0.0,0.0098,0.0127,0.0,0.0004,0.0,0.0102,0.0062,0.0,0.0021,0.0012,0.0072,0.0070999999999999995,0.0029,0.0
1991-09-06,0.0017000000000000001,0.0007000000000000001,0.0059,0.0,0.0028000000000000004,0.0,0.0,0.0,0.0042,0.002,0.0067,0.0,0.0001,0.0143,0.0,0.0,0.0,0.0,0.0002,0.0,0.0023,0.0022,0.0,0.0017000000000000001,0.0029,0.0,0.0046,0.0006,0.0,0.0026
1991-09-09,0.0006,0.0,0.0073,0.0006,0.0,0.0,0.0053,0.0,0.0054,0.0102,0.0067,0.0013,0.0058,0.0059,0.0031,0.0064,0.0001,0.0037,0.0037,0.0,0.0017000000000000001,0.0,0.0,0.0009,0.0026,0.0017000000000000001,0.006,0.0,0.0016,0.0003
1991-09-10,0.0115,0.015300000000000001,0.0137,0.0106,0.015700000000000002,0.0038,0.009300000000000001,0.009000000000000001,0.011200000000000002,0.0131,0.01,0.0095,0.0111,0.005699999999999999,0.011200000000000002,0.0105,0.0089,0.005,0.0072,0.002,0.0108,0.0111,0.015600000000000001,0.0102,0.0088,0.0073,0.0118,0.0088,0.011899999999999999,0.0171
1991-09-11,0.0,0.0,0.0,0.0021,0.005600000000000001,0.0016,0.0,0.0,0.0027,0.0018,0.0025,0.0,0.0014000000000000002,0.0,0.0,0.013600000000000001,0.0155,0.0,0.0,0.0,0.0,0.0,0.0,0.0007000000000000001,0.0,0.0,0.0,0.0,0.0,0.0
1991-09-12,0.0,0.0,0.0,0.0,0.0012,0.0,0.0,0.0,0.0,0.0,0.0,0.0037,0.0,0.0062,0.0,0.0,0.0143,0.0,0.0022,0.0,0.0,0.0,0.0,0.0,0.0,0.0,0.0,0.0,0.0,0.0
1991-09-13,0.0134,0.0072,0.005,0.0021,0.005,0.0,0.0002,0.0134,0.0067,0.0,0.0187,0.0032,0.015600000000000001,0.020499999999999997,0.0070999999999999995,0.014199999999999999,0.0034000000000000002,0.0132,0.0083,0.002,0.009399999999999999,0.0086,0.021,0.0053,0.0012,0.0043,0.0092,0.0098,0.005600000000000001,0.0060999999999999995
1991-09-16,0.0,0.0,0.0,0.0,0.0,0.0,0.0,0.0,0.0,0.0,0.0,0.0,0.0,0.0,0.0011,0.0,0.0,0.0,0.0,0.0,0.0,0.0018,0.0046,0.0,0.0,0.0,0.0,0.0,0.0,0.0
1991-09-17,0.0,0.0028000000000000004,0.0016,0.0003,0.002,0.0077,0.0,0.0,0.0040999999999999995,0.0,0.0066,0.0029,0.0043,0.0084,0.0004,0.0,0.0,0.0,0.0024,0.0,0.0034000000000000002,0.0,0.0,0.0,0.0036,0.0053,0.0,0.0069,0.0,0.002
1991-09-18,0.0,0.0,0.0,0.0006,0.0014000000000000002,0.0,0.0,0.0,0.0,0.0,0.0,0.0,0.0,0.0002,0.0,0.0002,0.0,0.0,0.0,0.0,0.0,0.0,0.0,0.0,0.0012,0.0,0.0,0.0,0.0,0.0
1991-09-19,0.0025,0.0006,0.0,0.0016,0.0,0.0,0.0,0.0,0.0012,0.0,0.0009,0.0,0.0,0.0,0.0,0.0,0.0115,0.0,0.0,0.0002,0.0,0.0,0.0,0.0,0.0,0.0,0.0,0.0,0.0,0.0016
1991-09-20,0.0,0.0046,0.006500000000000001,0.0,0.0,0.0022,0.0,0.0,0.0018,0.0,0.0,0.0,0.0,0.0,0.0074,0.0028000000000000004,0.0028000000000000004,0.0,0.0046,0.0,0.0,0.0,0.0,0.0,0.0,0.0032,0.0,0.0,0.0,0.0
1991-09-23,0.008,0.0066,0.0040999999999999995,0.0,0.008,0.0028000000000000004,0.0,0.010700000000000001,0.0074,0.003,0.012199999999999999,0.015,0.0046,0.006999999999999999,0.0049,0.0,0.0,0.005699999999999999,0.0017000000000000001,0.0,0.0,0.005,0.0009,0.005,0.0002,0.0127,0.0063,0.0,0.0049,0.0055000000000000005
1991-09-24,0.0,0.0,0.0,0.0,0.0,0.0,0.0,0.0,0.0,0.0,0.0,0.0004,0.0,0.0,0.0,0.0,0.0,0.0023,0.0,0.0,0.0,0.0,0.0,0.0,0.0,0.0,0.0,0.0022,0.0,0.0
1991-09-25,0.0,0.0097,0.0023,0.0012,0.002,0.0006,0.0,0.0034000000000000002,0.0,0.0,0.0066,0.0028000000000000004,0.0,0.0116,0.0,0.0,0.0051,0.0,0.0028000000000000004,0.0,0.0016,0.0,0.0022,0.0013,0.0034000000000000002,0.0,0.0115,0.0,0.001,0.0024
1991-09-26,0.0007000000000000001,0.0021,0.0,0.0,0.0075,0.0051,0.0,0.0058,0.0008,0.0,0.0,0.0,0.0036,0.0,0.0,0.0036,0.0217,0.0,0.0014000000000000002,0.0,0.0,0.0,0.0,0.0,0.0,0.0,0.005600000000000001,0.0,0.0,0.0
1991-09-27,0.0,0.0,0.0,0.0028000000000000004,0.0,0.0,0.0008,0.0091,0.0,0.0,0.0,0.0055000000000000005,0.0034000000000000002,0.0016,0.006500000000000001,0.0116,0.0007000000000000001,0.0008,0.0014000000000000002,0.0,0.0019,0.0068000000000000005,0.0109,0.0038,0.0,0.0004,0.0,0.0034000000000000002,0.0003,0.0017000000000000001
1991-09-30,0.0,0.0,0.0,0.0,0.0,0.0,0.0,0.0,0.0,0.0,0.0,0.0,0.0,0.0,0.0032,0.0,0.0,0.0,0.0,0.0,0.0,0.0,0.0,0.0,0.0,0.0,0.0,0.0012,0.0,0.0
1991-10-01,0.0,0.0,0.0,0.0043,0.0,0.0,0.0,0.0,0.0,0.0042,0.0002,0.011399999999999999,0.0069,0.0,0.0013,0.0037,0.0123,0.0,0.0,0.0,0.0,0.0,0.0049,0.0066,0.0,0.0021,0.0,0.0,0.0,0.0
1991-10-02,0.0043,0.0013,0.0088,0.0,0.0045000000000000005,0.0025,0.0108,0.0,0.008,0.0015,0.0034999999999999996,0.011899999999999999,0.0044,0.0,0.0040999999999999995,0.0062,0.0,0.009300000000000001,0.0,0.0,0.0043,0.0060999999999999995,0.0121,0.0,0.0,0.0013,0.0049,0.0,0.0024,0.0108
1991-10-03,0.0088,0.0124,0.0281,0.003,0.008199999999999999,0.0069,0.0233,0.0095,0.0062,0.0106,0.0077,0.0102,0.0113,0.0176,0.0,0.0203,0.0,0.0011,0.0036,0.0016,0.0068000000000000005,0.0085,0.02,0.0037,0.0045000000000000005,0.009899999999999999,0.013500000000000002,0.0104,0.011899999999999999,0.0095
1991-10-04,0.0064,0.006999999999999999,0.0171,0.0006,0.0052,0.0045000000000000005,0.005,0.005699999999999999,0.0101,0.0015,0.0070999999999999995,0.0089,0.006500000000000001,0.0096,0.0,0.011899999999999999,0.0019,0.0064,0.004,0.0011,0.012199999999999999,0.0,0.0019,0.0069,0.0064,0.002,0.014199999999999999,0.0,0.006500000000000001,0.0084
1991-10-07,0.0049,0.0,0.0143,0.0068000000000000005,0.0085,0.0089,0.0073,0.008,0.0070999999999999995,0.0123,0.0043,0.008,0.0191,0.0132,0.0033,0.0,0.0059,0.0052,0.0031,0.0028000000000000004,0.0025,0.005,0.0024,0.0089,0.0045000000000000005,0.0052,0.003,0.0091,0.0098,0.0024
1991-10-08,0.0,0.0,0.0006,0.0,0.0008,0.001,0.0021,0.0,0.0063,0.0,0.0004,0.0,0.003,0.0026,0.0011,0.0,0.0195,0.0033,0.0,0.0,0.0,0.0,0.003,0.0,0.0,0.0,0.0,0.0002,0.0,0.0
1991-10-09,0.0088,0.0059,0.004699999999999999,0.0105,0.004699999999999999,0.0046,0.0126,0.0054,0.0039000000000000003,0.015300000000000001,0.0126,0.0058,0.0038,0.0202,0.018799999999999997,0.0,0.0,0.014199999999999999,0.004,0.006999999999999999,0.011699999999999999,0.0002,0.0066,0.009300000000000001,0.005600000000000001,0.0029,0.022799999999999997,0.0125,0.0111,0.0131
1991-10-10,0.0,0.0019,0.0,0.0,0.0,0.0,0.0,0.0,0.0,0.0031,0.0002,0.0,0.0,0.0,0.0,0.0,0.0070999999999999995,0.004699999999999999,0.0,0.0019,0.0,0.0,0.0,0.0,0.0,0.0,0.0,0.0,0.0,0.0
1991-10-11,0.0,0.0023,0.0,0.0,0.0,0.0,0.005,0.0,0.0,0.0,0.0,0.0,0.0023,0.004,0.0048,0.0,0.0,0.0,0.0,0.0,0.0,0.0,0.0,0.0,0.0,0.0,0.0,0.0,0.0,0.0023
1991-10-14,0.0,0.0,0.0,0.0,0.0,0.0,0.0,0.0,0.0,0.0015,0.0,0.0,0.0,0.0,0.0,0.0,0.0023,0.0,0.0,0.0,0.0,0.0,0.0,0.0,0.0,0.0,0.0,0.0,0.0,0.0
1991-10-15,0.0,0.0053,0.0,0.0019,0.0,0.0,0.0,0.0,0.0,0.0,0.0,0.0,0.0,0.0,0.0038,0.0,0.0,0.0,0.0,0.0,0.0,0.0,0.0,0.0,0.0,0.0,0.0,0.0,0.0,0.0
1991-10-16,0.0018,0.0052,0.0,0.0,0.0,0.0,0.0,0.0,0.0,0.0,0.0,0.0,0.0,0.0,0.0039000000000000003,0.0,0.0,0.0,0.0012,0.0006,0.0,0.0,0.0,0.0,0.0,0.0,0.0,0.0,0.0,0.0
1991-10-17,0.0052,0.0024,0.0007000000000000001,0.0064,0.0104,0.0036,0.027200000000000002,0.0004,0.001,0.0011,0.0,0.0,0.0,0.0,0.0,0.0,0.0,0.0,0.0,0.0034999999999999996,0.0084,0.0070999999999999995,0.0138,0.0,0.0,0.0015,0.0044,0.0,0.005,0.0
1991-10-18,0.0086,0.0014000000000000002,0.005600000000000001,0.0,0.0,0.0,0.0013,0.0,0.0,0.0,0.0091,0.0,0.0,0.0028000000000000004,0.0,0.0,0.0,0.0,0.0,0.0,0.0,0.0,0.0,0.0,0.0,0.0013,0.0,0.0,0.0,0.0069
1991-10-21,0.012199999999999999,0.008,0.0124,0.0077,0.0066,0.0073,0.008,0.0075,0.0021,0.0098,0.011399999999999999,0.0016,0.0,0.0059,0.0096,0.0,0.0021,0.0012,0.0002,0.0063,0.0053,0.0015,0.004699999999999999,0.0064,0.0058,0.0014000000000000002,0.0053,0.0151,0.0088,0.0
1991-10-22,0.0127,0.0105,0.013500000000000002,0.0,0.0086,0.0088,0.014199999999999999,0.0,0.0078000000000000005,0.01,0.001,0.002,0.0034000000000000002,0.0,0.0060999999999999995,0.0048,0.0,0.0,0.0059,0.0017000000000000001,0.0027,0.0,0.0014000000000000002,0.0,0.0018,0.0011,0.024700000000000003,0.0124,0.0025,0.0039000000000000003
1991-10-23,0.0,0.0,0.0060999999999999995,0.0,0.0,0.0,0.012,0.0,0.0034000000000000002,0.0,0.0059,0.0017000000000000001,0.0009,0.0,0.023799999999999998,0.001,0.0131,0.0,0.009300000000000001,0.0,0.0,0.0023,0.0019,0.0,0.0,0.0062,0.0079,0.0002,0.0023,0.0011
1991-10-24,0.0017000000000000001,0.0038,0.0018,0.0004,0.0028000000000000004,0.0076,0.0063,0.0113,0.0068000000000000005,0.0084,0.0075,0.0097,0.012,0.009399999999999999,0.0055000000000000005,0.0053,0.0,0.0048,0.0083,0.0001,0.0087,0.0127,0.0070999999999999995,0.0151,0.018600000000000002,0.011200000000000002,0.0091,0.011399999999999999,0.0073,0.013600000000000001
1991-10-25,0.0,0.0,0.0,0.0007000000000000001,0.0002,0.0,0.0073,0.0048,0.0040999999999999995,0.0040999999999999995,0.0134,0.0062,0.0012,0.0223,0.0,0.0068000000000000005,0.0042,0.0118,0.004,0.0,0.0,0.0078000000000000005,0.004699999999999999,0.0034000000000000002,0.0083,0.0007000000000000001,0.0040999999999999995,0.0089,0.0042,0.006999999999999999
1991-10-28,0.0,0.0,0.0,0.0,0.0,0.0,0.0,0.0,0.0,0.0,0.0,0.0,0.0,0.0,0.0,0.0,0.0092,0.0,0.0,0.0,0.0,0.0,0.0,0.0,0.0,0.0,0.0,0.0,0.0,0.0
1991-10-29,0.0,0.0,0.0,0.0,0.0,0.0,0.0,0.0,0.0,0.0077,0.0,0.0,0.0,0.0,0.0026,0.0,0.0,0.0,0.0,0.0,0.0,0.0,0.0,0.0,0.0,0.0,0.0,0.0,0.0,0.0
1991-10-30,0.0,0.0,0.0,0.008,0.0,0.002,0.0,0.0,0.0,0.0,0.0,0.0,0.0,0.0069,0.0,0.0042,0.0079,0.0,0.0027,0.0,0.0,0.0,0.0,0.0,0.0,0.0,0.0,0.0018,0.0,0.0
1991-10-31,0.0,0.0066,0.0,0.0026,0.0,0.0,0.0015,0.0,0.0,0.0,0.008100000000000001,0.004,0.0,0.012199999999999999,0.0066,0.0,0.0043,0.0,0.0025,0.0,0.0,0.0,0.0049,0.0018,0.0,0.0029,0.0067,0.0027,0.0001,0.0
1991-11-01,0.0049,0.0,0.0,0.0,0.0046,0.005699999999999999,0.0,0.0,0.0064,0.006500000000000001,0.0,0.0,0.0055000000000000005,0.0063,0.0055000000000000005,0.0008,0.0049,0.0067,0.0048,0.0006,0.0022,0.0018,0.0051,0.0029,0.0,0.0072,0.006500000000000001,0.0070999999999999995,0.0039000000000000003,0.0023
1991-11-04,0.0038,0.0,0.0067,0.0101,0.005699999999999999,0.0017000000000000001,0.009399999999999999,0.0033,0.0064,0.0003,0.0025,0.0039000000000000003,0.0012,0.0,0.0075,0.0024,0.0151,0.0278,0.0,0.0018,0.0044,0.0067,0.0074,0.0059,0.0,0.0,0.0066,0.0,0.0069,0.0019
1991-11-05,0.0,0.0132,0.0088,0.0183,0.0048,0.0008,0.0,0.001,0.0046,0.0,0.0,0.0,0.0062,0.0079,0.0060999999999999995,0.0006,0.0105,0.0155,0.0018,0.0006,0.0,0.0,0.0043,0.0008,0.0045000000000000005,0.0048,0.0029,0.0006,0.0022,0.0095
1991-11-06,0.0,0.0036,0.0,0.0,0.0078000000000000005,0.0,0.0,0.0021,0.0,0.0,0.0013,0.002,0.0,0.0,0.0,0.0,0.0,0.0,0.0004,0.0,0.0,0.0,0.0,0.0014000000000000002,0.0,0.0,0.0,0.0,0.0,0.0
1991-11-07,0.0,0.0,0.0013,0.0,0.0,0.0,0.0,0.0,0.0,0.0,0.0,0.0,0.0,0.0,0.0,0.0,0.003,0.0,0.0007000000000000001,0.0,0.0,0.0,0.0,0.0,0.0,0.0,0.0,0.0,0.0,0.0
1991-11-08,0.0,0.0017000000000000001,0.001,0.0,0.0,0.0028000000000000004,0.0,0.0,0.0,0.004,0.0063,0.0,0.0028000000000000004,0.0,0.006500000000000001,0.0,0.0003,0.0,0.006,0.0002,0.0014000000000000002,0.0,0.0,0.0023,0.0089,0.0,0.0,0.0,0.0,0.0
1991-11-11,0.0,0.0,0.0,0.0,0.0003,0.0,0.0,0.0,0.0003,0.0,0.0013,0.0014000000000000002,0.0022,0.0026,0.025099999999999997,0.0,0.0,0.0091,0.0016,0.0003,0.0011,0.0,0.0,0.0018,0.0,0.0,0.0005,0.002,0.0,0.0044
1991-11-12,0.0,0.0,0.0,0.0051,0.0,0.0,0.0,0.0,0.0,0.0,0.0,0.0092,0.0,0.0,0.0,0.0,0.0089,0.0,0.0,0.0,0.0,0.0,0.0,0.0,0.0,0.0,0.0,0.0,0.0,0.0
1991-11-13,0.0,0.0,0.0,0.005600000000000001,0.0021,0.0,0.0,0.0017000000000000001,0.0004,0.0,0.0,0.0,0.0034000000000000002,0.0,0.0,0.0,0.0,0.004699999999999999,0.002,0.0,0.0007000000000000001,0.0,0.0,0.0031,0.0012,0.0002,0.0,0.0,0.0,0.0
1991-11-14,0.0005,0.0,0.0,0.0,0.0039000000000000003,0.0,0.0073,0.0044,0.0076,0.0,0.0009,0.0042,0.0151,0.0,0.0067,0.0024,0.002,0.0124,0.0044,0.0,0.0,0.005,0.0,0.0039000000000000003,0.0,0.0,0.0,0.0,0.0013,0.0
1991-11-15,0.030699999999999998,0.0487,0.0268,0.0245,0.022799999999999997,0.0344,0.0319,0.0504,0.032799999999999996,0.035699999999999996,0.0189,0.0245,0.0229,0.0407,0.0405,0.048499999999999995,0.0,0.0042,0.029900000000000003,0.0134,0.0354,0.0407,0.042300000000000004,0.031,0.042,0.0241,0.047599999999999996,0.042199999999999994,0.0346,0.0191
1991-11-18,0.0,0.0,0.0106,0.0017000000000000001,0.008,0.0,0.0016,0.0,0.0,0.0064,0.0069,0.0023,0.0011,0.0,0.0,0.0005,0.0105,0.0052,0.0,0.0,0.0002,0.0,0.0,0.0015,0.0008,0.0,0.0,0.0,0.0,0.0046
1991-11-19,0.0148,0.0141,0.023399999999999997,0.023399999999999997,0.0147,0.0175,0.0232,0.016200000000000003,0.0124,0.0252,0.0212,0.0264,0.0182,0.009300000000000001,0.0138,0.0126,0.0,0.0073,0.0078000000000000005,0.0113,0.0177,0.016200000000000003,0.0125,0.0177,0.0242,0.0176,0.0176,0.024,0.018600000000000002,0.0209
1991-11-20,0.0063,0.004,0.0,0.0,0.004,0.0052,0.0127,0.0,0.0,0.0,0.0,0.0001,0.0052,0.0149,0.0182,0.009399999999999999,0.0051,0.0,0.0079,0.0,0.0,0.0,0.0054,0.0011,0.0006,0.0,0.0,0.0138,0.0026,0.0005
1991-11-21,0.0,0.0,0.0,0.0017000000000000001,0.0043,0.0,0.0,0.0,0.0042,0.0,0.0,0.0,0.0022,0.0039000000000000003,0.0,0.009300000000000001,0.0,0.0174,0.0005,0.0,0.0,0.0,0.0,0.0,0.0,0.0,0.0,0.0,0.0,0.0
1991-11-22,0.0037,0.0004,0.0155,0.0073,0.0089,0.0095,0.0084,0.0088,0.0089,0.005,0.0059,0.013300000000000001,0.009300000000000001,0.0049,0.008100000000000001,0.009399999999999999,0.0051,0.0151,0.020499999999999997,0.0074,0.0152,0.005699999999999999,0.0059,0.0070999999999999995,0.0178,0.0102,0.0062,0.0062,0.008199999999999999,0.013999999999999999
1991-11-25,0.0,0.0034000000000000002,0.0079,0.0,0.0034999999999999996,0.0,0.005,0.0067,0.0048,0.0124,0.005,0.008199999999999999,0.0036,0.0062,0.011699999999999999,0.0,0.0,0.0236,0.0044,0.0,0.001,0.0085,0.0,0.0088,0.0078000000000000005,0.0073,0.0027,0.0019,0.004,0.0033
1991-11-26,0.0,0.0,0.0,0.0,0.0,0.0,0.0,0.0055000000000000005,0.0,0.0,0.0,0.0,0.0002,0.0,0.0,0.0,0.0154,0.0,0.002,0.0,0.0,0.0,0.0,0.0,0.0,0.0,0.0,0.0,0.0,0.0
1991-11-27,0.0073,0.0070999999999999995,0.0,0.0023,0.0014000000000000002,0.0019,0.0033,0.0,0.0003,0.0044,0.0070999999999999995,0.0063,0.0048,0.0009,0.0074,0.0032,0.0,0.0069,0.0,0.0,0.0051,0.0,0.0127,0.0,0.0101,0.0059,0.0048,0.0029,0.0046,0.0
1991-11-29,0.0036,0.004699999999999999,0.0,0.0024,0.0067,0.004,0.0032,0.0,0.0067,0.0022,0.0032,0.0,0.0,0.0098,0.0044,0.0012,0.0,0.0053,0.0023,0.0,0.0,0.0,0.0073,0.0052,0.0024,0.0027,0.0032,0.0034999999999999996,0.0029,0.0
1991-12-02,0.0,0.0,0.0,0.0,0.0,0.0,0.0,0.0,0.0,0.0,0.0,0.006999999999999999,0.0,0.0,0.0,0.0,0.0,0.0,0.0,0.0,0.0,0.0,0.0,0.0,0.0,0.0,0.0,0.0,0.0,0.0
1991-12-03,0.0,0.0017000000000000001,0.0,0.0002,0.0,0.0,0.0,0.0,0.0016,0.0,0.0032,0.0,0.0,0.0051,0.0046,0.0027,0.0113,0.0067,0.0109,0.0015,0.0009,0.0,0.0012,0.0006,0.0,0.0,0.0,0.0,0.0,0.0
1991-12-04,0.0024,0.0,0.0049,0.0043,0.0048,0.0,0.0,0.0,0.0,0.0,0.0,0.0074,0.0058,0.0171,0.0111,0.0269,0.0,0.0138,0.0087,0.0028000000000000004,0.0,0.0,0.0062,0.0027,0.0,0.0,0.0,0.0,0.0016,0.0048
1991-12-05,0.0013,0.0,0.0,0.0078000000000000005,0.0070999999999999995,0.0079,0.0083,0.006500000000000001,0.0087,0.0034999999999999996,0.0,0.0105,0.0132,0.0161,0.0138,0.0,0.0,0.0331,0.013500000000000002,0.0036,0.0029,0.0,0.0036,0.0058,0.003,0.0091,0.002,0.008199999999999999,0.0079,0.0068000000000000005
1991-12-06,0.0,0.0027,0.0,0.0055000000000000005,0.0,0.0,0.0,0.0,0.0,0.0,0.0,0.0077,0.001,0.0,0.0,0.0,0.0,0.0127,0.0,0.0,0.0,0.0002,0.0040999999999999995,0.0027,0.0046,0.0,0.0,0.0,0.0,0.0
1991-12-09,0.0,0.0,0.0014000000000000002,0.0,0.0079,0.0069,0.0,0.0016,0.0014000000000000002,0.0011,0.0,0.0172,0.0077,0.0,0.022099999999999998,0.0,0.0,0.019799999999999998,0.011200000000000002,0.0,0.0,0.0073,0.0154,0.004,0.0143,0.0018,0.0029,0.0,0.0,0.0
1991-12-10,0.0,0.0053,0.0,0.0046,0.0095,0.0,0.0048,0.0007000000000000001,0.005699999999999999,0.0,0.0005,0.0208,0.0148,0.0,0.0,0.0067,0.011000000000000001,0.0,0.006500000000000001,0.0018,0.0,0.0,0.0,0.0,0.018000000000000002,0.006500000000000001,0.0004,0.0001,0.0003,0.0004
1991-12-11,0.0038,0.0017000000000000001,0.003,0.0055000000000000005,0.0017000000000000001,0.0,0.0049,0.0063,0.0,0.0026,0.0141,0.0005,0.0104,0.0,0.006500000000000001,0.0,0.0195,0.0178,0.0,0.0,0.0,0.0069,0.0,0.0055000000000000005,0.013000000000000001,0.0006,0.0008,0.0147,0.0026,0.0
1991-12-12,0.0,0.0,0.0,0.0,0.0,0.0,0.0,0.0,0.0,0.0,0.0,0.0,0.0,0.0,0.0,0.0,0.0294,0.0,0.0,0.0,0.0,0.0,0.0,0.0,0.0,0.0,0.0,0.0,0.0,0.0
1991-12-13,0.0,0.0,0.0022,0.0,0.0,0.0,0.0,0.0,0.0,0.0,0.0,0.0,0.0,0.0,0.0,0.0,0.0,0.0,0.0,0.0036,0.0,0.0,0.0,0.0,0.0,0.0,0.0,0.0,0.0,0.0
1991-12-16,0.0,0.0,0.0009,0.0,0.0,0.0,0.0,0.0,0.0,0.0003,0.0,0.0,0.0037,0.0,0.0079,0.0021,0.0023,0.0,0.0,0.0060999999999999995,0.005600000000000001,0.0,0.0012,0.0002,0.0033,0.0,0.0003,0.0,0.0,0.0
1991-12-17,0.0,0.0,0.0015,0.0096,0.004,0.0014000000000000002,0.0,0.0,0.0058,0.001,0.0034000000000000002,0.016399999999999998,0.008100000000000001,0.0,0.0104,0.0141,0.0128,0.0182,0.0063,0.0049,0.0054,0.0089,0.0108,0.0137,0.0084,0.0014000000000000002,0.016200000000000003,0.0033,0.0064,0.0
1991-12-18,0.0,0.0,0.009300000000000001,0.0,0.0,0.0,0.0046,0.0,0.0,0.0276,0.0003,0.0,0.0043,0.0007000000000000001,0.0024,0.005,0.0067,0.0134,0.0,0.0009,0.0,0.0,0.0,0.0,0.0012,0.0,0.0017000000000000001,0.0,0.0025,0.0003
1991-12-19,0.0002,0.0,0.0045000000000000005,0.006999999999999999,0.0055000000000000005,0.0026,0.0178,0.0027,0.0,0.0128,0.0070999999999999995,0.0,0.0029,0.0051,0.0183,0.0,0.004699999999999999,0.0036,0.0027,0.0016,0.0,0.0063,0.0131,0.0028000000000000004,0.0048,0.0,0.0179,0.0,0.0029,0.0101
1991-12-20,0.0,0.0,0.0,0.011399999999999999,0.0,0.0,0.0018,0.0,0.0,0.0,0.0,0.0,0.0,0.0,0.0,0.0,0.0,0.0,0.0,0.0,0.0,0.0,0.0,0.0,0.0,0.0039000000000000003,0.0,0.0,0.0,0.0
1991-12-23,0.0,0.0,0.0,0.0,0.0,0.0,0.0,0.0,0.0,0.0,0.0,0.0,0.0,0.0,0.0,0.0,0.0,0.0,0.0,0.0,0.0,0.0,0.0,0.0,0.0,0.0,0.0,0.0,0.0,0.0
1991-12-24,0.0,0.0,0.0,0.0,0.0,0.0,0.0,0.0,0.0,0.0,0.0,0.0,0.0,0.0,0.0,0.0,0.0,0.0,0.005,0.0,0.0038,0.0,0.0,0.0,0.0,0.0,0.0,0.0,0.0,0.0
1991-12-26,0.0,0.0,0.0,0.0,0.0,0.0,0.0,0.0,0.0,0.0,0.0,0.0,0.0,0.0,0.005,0.0,0.0159,0.0,0.0,0.0,0.0,0.0,0.0,0.0,0.0,0.0,0.0,0.0,0.0,0.0
1991-12-27,0.0,0.0,0.0,0.0,0.0,0.0,0.0,0.0,0.0,0.0,0.0,0.0,0.0,0.010700000000000001,0.014499999999999999,0.0031,0.0024,0.0,0.0,0.0,0.0002,0.0,0.0,0.0,0.0,0.0,0.0,0.0028000000000000004,0.0,0.0
1991-12-30,0.0,0.0,0.0,0.0,0.0,0.0,0.0,0.0,0.0,0.0,0.0,0.0,0.0,0.0,0.0,0.0,0.0025,0.0,0.0,0.0,0.0,0.0,0.0,0.0,0.0,0.0,0.0,0.0,0.0,0.0
1991-12-31,0.0,0.0078000000000000005,0.0127,0.0,0.0,0.0,0.0016,0.0,0.0,0.0,0.0,0.0,0.0,0.0,0.0,0.0,0.0,0.0,0.0,0.0,0.0,0.0,0.0,0.0,0.0,0.0,0.0,0.0009,0.0,0.0
1992-01-02,0.0053,0.003,0.0141,0.0,0.0129,0.0042,0.0,0.0036,0.0028000000000000004,0.008199999999999999,0.0052,0.0059,0.0,0.0011,0.0,0.0144,0.0083,0.039599999999999996,0.0,0.0049,0.0,0.0003,0.0,0.0,0.0163,0.0046,0.0,0.0,0.0042,0.006
1992-01-03,0.0,0.0,0.0,0.0,0.0,0.0031,0.0,0.0,0.0,0.0,0.0033,0.0,0.0,0.0017000000000000001,0.0,0.0,0.0,0.0,0.0,0.0,0.0,0.0,0.0,0.0,0.0,0.0,0.002,0.0,0.0,0.0
1992-01-06,0.0103,0.0068000000000000005,0.0078000000000000005,0.0,0.0052,0.0,0.0032,0.0,0.006999999999999999,0.0012,0.003,0.0052,0.0,0.0040999999999999995,0.0,0.0,0.0087,0.0059,0.011200000000000002,0.0048,0.0,0.0,0.0,0.0,0.0,0.004,0.008,0.0,0.0,0.0001
1992-01-07,0.009000000000000001,0.0043,0.0,0.0,0.0014000000000000002,0.0,0.0,0.0,0.0,0.0,0.0,0.0043,0.0104,0.0039000000000000003,0.01,0.0,0.0,0.0034000000000000002,0.0204,0.0064,0.0,0.0,0.0,0.0,0.0,0.0,0.0046,0.0,0.0,0.0024
1992-01-08,0.0,0.0,0.0,0.0,0.0,0.0,0.0,0.0,0.0,0.0,0.0,0.0,0.0,0.0,0.006,0.0,0.0,0.0037,0.0163,0.0034000000000000002,0.0,0.0,0.0,0.0039000000000000003,0.0034999999999999996,0.0,0.0,0.0,0.0,0.0
1992-01-09,0.0,0.0049,0.0026,0.0,0.0,0.0009,0.0,0.0,0.0,0.0,0.0,0.0109,0.0,0.012199999999999999,0.0,0.0,0.0,0.0118,0.0062,0.0079,0.0,0.0,0.0,0.0025,0.0033,0.0,0.0006,0.0,0.0,0.0028000000000000004
1992-01-10,0.0069,0.015600000000000001,0.0078000000000000005,0.0038,0.0005,0.0,0.0,0.0103,0.0019,0.0007000000000000001,0.0058,0.0021,0.0067,0.002,0.0073,0.0040999999999999995,0.0148,0.0,0.0,0.0089,0.0098,0.011200000000000002,0.0076,0.0,0.0040999999999999995,0.0084,0.0016,0.016399999999999998,0.008199999999999999,0.0
1992-01-13,0.0062,0.0,0.0103,0.0049,0.0,0.0,0.0139,0.0039000000000000003,0.0049,0.0,0.0079,0.0072,0.005600000000000001,0.0,0.0011,0.0,0.0129,0.0062,0.0,0.009899999999999999,0.0053,0.0,0.0,0.010700000000000001,0.0,0.0004,0.0,0.0025,0.0008,0.009000000000000001
1992-01-14,0.0,0.0,0.0,0.0,0.0,0.0,0.0,0.0,0.0,0.0,0.0,0.0,0.0,0.0,0.0,0.0,0.0,0.0,0.0,0.0,0.0,0.0,0.0,0.0,0.0,0.0,0.0,0.0,0.0,0.0
1992-01-15,0.0097,0.0191,0.0,0.0,0.0,0.0,0.0,0.0245,0.0,0.0,0.0,0.0,0.0,0.0,0.0,0.0,0.0,0.0,0.0,0.0075,0.0044,0.0,0.0,0.0,0.0,0.0,0.0,0.0027,0.0,0.0
1992-01-16,0.0199,0.0349,0.0263,0.0040999999999999995,0.0,0.0124,0.0217,0.031400000000000004,0.0,0.0,0.0,0.0,0.0,0.0,0.0,0.0,0.0,0.0,0.0015,0.011699999999999999,0.013000000000000001,0.0141,0.0,0.0,0.0,0.0,0.0032,0.013300000000000001,0.0059,0.0
1992-01-17,0.0022,0.0009,0.0,0.0,0.0077,0.0077,0.0,0.0,0.0,0.0,0.0,0.001,0.0007000000000000001,0.0,0.0064,0.0,0.0054,0.0085,0.0,0.0,0.0,0.0046,0.0,0.0017000000000000001,0.0128,0.002,0.005,0.0,0.0024,0.0
1992-01-20,0.0,0.013999999999999999,0.0029,0.0034000000000000002,0.0,0.0,0.018000000000000002,0.0109,0.01,0.0,0.0,0.0053,0.0001,0.0,0.0070999999999999995,0.014199999999999999,0.0,0.0092,0.0,0.0,0.006999999999999999,0.018799999999999997,0.010700000000000001,0.0104,0.0088,0.0103,0.013000000000000001,0.0022,0.0091,0.009300000000000001
1992-01-21,0.009000000000000001,0.0,0.0167,0.0187,0.0,0.0017000000000000001,0.017,0.021400000000000002,0.0059,0.013000000000000001,0.0125,0.0216,0.0168,0.0269,0.025699999999999997,0.0166,0.0148,0.0232,0.0,0.0,0.0,0.0206,0.0278,0.0113,0.0127,0.0092,0.0208,0.0,0.0126,0.015300000000000001
1992-01-22,0.0,0.0,0.0,0.0,0.0,0.0,0.0,0.0,0.0002,0.0,0.0,0.0,0.0,0.0,0.0,0.0,0.009000000000000001,0.0096,0.0148,0.0,0.0,0.0,0.0,0.0033,0.0,0.0,0.0,0.0,0.0,0.0
1992-01-23,0.0025,0.0008,0.0166,0.006500000000000001,0.0045000000000000005,0.0,0.0017000000000000001,0.0017000000000000001,0.0070999999999999995,0.0,0.0097,0.0089,0.0025,0.0069,0.0083,0.0125,0.0242,0.024700000000000003,0.016399999999999998,0.005,0.0045000000000000005,0.0054,0.0040999999999999995,0.0055000000000000005,0.0074,0.0048,0.005,0.0052,0.0,0.0044
1992-01-24,0.0,0.0,0.0009,0.0,0.0,0.0003,0.002,0.0,0.0031,0.0044,0.005,0.0,0.0063,0.0079,0.0,0.0,0.0008,0.0,0.0,0.0,0.0087,0.0063,0.0015,0.0,0.013500000000000002,0.0021,0.0,0.0,0.0,0.0
1992-01-27,0.0,0.005699999999999999,0.0,0.0011,0.0012,0.0022,0.004699999999999999,0.0089,0.0002,0.0008,0.0,0.0,0.0,0.0007000000000000001,0.0,0.0,0.0,0.0,0.0021,0.0008,0.0079,0.0084,0.0005,0.0,0.0059,0.0,0.0040999999999999995,0.0043,0.0003,0.0
1992-01-28,0.0049,0.0,0.005699999999999999,0.0,0.0029,0.0,0.0,0.0088,0.0,0.0,0.0,0.0,0.0,0.0012,0.0,0.0016,0.0,0.0208,0.0,0.0,0.003,0.0,0.0008,0.0,0.0002,0.0,0.0008,0.0,0.0,0.0033
1992-01-29,0.014199999999999999,0.022799999999999997,0.0204,0.0098,0.0116,0.0,0.0037,0.0089,0.0101,0.0,0.0,0.0262,0.0029,0.012199999999999999,0.031400000000000004,0.0279,0.018500000000000003,0.0102,0.013000000000000001,0.0045000000000000005,0.005699999999999999,0.0011,0.0131,0.0015,0.0034000000000000002,0.008,0.0124,0.015300000000000001,0.010700000000000001,0.0092
1992-01-30,0.0,0.0,0.0,0.0,0.0,0.0,0.0,0.0,0.0033,0.0,0.0,0.0003,0.0,0.0074,0.004699999999999999,0.0,0.0079,0.0,0.0078000000000000005,0.0006,0.0007000000000000001,0.0,0.0,0.003,0.0,0.0,0.0,0.0,0.0,0.0
1992-01-31,0.0051,0.0021,0.0006,0.0091,0.0037,0.0,0.0038,0.0,0.009399999999999999,0.0,0.0062,0.0115,0.0118,0.012199999999999999,0.003,0.009899999999999999,0.0,0.0,0.0098,0.001,0.005699999999999999,0.011699999999999999,0.0068000000000000005,0.015700000000000002,0.0058,0.0079,0.0005,0.0158,0.0084,0.0
1992-02-03,0.0,0.0,0.0,0.0,0.0004,0.011200000000000002,0.0,0.0031,0.0040999999999999995,0.0,0.0018,0.0,0.0011,0.0,0.0,0.0007000000000000001,0.0,0.0,0.0,0.0038,0.0074,0.0,0.0,0.0,0.0,0.0,0.0,0.0,0.0,0.0007000000000000001
1992-02-04,0.0,0.0,0.0,0.0,0.0,0.0,0.0,0.0,0.0,0.0,0.0,0.0,0.0,0.0,0.0,0.0031,0.0016,0.0,0.0,0.0008,0.0,0.0,0.0,0.0,0.0,0.0,0.0,0.0,0.0,0.0
1992-02-05,0.0,0.0068000000000000005,0.0,0.0,0.0,0.0038,0.0,0.0,0.001,0.0,0.0031,0.006,0.0018,0.0,0.0,0.0022,0.0076,0.0,0.0087,0.005600000000000001,0.0,0.0,0.0,0.0,0.0,0.0,0.0,0.0,0.0,0.0004
1992-02-06,0.0,0.0011,0.0,0.0001,0.0,0.009000000000000001,0.0,0.0073,0.0,0.0,0.0,0.006999999999999999,0.0,0.0,0.0,0.0,0.0,0.0,0.0,0.0011,0.0034999999999999996,0.0,0.0048,0.0,0.0,0.0,0.0,0.0,0.0,0.0
1992-02-07,0.0183,0.01,0.0128,0.0,0.0014000000000000002,0.005699999999999999,0.0008,0.0088,0.0048,0.0,0.0003,0.0,0.006500000000000001,0.0040999999999999995,0.0197,0.0036,0.0144,0.0,0.0,0.0029,0.0138,0.0022,0.0,0.011200000000000002,0.0039000000000000003,0.0048,0.0087,0.0,0.0046,0.0054
1992-02-10,0.0,0.0005,0.0,0.0,0.0,0.0,0.0,0.003,0.0,0.0,0.0,0.0,0.0,0.0,0.0,0.008100000000000001,0.0,0.0,0.0,0.0,0.0,0.0,0.0,0.0,0.0,0.0,0.0,0.0019,0.0,0.0
1992-02-11,0.0023,0.0051,0.0,0.0,0.0,0.0,0.0078000000000000005,0.0045000000000000005,0.0,0.0,0.0,0.0,0.0,0.0044,0.0,0.0028000000000000004,0.0,0.0225,0.0026,0.0,0.0,0.0058,0.0,0.0,0.0,0.0006,0.0005,0.0007000000000000001,0.0,0.0
1992-02-12,0.0,0.0,0.0,0.0,0.0,0.0,0.0,0.0,0.0,0.0,0.0,0.0,0.0,0.0,0.0,0.0,0.0,0.0,0.0,0.0,0.0,0.0,0.0,0.0,0.0,0.0,0.0,0.0,0.0,0.0
1992-02-13,0.0129,0.0144,0.0124,0.0126,0.0011,0.0051,0.0,0.0174,0.0,0.0246,0.012199999999999999,0.004699999999999999,0.0079,0.0058,0.0,0.005699999999999999,0.016,0.0032,0.0074,0.005600000000000001,0.0092,0.0113,0.0066,0.0022,0.009899999999999999,0.0058,0.0051,0.0083,0.008199999999999999,0.0051
1992-02-14,0.0016,0.0054,0.009399999999999999,0.0,0.0,0.0032,0.0,0.0129,0.0,0.0,0.0,0.0,0.0,0.0026,0.0,0.0013,0.0182,0.0006,0.0031,0.0011,0.0009,0.0096,0.0054,0.0,0.0,0.0025,0.006500000000000001,0.0042,0.0042,0.0033
1992-02-18,0.018799999999999997,0.016200000000000003,0.0109,0.0,0.0084,0.0118,0.0,0.0278,0.013000000000000001,0.002,0.0134,0.0,0.0023,0.0034000000000000002,0.0053,0.0,0.0,0.0002,0.022400000000000003,0.0022,0.0116,0.011000000000000001,0.0068000000000000005,0.0029,0.0,0.0040999999999999995,0.020499999999999997,0.0181,0.0048,0.016200000000000003
1992-02-19,0.0,0.0,0.0173,0.0017000000000000001,0.0,0.0,0.0086,0.0040999999999999995,0.0,0.0,0.0,0.0,0.0,0.0,0.0,0.0083,0.0,0.0008,0.0066,0.0034000000000000002,0.0,0.0069,0.0,0.0,0.0,0.006,0.0,0.008199999999999999,0.0,0.0076
1992-02-20,0.0,0.0,0.005600000000000001,0.0,0.0,0.0,0.0,0.0,0.0,0.0,0.0,0.0,0.0,0.0,0.0,0.0,0.0,0.0,0.0,0.0,0.0,0.0,0.0,0.0,0.0,0.0,0.0,0.0,0.0,0.0
1992-02-21,0.005699999999999999,0.0044,0.0032,0.0028000000000000004,0.0132,0.0,0.0148,0.0042,0.0,0.0,0.0072,0.011899999999999999,0.005600000000000001,0.0019,0.0147,0.0,0.0059,0.020099999999999996,0.0051,0.0087,0.0095,0.010700000000000001,0.0029,0.0049,0.0062,0.005699999999999999,0.0096,0.0,0.0015,0.0055000000000000005
1992-02-24,0.0,0.0,0.0,0.0,0.0,0.0018,0.0077,0.0,0.0039000000000000003,0.004699999999999999,0.0058,0.0,0.0,0.0031,0.008199999999999999,0.0040999999999999995,0.0060999999999999995,0.018600000000000002,0.0,0.0043,0.0,0.0052,0.0063,0.005,0.0068000000000000005,0.0,0.0017000000000000001,0.0,0.0,0.006999999999999999
1992-02-25,0.0,0.0045000000000000005,0.0,0.0044,0.0076,0.0066,0.0033,0.0,0.0063,0.005699999999999999,0.011899999999999999,0.0147,0.011200000000000002,0.009300000000000001,0.0248,0.0131,0.004699999999999999,0.0,0.0,0.0,0.0021,0.0054,0.011200000000000002,0.0174,0.009399999999999999,0.0066,0.0051,0.0137,0.0038,0.0092
1992-02-26,0.0,0.0,0.0,0.0,0.0,0.0,0.0,0.0,0.001,0.0002,0.0,0.0,0.0,0.0,0.0,0.0023,0.0076,0.0,0.0,0.0,0.0,0.0,0.0,0.0,0.0,0.0,0.0,0.0096,0.0,0.0
1992-02-27,0.009300000000000001,0.005,0.0105,0.0,0.0,0.0,0.0,0.0049,0.0011,0.0013,0.0,0.0,0.0060999999999999995,0.0067,0.0134,0.0024,0.0,0.0,0.0013,0.0,0.0038,0.0,0.0014000000000000002,0.0045000000000000005,0.005600000000000001,0.0,0.0,0.0005,0.0,0.0
1992-02-28,0.0,0.0040999999999999995,0.0036,0.0025,0.0008,0.005600000000000001,0.0055000000000000005,0.0034999999999999996,0.003,0.0,0.0001,0.0026,0.0031,0.0029,0.0,0.0,0.005,0.0012,0.004,0.0016,0.0018,0.0054,0.008,0.0034000000000000002,0.0022,0.0004,0.0083,0.0034000000000000002,0.0029,0.0
1992-03-02,0.0042,0.0,0.0,0.0,0.0,0.0,0.0,0.0009,0.0,0.0,0.0,0.0,0.0,0.0,0.0,0.0,0.0063,0.0053,0.0115,0.001,0.0043,0.0024,0.0,0.0,0.0,0.0,0.0,0.0,0.0,0.0008
1992-03-03,0.0040999999999999995,0.0011,0.0097,0.0,0.0,0.0,0.0,0.004699999999999999,0.0,0.0,0.0,0.0,0.0,0.005699999999999999,0.0,0.0,0.0023,0.0147,0.0,0.0019,0.0021,0.0,0.0,0.0,0.0,0.0,0.0,0.0015,0.0005,0.0
1992-03-04,0.0106,0.008199999999999999,0.0163,0.0034999999999999996,0.003,0.0084,0.008199999999999999,0.013600000000000001,0.0064,0.0001,0.0011,0.006,0.006,0.009300000000000001,0.005600000000000001,0.004,0.0,0.0106,0.0095,0.0044,0.0029,0.0058,0.0075,0.0014000000000000002,0.0038,0.0042,0.0102,0.0046,0.005699999999999999,0.011200000000000002
1992-03-05,0.006500000000000001,0.01,0.0033,0.0072,0.0004,0.011399999999999999,0.013000000000000001,0.010700000000000001,0.0086,0.0077,0.0129,0.0129,0.0113,0.0007000000000000001,0.0104,0.0111,0.0,0.0015,0.002,0.0052,0.0045000000000000005,0.014199999999999999,0.0143,0.0076,0.0097,0.004699999999999999,0.0027,0.0149,0.0125,0.013300000000000001
1992-03-06,0.0,0.0115,0.0032,0.006,0.0085,0.0079,0.0131,0.0073,0.0072,0.0060999999999999995,0.0058,0.0125,0.0040999999999999995,0.0034999999999999996,0.0113,0.0051,0.013500000000000002,0.0045000000000000005,0.0,0.0014000000000000002,0.0004,0.0088,0.0089,0.0048,0.0158,0.0013,0.0102,0.003,0.0052,0.0025
1992-03-09,0.0,0.0,0.0068000000000000005,0.0097,0.0031,0.0026,0.0046,0.0,0.0059,0.006999999999999999,0.0,0.0104,0.0017000000000000001,0.0,0.0,0.01,0.009300000000000001,0.0,0.0022,0.0,0.0,0.0045000000000000005,0.0,0.0017000000000000001,0.001,0.0024,0.0,0.0,0.0,0.0046
1992-03-10,0.0,0.0,0.0,0.0,0.0,0.0,0.0,0.0,0.0,0.0,0.0,0.0014000000000000002,0.0007000000000000001,0.0,0.0,0.0,0.0,0.005,0.0,0.0,0.0,0.0,0.0,0.0,0.0,0.0,0.0,0.0,0.0,0.0002
1992-03-11,0.0072,0.0019,0.0,0.0141,0.0062,0.0079,0.0025,0.0101,0.0039000000000000003,0.0054,0.0134,0.005699999999999999,0.011699999999999999,0.0079,0.0048,0.0118,0.0038,0.0084,0.0022,0.0046,0.0046,0.0098,0.0125,0.0078000000000000005,0.0069,0.0026,0.0088,0.0,0.0083,0.0054
1992-03-12,0.0,0.0011,0.011200000000000002,0.0066,0.0078000000000000005,0.0024,0.0039000000000000003,0.0063,0.0022,0.0,0.0069,0.0098,0.0059,0.0004,0.0,0.0053,0.028399999999999998,0.0036,0.0,0.0017000000000000001,0.0026,0.0,0.0,0.0017000000000000001,0.0,0.0021,0.0022,0.0,0.0029,0.0
1992-03-13,0.0,0.0,0.0,0.0,0.0,0.0,0.0,0.0015,0.0,0.0,0.0,0.0,0.0,0.0,0.0043,0.0,0.0028000000000000004,0.0,0.0,0.0,0.0013,0.0,0.0,0.0,0.0,0.0,0.0,0.0003,0.0,0.0
1992-03-16,0.0,0.0,0.002,0.0,0.0011,0.0087,0.0079,0.0,0.0,0.0,0.0022,0.0,0.001,0.0017000000000000001,0.0,0.0,0.0116,0.004699999999999999,0.0052,0.0,0.0022,0.0,0.0016,0.0,0.005,0.0019,0.0,0.002,0.0,0.0
1992-03-17,0.0,0.0,0.0,0.0,0.0,0.0,0.0015,0.0,0.0,0.0,0.0,0.0,0.0,0.0,0.0,0.0,0.0126,0.0,0.0040999999999999995,0.0,0.0,0.0,0.0,0.0,0.0,0.0,0.0,0.0,0.0,0.0
1992-03-18,0.0034000000000000002,0.0072,0.0113,0.0,0.0,0.0008,0.0,0.0043,0.0,0.0,0.0,0.0009,0.0,0.0,0.0,0.0,0.0084,0.0012,0.008100000000000001,0.0,0.0016,0.0032,0.0,0.0,0.0039000000000000003,0.0,0.0,0.0,0.0,0.0287
1992-03-19,0.0048,0.008199999999999999,0.0022,0.0,0.0,0.0,0.0006,0.0,0.0,0.0,0.0011,0.0,0.0,0.0045000000000000005,0.0,0.0032,0.0,0.0,0.0017000000000000001,0.0019,0.0,0.0,0.0045000000000000005,0.0,0.0,0.0013,0.0,0.009000000000000001,0.0,0.0
1992-03-20,0.0013,0.0,0.0,0.005699999999999999,0.0,0.0,0.0095,0.0007000000000000001,0.0,0.0,0.0,0.0003,0.0,0.0,0.0,0.0,0.0073,0.0,0.0066,0.0,0.0,0.0,0.0,0.0033,0.0,0.0,0.0,0.0019,0.0,0.0004
1992-03-23,0.0053,0.0,0.0,0.0,0.0063,0.0040999999999999995,0.005,0.0031,0.0,0.0,0.0060999999999999995,0.0022,0.0026,0.005600000000000001,0.0054,0.0037,0.0,0.0101,0.0,0.0032,0.002,0.0008,0.0055000000000000005,0.0025,0.0074,0.0033,0.0086,0.0049,0.0044,0.0007000000000000001
1992-03-24,0.0032,0.0075,0.0059,0.0066,0.0040999999999999995,0.0,0.0,0.0,0.0,0.0,0.0049,0.0,0.006500000000000001,0.0046,0.0181,0.004699999999999999,0.0029,0.0085,0.0034000000000000002,0.0,0.0033,0.0063,0.005,0.0032,0.0165,0.0009,0.0002,0.0068000000000000005,0.0029,0.0067
1992-03-25,0.0,0.0,0.0,0.0,0.0072,0.0013,0.0046,0.0012,0.0062,0.0001,0.0037,0.0,0.0025,0.0,0.0,0.0,0.0045000000000000005,0.006500000000000001,0.0045000000000000005,0.0040999999999999995,0.0,0.0,0.0036,0.0106,0.0012,0.0,0.002,0.005699999999999999,0.0002,0.0172
1992-03-26,0.0,0.0,0.0,0.0075,0.0,0.0,0.0,0.0054,0.0,0.0012,0.0001,0.0,0.0,0.0084,0.0,0.0,0.0043,0.0085,0.0,0.0,0.0034000000000000002,0.0109,0.0097,0.0022,0.0036,0.0,0.0001,0.0,0.0,0.0
1992-03-27,0.01,0.0,0.024700000000000003,0.009000000000000001,0.013000000000000001,0.0105,0.017,0.013300000000000001,0.0062,0.0075,0.014199999999999999,0.0171,0.011699999999999999,0.0113,0.0246,0.0139,0.0019,0.009000000000000001,0.0070999999999999995,0.0026,0.0103,0.0236,0.021,0.009399999999999999,0.0086,0.0059,0.0074,0.022400000000000003,0.0085,0.012199999999999999
1992-03-30,0.0019,0.0068000000000000005,0.0,0.0,0.0036,0.0,0.0001,0.0021,0.0043,0.0049,0.0060999999999999995,0.0053,0.0,0.0022,0.0,0.0,0.0036,0.0,0.0033,0.0,0.0,0.0022,0.006999999999999999,0.0022,0.0037,0.0040999999999999995,0.0037,0.009300000000000001,0.0,0.013600000000000001
1992-03-31,0.0,0.0005,0.0,0.0,0.0019,0.0,0.0,0.0,0.0,0.0,0.0,0.0,0.0,0.0027,0.0038,0.0054,0.0,0.0,0.0,0.0,0.0,0.0005,0.0,0.0,0.0,0.0,0.0,0.0042,0.0,0.0
1992-04-01,0.0,0.0,0.0,0.0,0.009399999999999999,0.0,0.0037,0.0,0.0076,0.0,0.0008,0.0027,0.011899999999999999,0.0,0.0,0.0,0.0,0.0,0.0,0.0007000000000000001,0.0006,0.0,0.0034000000000000002,0.0002,0.0002,0.0059,0.0,0.0,0.0042,0.0053
1992-04-02,0.0054,0.009300000000000001,0.0,0.0,0.0,0.0102,0.0171,0.017,0.0067,0.0055000000000000005,0.006,0.0058,0.0043,0.0124,0.0072,0.0,0.004,0.0116,0.0116,0.0054,0.0063,0.0159,0.0089,0.0066,0.0103,0.0024,0.0191,0.0024,0.0118,0.0102
1992-04-03,0.0,0.0,0.005600000000000001,0.0,0.0045000000000000005,0.0,0.0158,0.0,0.0036,0.0092,0.0036,0.0137,0.004699999999999999,0.005600000000000001,0.0027,0.0049,0.0,0.0,0.0,0.0,0.0,0.0037,0.0059,0.0045000000000000005,0.0064,0.0018,0.0097,0.0,0.006999999999999999,0.0
1992-04-06,0.0,0.0,0.0,0.0,0.0,0.003,0.0,0.0,0.0,0.0,0.0,0.0,0.0,0.0,0.0,0.0008,0.003,0.0,0.0,0.0007000000000000001,0.0,0.0,0.0,0.0001,0.0,0.0,0.0,0.0,0.0,0.0
1992-04-07,0.0202,0.021400000000000002,0.0176,0.0236,0.0174,0.0232,0.0202,0.0222,0.0209,0.0105,0.0252,0.0147,0.0168,0.0191,0.0,0.013300000000000001,0.0225,0.0143,0.0213,0.0040999999999999995,0.008100000000000001,0.028300000000000002,0.0222,0.0126,0.0235,0.0191,0.0263,0.0161,0.016399999999999998,0.014199999999999999
1992-04-08,0.011200000000000002,0.0084,0.019799999999999998,0.0195,0.0204,0.012199999999999999,0.018000000000000002,0.0032,0.006500000000000001,0.015600000000000001,0.0075,0.0196,0.0158,0.0161,0.0127,0.0204,0.0208,0.0048,0.0039000000000000003,0.0055000000000000005,0.0152,0.0097,0.0008,0.0154,0.013000000000000001,0.0178,0.0084,0.011000000000000001,0.013999999999999999,0.0196
1992-04-09,0.0,0.0,0.0,0.0,0.0,0.0,0.0,0.0,0.0,0.0,0.0,0.0,0.0,0.0,0.0,0.0,0.0,0.0,0.0005,0.0,0.0,0.0,0.0,0.0,0.0,0.0,0.0,0.0,0.0,0.0
1992-04-10,0.0,0.0,0.0,0.0,0.0,0.0,0.0,0.0,0.0,0.0,0.0,0.0,0.0,0.0,0.0,0.0,0.0,0.0028000000000000004,0.0,0.0,0.0,0.0042,0.010700000000000001,0.0,0.0,0.0,0.0,0.0,0.0,0.0
1992-04-13,0.0,0.0037,0.0,0.0015,0.0,0.0,0.0,0.0,0.0,0.0,0.0,0.0,0.0,0.008,0.0,0.0,0.0012,0.0209,0.0026,0.0,0.0,0.0,0.0,0.0,0.0034999999999999996,0.0,0.0,0.0021,0.0,0.0
1992-04-14,0.0,0.0,0.0,0.001,0.0,0.0,0.0,0.0,0.0,0.0,0.0,0.0002,0.0,0.0,0.0,0.0,0.0,0.0,0.0,0.0,0.0,0.0,0.0,0.0,0.0,0.0,0.0,0.0,0.0,0.0
1992-04-15,0.0,0.0,0.0,0.0,0.0,0.0,0.0,0.0154,0.0,0.0,0.0,0.0,0.0,0.0,0.0,0.0,0.0246,0.0159,0.0,0.0,0.0,0.0,0.0,0.0,0.0,0.0,0.0,0.0,0.0,0.0
1992-04-16,0.0079,0.005,0.0024,0.0001,0.001,0.0027,0.0091,0.024399999999999998,0.0,0.0062,0.0021,0.0,0.0,0.0,0.0,0.0,0.0,0.0,0.0,0.0,0.0,0.0062,0.0034999999999999996,0.0002,0.0,0.0040999999999999995,0.015,0.0027,0.0038,0.0
1992-04-20,0.0196,0.0204,0.020499999999999997,0.020099999999999996,0.0077,0.0199,0.0297,0.0316,0.0074,0.023399999999999997,0.0139,0.006,0.0,0.0031,0.0,0.0103,0.0098,0.020099999999999996,0.0121,0.0058,0.002,0.0341,0.013500000000000002,0.0053,0.0204,0.0155,0.0263,0.026699999999999998,0.0125,0.0163
1992-04-21,0.0064,0.0038,0.0,0.006500000000000001,0.0,0.0019,0.0241,0.0,0.0,0.0,0.0105,0.0121,0.006500000000000001,0.0108,0.0034999999999999996,0.0,0.0,0.0091,0.0,0.001,0.0,0.0097,0.0073,0.0,0.0096,0.0070999999999999995,0.0025,0.0148,0.0,0.0025
1992-04-22,0.004,0.0039000000000000003,0.0,0.0,0.0,0.0,0.0,0.008199999999999999,0.0052,0.0048,0.0049,0.008,0.0053,0.0073,0.0062,0.0078000000000000005,0.0138,0.0,0.014199999999999999,0.0016,0.0,0.0,0.0,0.0,0.008199999999999999,0.0011,0.0,0.0016,0.0,0.003
1992-04-23,0.0,0.0,0.0008,0.0,0.0,0.0003,0.0,0.0124,0.0,0.0,0.0049,0.0,0.0,0.005699999999999999,0.0,0.0012,0.0,0.0,0.0,0.0,0.0,0.0064,0.0015,0.0012,0.0,0.0,0.0038,0.0,0.0,0.0
1992-04-24,0.011399999999999999,0.014499999999999999,0.0002,0.0102,0.0087,0.0,0.0063,0.0,0.0066,0.0,0.0,0.0,0.0,0.0073,0.0321,0.0108,0.0037,0.0025,0.0,0.0003,0.005699999999999999,0.01,0.0078000000000000005,0.0083,0.0087,0.0,0.013300000000000001,0.0,0.006500000000000001,0.015700000000000002
1992-04-27,0.0,0.0058,0.0085,0.0078000000000000005,0.006500000000000001,0.0028000000000000004,0.0143,0.0,0.0052,0.004699999999999999,0.0,0.0129,0.0028000000000000004,0.0015,0.0,0.0,0.0034000000000000002,0.0,0.0,0.001,0.0,0.008,0.0084,0.0074,0.0,0.0053,0.0091,0.011200000000000002,0.0039000000000000003,0.0
1992-04-28,0.0,0.0,0.0,0.0106,0.0,0.0088,0.0152,0.0,0.0,0.0158,0.0034999999999999996,0.0,0.0066,0.0073,0.0,0.0019,0.0066,0.0016,0.0,0.0,0.0,0.0169,0.008100000000000001,0.0011,0.0,0.0034000000000000002,0.005600000000000001,0.0009,0.0034999999999999996,0.0031
1992-04-29,0.0,0.0,0.0,0.0,0.0,0.0,0.0,0.0,0.0,0.0,0.0027,0.0,0.0,0.0038,0.0,0.0002,0.0124,0.012,0.0021,0.0,0.0,0.0,0.0,0.0,0.0,0.0,0.0,0.0,0.0,0.0
1992-04-30,0.0,0.0,0.0,0.0042,0.0,0.0,0.0,0.0,0.0,0.0,0.0,0.0,0.0,0.0,0.0064,0.0,0.0,0.0,0.0,0.0,0.0,0.0,0.0,0.0,0.0,0.0,0.0,0.0,0.0,0.0
1992-05-01,0.0052,0.002,0.0049,0.0,0.011699999999999999,0.0055000000000000005,0.0116,0.0013,0.004699999999999999,0.0074,0.0039000000000000003,0.0059,0.0003,0.0098,0.014499999999999999,0.0011,0.0,0.0,0.0076,0.0007000000000000001,0.004,0.0,0.0032,0.0067,0.0040999999999999995,0.0002,0.0104,0.0123,0.0034999999999999996,0.02
1992-05-04,0.0,0.0,0.0,0.0,0.0,0.0,0.0,0.0,0.0,0.0,0.0,0.0,0.0,0.0,0.0,0.0,0.0106,0.0,0.0,0.0,0.0,0.0,0.0,0.0,0.0,0.0,0.0,0.0,0.0,0.0
1992-05-05,0.0,0.0078000000000000005,0.0069,0.0051,0.0037,0.0064,0.0,0.0,0.0044,0.0008,0.0,0.0002,0.0046,0.001,0.0,0.0105,0.0,0.0,0.0016,0.0,0.004699999999999999,0.0,0.0,0.004699999999999999,0.0,0.0,0.0,0.0,0.0,0.006500000000000001
1992-05-06,0.0021,0.0043,0.0017000000000000001,0.0,0.0,0.0,0.0,0.0072,0.0,0.0,0.0,0.0,0.0,0.0017000000000000001,0.0,0.0,0.0,0.0159,0.005,0.0,0.0001,0.0,0.0,0.0060999999999999995,0.0,0.0,0.0008,0.0,0.0,0.0
1992-05-07,0.0025,0.0,0.0075,0.0017000000000000001,0.0007000000000000001,0.0,0.0036,0.0026,0.0031,0.0,0.0,0.0,0.0,0.0014000000000000002,0.0097,0.0,0.0111,0.0134,0.0,0.0019,0.0039000000000000003,0.0051,0.0,0.0022,0.0095,0.0,0.0011,0.0,0.0027,0.0058
1992-05-08,0.0046,0.0,0.0025,0.0019,0.0005,0.0,0.0,0.0025,0.0067,0.0,0.0013,0.0027,0.0008,0.0,0.0027,0.001,0.0,0.019299999999999998,0.0,0.0,0.0,0.0073,0.0034999999999999996,0.0,0.0,0.0,0.0,0.0014000000000000002,0.0,0.0042
1992-05-11,0.0,0.0,0.0,0.0,0.0,0.0,0.0,0.0,0.0,0.0,0.0,0.0,0.0,0.0,0.0039000000000000003,0.0,0.0031,0.0,0.0,0.0,0.0005,0.0009,0.0,0.0,0.0,0.0,0.0,0.0,0.0,0.0034999999999999996
1992-05-12,0.0040999999999999995,0.0027,0.0085,0.0060999999999999995,0.0052,0.01,0.0013,0.010700000000000001,0.0087,0.0075,0.0076,0.0031,0.0102,0.0018,0.0,0.0,0.0048,0.0,0.0098,0.0003,0.004,0.0019,0.0040999999999999995,0.0026,0.0,0.0039000000000000003,0.0076,0.0217,0.0005,0.0068000000000000005
1992-05-13,0.0039000000000000003,0.0,0.0,0.0,0.0,0.0,0.009000000000000001,0.0024,0.0,0.0012,0.0036,0.0,0.0014000000000000002,0.0064,0.0006,0.005,0.0,0.0,0.0,0.0,0.0006,0.0049,0.0087,0.0025,0.006,0.001,0.0034000000000000002,0.0043,0.0,0.0004
1992-05-14,0.0064,0.009399999999999999,0.0075,0.0086,0.0046,0.0021,0.0208,0.0138,0.0039000000000000003,0.011899999999999999,0.012,0.0059,0.0088,0.0075,0.0151,0.011200000000000002,0.0,0.0,0.0,0.004699999999999999,0.0,0.0141,0.0154,0.002,0.0189,0.0097,0.0174,0.0109,0.009000000000000001,0.008199999999999999
1992-05-15,0.008199999999999999,0.0,0.0178,0.0,0.0029,0.0059,0.0174,0.0036,0.0067,0.0,0.0042,0.008100000000000001,0.0067,0.0079,0.006500000000000001,0.0051,0.0051,0.0066,0.006999999999999999,0.0018,0.0054,0.006999999999999999,0.004,0.0062,0.0062,0.0037,0.0126,0.008,0.0062,0.0037
1992-05-18,0.0,0.0,0.0026,0.0,0.0,0.0,0.0,0.0,0.002,0.0115,0.0,0.0,0.0,0.0028000000000000004,0.0,0.0015,0.0,0.0,0.0,0.0,0.0,0.0,0.0084,0.0,0.0,0.0,0.0,0.0,0.0,0.0
1992-05-19,0.0,0.0,0.0012,0.0,0.0,0.0,0.0,0.0,0.0,0.0,0.0,0.0,0.0,0.0,0.0,0.0,0.0,0.0078000000000000005,0.0,0.0,0.0,0.0,0.0,0.0,0.0,0.0,0.0,0.0,0.0,0.0
1992-05-20,0.0,0.0052,0.0,0.0159,0.0001,0.0013,0.004,0.002,0.0,0.0,0.0026,0.0038,0.0014000000000000002,0.004,0.004,0.0,0.0,0.0,0.0084,0.0,0.0,0.0,0.0,0.0059,0.0077,0.0,0.0068000000000000005,0.0,0.0,0.0031
1992-05-21,0.0086,0.004,0.0011,0.0159,0.0077,0.0034999999999999996,0.0098,0.0043,0.0068000000000000005,0.0048,0.0051,0.008199999999999999,0.0036,0.0105,0.006500000000000001,0.0067,0.0072,0.0059,0.0,0.0072,0.0131,0.004699999999999999,0.0037,0.009399999999999999,0.0037,0.0059,0.0144,0.0011,0.0055000000000000005,0.0102
1992-05-22,0.0034000000000000002,0.0018,0.0,0.0023,0.005600000000000001,0.0005,0.0,0.0,0.0013,0.0028000000000000004,0.0,0.0,0.0,0.0,0.0,0.0036,0.0,0.0076,0.0,0.0,0.0015,0.0,0.0,0.0,0.0,0.0,0.0,0.0115,0.0,0.0
1992-05-26,0.0155,0.0203,0.0191,0.0072,0.0036,0.008,0.0053,0.0168,0.0011,0.011899999999999999,0.012199999999999999,0.003,0.0008,0.0139,0.0196,0.0147,0.0,0.0,0.0,0.0014000000000000002,0.013999999999999999,0.0084,0.011200000000000002,0.008100000000000001,0.0024,0.0075,0.0131,0.0147,0.0125,0.0105
1992-05-27,0.0,0.0,0.0,0.0,0.0,0.0,0.0043,0.0,0.0040999999999999995,0.0022,0.0,0.0004,0.0038,0.0,0.0,0.0,0.0,0.0,0.0246,0.0,0.0,0.0,0.0,0.0,0.0005,0.0009,0.0,0.0,0.0,0.0
1992-05-28,0.0,0.0,0.0,0.0,0.0,0.0,0.0021,0.0,0.0,0.0,0.0,0.0,0.0,0.0,0.0,0.0,0.0095,0.0102,0.0,0.0,0.0104,0.0,0.0,0.0,0.0064,0.0,0.0,0.0,0.0,0.0
1992-05-29,0.0,0.0034999999999999996,0.0,0.0,0.0015,0.0011,0.0,0.0021,0.0,0.0,0.005,0.0012,0.0,0.009000000000000001,0.0,0.0,0.0091,0.004699999999999999,0.0138,0.0029,0.0034999999999999996,0.0,0.0,0.0,0.0,0.0,0.0,0.0,0.0,0.0083
1992-06-01,0.0,0.0,0.0172,0.0,0.0008,0.0,0.0,0.0,0.0,0.0074,0.0077,0.0,0.0051,0.0,0.0,0.0016,0.0,0.0058,0.0,0.0001,0.0,0.0,0.0024,0.0034999999999999996,0.0,0.0004,0.0,0.0,0.0,0.0
1992-06-02,0.004,0.005699999999999999,0.006500000000000001,0.0,0.0,0.005699999999999999,0.0021,0.0355,0.0,0.0045000000000000005,0.0,0.0,0.0,0.0038,0.008100000000000001,0.0,0.0,0.0087,0.0054,0.0034999999999999996,0.0078000000000000005,0.0,0.0,0.003,0.001,0.0009,0.0058,0.0,0.0007000000000000001,0.0227
1992-06-03,0.0012,0.0060999999999999995,0.0025,0.0,0.0,0.0,0.0034000000000000002,0.002,0.0062,0.0024,0.002,0.0,0.0,0.0,0.0,0.0,0.0013,0.0,0.0,0.0,0.0,0.0017000000000000001,0.0043,0.0048,0.0,0.0,0.0,0.0111,0.0,0.0045000000000000005
1992-06-04,0.0089,0.0197,0.025699999999999997,0.0236,0.0,0.0084,0.013999999999999999,0.0043,0.0066,0.0,0.005,0.0,0.0,0.0,0.0,0.0,0.0,0.0024,0.0,0.0031,0.003,0.0023,0.006999999999999999,0.0,0.0,0.0048,0.0008,0.0059,0.0053,0.0016
1992-06-05,0.0098,0.0,0.0,0.011200000000000002,0.001,0.0132,0.0227,0.0012,0.0,0.0,0.003,0.0,0.003,0.0,0.0008,0.0,0.0,0.0,0.0,0.0,0.0,0.0067,0.0,0.0,0.0,0.0003,0.0103,0.0,0.0004,0.0036
1992-06-08,0.0,0.0052,0.0,0.0,0.004699999999999999,0.0,0.0,0.0204,0.0013,0.0,0.0052,0.0,0.0011,0.0126,0.0014000000000000002,0.0,0.0,0.0034999999999999996,0.0014000000000000002,0.0,0.0,0.0085,0.0003,0.0066,0.0027,0.0,0.0036,0.0049,0.0,0.0013
1992-06-09,0.013999999999999999,0.004,0.015,0.0118,0.014499999999999999,0.0131,0.0111,0.011200000000000002,0.005699999999999999,0.017,0.015600000000000001,0.0079,0.0070999999999999995,0.0024,0.0096,0.0098,0.0,0.0113,0.0,0.0009,0.0040999999999999995,0.016399999999999998,0.0083,0.015700000000000002,0.016,0.0042,0.010700000000000001,0.016,0.0091,0.0109
1992-06-10,0.0143,0.0076,0.008100000000000001,0.012199999999999999,0.009300000000000001,0.0103,0.0086,0.016,0.0101,0.015700000000000002,0.0078000000000000005,0.0045000000000000005,0.0048,0.004,0.0034000000000000002,0.011399999999999999,0.0040999999999999995,0.0,0.0,0.0007000000000000001,0.0,0.0096,0.014199999999999999,0.0023,0.0171,0.0066,0.0036,0.013500000000000002,0.0059,0.0036
1992-06-11,0.0,0.0,0.0,0.0,0.0036,0.0037,0.0034999999999999996,0.0,0.0,0.0138,0.0,0.0034000000000000002,0.0026,0.0,0.0083,0.0,0.0,0.005699999999999999,0.0,0.0,0.0,0.0104,0.0,0.0005,0.0026,0.0031,0.0,0.0091,0.0,0.0
1992-06-12,0.0,0.0021,0.0,0.0,0.0,0.0,0.0,0.0,0.0,0.0,0.0,0.0,0.0016,0.0051,0.0,0.0062,0.0,0.0,0.015700000000000002,0.0,0.0,0.0,0.0,0.0,0.0,0.0,0.0,0.0,0.0,0.0
1992-06-15,0.004,0.0078000000000000005,0.013300000000000001,0.0,0.0016,0.004699999999999999,0.0044,0.0032,0.0025,0.0069,0.0034000000000000002,0.0012,0.0,0.0,0.0,0.0053,0.0,0.0,0.0,0.0,0.0,0.0,0.0033,0.0012,0.0,0.0,0.0,0.0,0.0,0.0025
1992-06-16,0.0132,0.0149,0.0076,0.0074,0.0027,0.0059,0.0109,0.0038,0.0045000000000000005,0.006999999999999999,0.0086,0.0033,0.0064,0.0,0.0,0.0013,0.0152,0.0092,0.0051,0.0,0.0040999999999999995,0.0181,0.0123,0.0011,0.0,0.004699999999999999,0.0044,0.0070999999999999995,0.0021,0.0
1992-06-17,0.0042,0.020099999999999996,0.0313,0.020099999999999996,0.0158,0.0255,0.0291,0.0181,0.0144,0.0275,0.0215,0.0040999999999999995,0.0308,0.018799999999999997,0.0398,0.0039000000000000003,0.0181,0.0168,0.0043,0.0062,0.0054,0.0173,0.0204,0.0111,0.0213,0.0127,0.0245,0.0177,0.014499999999999999,0.016
1992-06-18,0.0,0.0005,0.0,0.001,0.0073,0.0068000000000000005,0.0024,0.0,0.0158,0.0060999999999999995,0.008100000000000001,0.0209,0.0069,0.0,0.0,0.021,0.0,0.0148,0.011699999999999999,0.0022,0.0044,0.0025,0.0022,0.006,0.012,0.0113,0.0029,0.0,0.0051,0.0
1992-06-19,0.0,0.0,0.0,0.0,0.0,0.0,0.0,0.0,0.0,0.0026,0.0,0.002,0.0,0.0,0.0,0.0,0.0005,0.0045000000000000005,0.0,0.0,0.0,0.0,0.0,0.0,0.0,0.0,0.0,0.0,0.0,0.0
1992-06-22,0.0,0.0072,0.001,0.0086,0.0015,0.0,0.0042,0.0,0.0105,0.0159,0.002,0.0086,0.014199999999999999,0.0,0.0078000000000000005,0.005600000000000001,0.0,0.0116,0.0121,0.0009,0.0028000000000000004,0.0026,0.0019,0.0060999999999999995,0.0089,0.0038,0.0052,0.0019,0.0044,0.0124
1992-06-23,0.0,0.0,0.0,0.011200000000000002,0.0,0.0,0.0,0.0,0.0,0.0,0.0,0.0,0.0004,0.0,0.0,0.0015,0.0016,0.0,0.0091,0.0007000000000000001,0.0,0.0,0.0,0.0,0.0024,0.0019,0.0,0.0,0.0,0.0
1992-06-24,0.0,0.0029,0.0024,0.0013,0.0019,0.0,0.0175,0.0118,0.0,0.0013,0.0,0.0,0.0018,0.0006,0.0,0.009899999999999999,0.0106,0.0,0.0,0.0004,0.0048,0.008100000000000001,0.0,0.0,0.0,0.0004,0.0043,0.0,0.0,0.0060999999999999995
1992-06-25,0.0002,0.0,0.020099999999999996,0.0,0.0014000000000000002,0.002,0.0,0.0039000000000000003,0.0,0.0033,0.0029,0.004,0.0031,0.0,0.0128,0.0040999999999999995,0.0,0.0076,0.0096,0.002,0.0004,0.011000000000000001,0.0052,0.0,0.0036,0.0066,0.002,0.0,0.0,0.0031
1992-06-26,0.0,0.0075,0.0032,0.008199999999999999,0.0033,0.0,0.0,0.0,0.0016,0.0038,0.0,0.0054,0.0079,0.0,0.0078000000000000005,0.002,0.0121,0.0,0.004699999999999999,0.0012,0.0,0.011000000000000001,0.0,0.0026,0.0005,0.0,0.0,0.0,0.0,0.0
1992-06-29,0.0,0.0,0.0032,0.0,0.0,0.0,0.0,0.0,0.0,0.0,0.0,0.0,0.0,0.0,0.0,0.0,0.0,0.018799999999999997,0.0,0.0,0.0,0.0,0.0,0.0,0.0,0.0,0.0,0.0,0.0,0.0137
1992-06-30,0.0,0.0113,0.0060999999999999995,0.0,0.0,0.0,0.0,0.0003,0.0,0.0,0.0,0.0,0.0,0.0121,0.0,0.0,0.0,0.0264,0.009399999999999999,0.0,0.0,0.0,0.0033,0.0,0.0033,0.0,0.0,0.0097,0.0,0.0013
1992-07-01,0.0,0.0,0.0,0.0,0.0,0.0,0.0,0.0,0.0,0.0,0.0,0.0,0.0,0.0,0.0067,0.0,0.0,0.0,0.0009,0.0,0.0,0.0,0.0,0.0,0.0,0.0,0.0,0.0,0.0,0.0
1992-07-02,0.0,0.0,0.0,0.011399999999999999,0.0,0.0,0.0124,0.0034000000000000002,0.0127,0.0055000000000000005,0.009899999999999999,0.011000000000000001,0.013000000000000001,0.0155,0.0363,0.0022,0.0,0.0,0.0,0.0,0.0,0.016200000000000003,0.021,0.013000000000000001,0.0115,0.0049,0.004,0.006999999999999999,0.0,0.0015
1992-07-06,0.0,0.0,0.0,0.0183,0.005600000000000001,0.0,0.0,0.0,0.0043,0.0078000000000000005,0.0,0.0092,0.0058,0.0,0.0101,0.0006,0.0,0.0,0.0,0.0,0.0,0.009300000000000001,0.0,0.005,0.0079,0.0017000000000000001,0.0,0.0043,0.0,0.0015
1992-07-07,0.0085,0.008100000000000001,0.0,0.011399999999999999,0.006999999999999999,0.0113,0.0206,0.0169,0.0176,0.0025,0.0115,0.022099999999999998,0.0155,0.016,0.0011,0.0095,0.0148,0.0222,0.0060999999999999995,0.0,0.0012,0.0227,0.0155,0.026699999999999998,0.0064,0.010700000000000001,0.024399999999999998,0.018799999999999997,0.0055000000000000005,0.0040999999999999995
1992-07-08,0.0,0.0,0.0,0.0017000000000000001,0.0053,0.0,0.0,0.0,0.0029,0.006999999999999999,0.002,0.0019,0.0,0.0,0.0067,0.009899999999999999,0.0015,0.0,0.0,0.0,0.0,0.0,0.0,0.0002,0.0128,0.0067,0.0,0.0118,0.0015,0.0001
1992-07-09,0.0,0.0,0.0,0.0,0.0,0.0,0.0,0.0,0.0,0.0,0.0,0.0,0.0,0.0,0.0,0.0,0.0021,0.0,0.0,0.0,0.0,0.0,0.0,0.0,0.0,0.0,0.0,0.0,0.0,0.0
1992-07-10,0.0,0.005,0.0052,0.0,0.0,0.0,0.0,0.0013,0.0016,0.0,0.0,0.0098,0.0,0.015300000000000001,0.0,0.0021,0.0053,0.0,0.0,0.0,0.0015,0.0,0.0,0.0,0.0003,0.0,0.0,0.0,0.0,0.0
1992-07-13,0.0002,0.008100000000000001,0.0075,0.0055000000000000005,0.0,0.0,0.0,0.0,0.0,0.0,0.0,0.0006,0.0,0.0,0.0,0.0,0.0,0.0,0.0,0.0,0.0008,0.0,0.0,0.0,0.0,0.0012,0.0,0.0,0.0023,0.0
1992-07-14,0.0,0.009899999999999999,0.0,0.0,0.0,0.0,0.0022,0.0,0.0,0.0,0.0,0.0,0.0,0.0,0.0,0.0048,0.0,0.0,0.0,0.0,0.0,0.0,0.0,0.0,0.0,0.0,0.0,0.0,0.0,0.0
1992-07-15,0.0005,0.015300000000000001,0.0070999999999999995,0.0,0.0,0.0,0.0,0.0,0.006,0.0032,0.0,0.0063,0.0017000000000000001,0.0,0.004699999999999999,0.0,0.0,0.0,0.009399999999999999,0.0,0.0,0.0,0.0,0.0192,0.0,0.0,0.0027,0.0006,0.0060999999999999995,0.0
1992-07-16,0.0,0.0021,0.0001,0.0,0.0,0.0,0.0,0.0,0.0,0.0,0.0,0.0,0.0,0.008100000000000001,0.004,0.0,0.0007000000000000001,0.0,0.0,0.0,0.0,0.0,0.0,0.0,0.0068000000000000005,0.0,0.0001,0.0,0.0098,0.0
1992-07-17,0.0016,0.0,0.0,0.0089,0.005600000000000001,0.0068000000000000005,0.0037,0.0027,0.0076,0.0,0.0017000000000000001,0.0,0.006999999999999999,0.0,0.014499999999999999,0.0067,0.0,0.0063,0.0077,0.0022,0.0040999999999999995,0.0087,0.0235,0.002,0.005600000000000001,0.0034999999999999996,0.0036,0.0018,0.0036,0.0019
1992-07-20,0.006500000000000001,0.0019,0.0,0.0058,0.0096,0.0109,0.0086,0.0092,0.0023,0.0046,0.0012,0.021,0.0079,0.0031,0.0021,0.0029,0.0063,0.0096,0.0006,0.0037,0.0024,0.0083,0.0091,0.0040999999999999995,0.014499999999999999,0.0063,0.0051,0.0143,0.0,0.0042
1992-07-21,0.0,0.0,0.0063,0.0,0.0006,0.0,0.0,0.0013,0.0,0.0,0.0,0.0,0.0,0.0,0.0103,0.0,0.0173,0.019799999999999998,0.0027,0.0015,0.004,0.0,0.0,0.0,0.0,0.0,0.0,0.0,0.0,0.0
1992-07-22,0.010700000000000001,0.0242,0.0217,0.0055000000000000005,0.0084,0.0098,0.011200000000000002,0.0006,0.006999999999999999,0.01,0.005600000000000001,0.008100000000000001,0.0046,0.0074,0.0197,0.008199999999999999,0.0038,0.0,0.0007000000000000001,0.0,0.0095,0.0077,0.0102,0.0103,0.011899999999999999,0.0062,0.0075,0.0143,0.0039000000000000003,0.0040999999999999995
1992-07-23,0.0005,0.0,0.0098,0.0012,0.0,0.0,0.0,0.0023,0.0,0.0004,0.0,0.0,0.0,0.0,0.0,0.0,0.0,0.0,0.0,0.0,0.0,0.0,0.0,0.0008,0.0,0.0001,0.0,0.023700000000000002,0.0,0.0
1992-07-24,0.0,0.0011,0.0,0.0,0.0022,0.0060999999999999995,0.0,0.0,0.0,0.0,0.0,0.0,0.0,0.0215,0.0,0.0,0.0109,0.0016,0.0,0.0,0.0028000000000000004,0.0,0.0,0.0032,0.0,0.0008,0.0045000000000000005,0.0,0.0040999999999999995,0.0
1992-07-27,0.0028000000000000004,0.0055000000000000005,0.011699999999999999,0.0,0.0,0.0036,0.0,0.0,0.0,0.0,0.0,0.0,0.0,0.0,0.0,0.0044,0.0074,0.0004,0.0086,0.0,0.0005,0.0014000000000000002,0.0053,0.0055000000000000005,0.0,0.0,0.0,0.0,0.002,0.0
1992-07-28,0.0,0.0,0.0,0.0,0.0,0.0,0.0,0.0,0.0,0.0,0.0,0.0,0.0,0.0,0.0,0.0,0.0,0.0001,0.0,0.0,0.0,0.0,0.0,0.0,0.0,0.0,0.0,0.0,0.0,0.0
1992-07-29,0.0,0.0,0.0062,0.0,0.0,0.0,0.0,0.0,0.0,0.0,0.0,0.0,0.0,0.0,0.0028000000000000004,0.0,0.0048,0.0,0.0,0.0,0.0,0.0,0.0,0.0,0.0,0.0,0.0,0.0,0.0,0.0
1992-07-30,0.0,0.0078000000000000005,0.0,0.0,0.0,0.0,0.0,0.0,0.0,0.0,0.0,0.0008,0.0,0.008199999999999999,0.0,0.0,0.0105,0.0,0.0,0.0,0.0,0.0,0.0,0.0,0.0,0.0,0.0,0.0008,0.0,0.0
1992-07-31,0.0,0.0,0.0,0.0045000000000000005,0.0055000000000000005,0.0,0.0,0.0014000000000000002,0.0,0.0,0.0028000000000000004,0.0028000000000000004,0.0008,0.0,0.0,0.0,0.0,0.0,0.0,0.0,0.0,0.0,0.0,0.0038,0.0052,0.0,0.0,0.0031,0.0,0.0
1992-08-03,0.0,0.0,0.0,0.0,0.0040999999999999995,0.0002,0.0,0.0,0.0032,0.0,0.0,0.0,0.0,0.011000000000000001,0.0051,0.0,0.022000000000000002,0.0,0.0,0.0,0.0011,0.0,0.0,0.0039000000000000003,0.0017000000000000001,0.0,0.0,0.0138,0.0,0.0006
1992-08-04,0.0,0.006,0.0,0.0055000000000000005,0.0,0.0002,0.0,0.0,0.0,0.0,0.001,0.0068000000000000005,0.006500000000000001,0.0,0.0177,0.0,0.0,0.0,0.0,0.0017000000000000001,0.0,0.0028000000000000004,0.003,0.0,0.0046,0.0034000000000000002,0.0036,0.0031,0.0024,0.0070999999999999995
1992-08-05,0.0005,0.0017000000000000001,0.0008,0.0085,0.0018,0.0024,0.006,0.0059,0.0017000000000000001,0.0031,0.0044,0.0044,0.0045000000000000005,0.0075,0.0148,0.0048,0.0073,0.0023,0.011000000000000001,0.0067,0.0024,0.0098,0.013600000000000001,0.0066,0.009300000000000001,0.011399999999999999,0.0012,0.0032,0.0007000000000000001,0.0025
1992-08-06,0.0,0.0007000000000000001,0.0,0.003,0.0008,0.005699999999999999,0.0087,0.0036,0.0018,0.0089,0.0015,0.0038,0.0052,0.0,0.030699999999999998,0.0019,0.0,0.0009,0.0049,0.0040999999999999995,0.0,0.0043,0.0131,0.0027,0.0039000000000000003,0.0019,0.0014000000000000002,0.0058,0.0024,0.0032
1992-08-07,0.0026,0.0012,0.004,0.0,0.0004,0.0,0.0046,0.0003,0.0059,0.003,0.0029,0.0104,0.005,0.0027,0.0092,0.0031,0.0023,0.0034999999999999996,0.0,0.0,0.0033,0.0066,0.0217,0.0002,0.0033,0.0006,0.0,0.0042,0.0,0.0022
1992-08-10,0.0,0.0,0.0,0.005600000000000001,0.002,0.0067,0.0017000000000000001,0.0023,0.0007000000000000001,0.0,0.0009,0.0074,0.0018,0.0,0.0,0.003,0.0088,0.005,0.0,0.0,0.0008,0.0,0.0,0.0017000000000000001,0.004699999999999999,0.0,0.0,0.0051,0.004699999999999999,0.0008
1992-08-11,0.0026,0.0034999999999999996,0.0063,0.0,0.0036,0.0101,0.0091,0.0034000000000000002,0.0018,0.0004,0.0036,0.0096,0.0015,0.0,0.0,0.0016,0.0121,0.0,0.0,0.0002,0.0,0.0027,0.0025,0.008100000000000001,0.0042,0.0023,0.0015,0.0,0.0,0.001
1992-08-12,0.0028000000000000004,0.0,0.011200000000000002,0.0,0.0016,0.0039000000000000003,0.0,0.0044,0.0085,0.0038,0.0005,0.0144,0.0052,0.006500000000000001,0.0103,0.0,0.053399999999999996,0.0086,0.0033,0.0,0.001,0.0027,0.0001,0.0038,0.0128,0.0039000000000000003,0.0051,0.0,0.0,0.0089
1992-08-13,0.0,0.0,0.0,0.0,0.0,0.0,0.0,0.0,0.0055000000000000005,0.0034999999999999996,0.0009,0.013300000000000001,0.0,0.0,0.0066,0.01,0.021099999999999997,0.0,0.0,0.0,0.0,0.0005,0.0,0.0118,0.0054,0.0015,0.0,0.0008,0.0018,0.0
1992-08-14,0.0,0.0,0.0063,0.0,0.0,0.0,0.0,0.0,0.0,0.0,0.0,0.0,0.0007000000000000001,0.0,0.0,0.0,0.0,0.0013,0.0026,0.0,0.0,0.0,0.0,0.0,0.0,0.0,0.0,0.0025,0.0,0.0
1992-08-17,0.0,0.0,0.0,0.0,0.0,0.0,0.0060999999999999995,0.0,0.0,0.0,0.0,0.0,0.0066,0.0,0.0,0.0,0.0,0.0,0.005600000000000001,0.0,0.0,0.002,0.002,0.0,0.0,0.0,0.0,0.0,0.0,0.0
1992-08-18,0.0,0.0,0.0,0.0017000000000000001,0.0026,0.0,0.0,0.0,0.0001,0.0002,0.0,0.0,0.0,0.0,0.0025,0.002,0.006999999999999999,0.0,0.0,0.0,0.0,0.0015,0.0066,0.0,0.0018,0.0,0.0,0.0,0.0036,0.0
1992-08-19,0.0042,0.0108,0.008199999999999999,0.0226,0.0106,0.0067,0.0,0.0072,0.0034000000000000002,0.009399999999999999,0.0046,0.002,0.0026,0.0051,0.0105,0.009399999999999999,0.0,0.0037,0.0,0.0,0.0052,0.0076,0.0101,0.0049,0.0058,0.0077,0.0052,0.0097,0.0131,0.012
1992-08-20,0.0,0.0,0.013000000000000001,0.0007000000000000001,0.0,0.0008,0.0032,0.0022,0.004699999999999999,0.0043,0.0,0.0084,0.0038,0.0,0.0104,0.0001,0.0137,0.0003,0.0001,0.0,0.0,0.0,0.0024,0.005699999999999999,0.0015,0.0,0.0,0.0,0.0,0.0005
1992-08-21,0.004,0.017,0.0,0.011899999999999999,0.0006,0.005600000000000001,0.0021,0.0158,0.0104,0.0068000000000000005,0.0131,0.0271,0.0027,0.0123,0.0103,0.0111,0.0,0.018600000000000002,0.0172,0.0,0.0022,0.0042,0.0034000000000000002,0.0,0.0127,0.0033,0.0085,0.0131,0.004699999999999999,0.004
1992-08-24,0.0074,0.0063,0.0169,0.0187,0.013000000000000001,0.0088,0.013999999999999999,0.0085,0.014499999999999999,0.0149,0.0087,0.0202,0.0181,0.0118,0.0341,0.0104,0.0,0.0256,0.0,0.0088,0.011399999999999999,0.015600000000000001,0.0148,0.0070999999999999995,0.015300000000000001,0.0096,0.012,0.0152,0.0174,0.015600000000000001
1992-08-25,0.0015,0.0,0.002,0.0,0.0,0.0,0.0033,0.0,0.0038,0.0096,0.0,0.0,0.0,0.0025,0.0,0.009300000000000001,0.0076,0.011399999999999999,0.0,0.0006,0.0,0.0,0.0,0.0046,0.0031,0.0,0.0,0.0,0.005,0.0046
1992-08-26,0.0,0.0,0.0022,0.0,0.0,0.0,0.0,0.0,0.0,0.0,0.0,0.0,0.0,0.0016,0.0,0.0,0.0073,0.0016,0.0,0.0,0.0,0.0,0.0,0.0005,0.0063,0.0,0.0,0.0,0.0,0.0
1992-08-27,0.0,0.0,0.0,0.0,0.0,0.0,0.0,0.005699999999999999,0.0,0.0,0.0,0.0,0.0,0.0,0.0022,0.0,0.0,0.0,0.0045000000000000005,0.0,0.008199999999999999,0.0,0.0,0.0,0.0,0.0,0.0,0.0,0.0,0.0
1992-08-28,0.0,0.0,0.0,0.0,0.0,0.0009,0.0,0.006500000000000001,0.0,0.0015,0.0,0.0,0.0,0.009300000000000001,0.009899999999999999,0.0,0.0,0.0,0.0,0.0,0.0016,0.0,0.0,0.0,0.0,0.0,0.0,0.0087,0.0,0.0
1992-08-31,0.0,0.0074,0.0,0.0078000000000000005,0.0,0.0053,0.0,0.0073,0.005600000000000001,0.0007000000000000001,0.0003,0.008199999999999999,0.0,0.0,0.0,0.0053,0.0,0.0,0.0,0.0018,0.0018,0.0,0.0,0.0001,0.0006,0.0,0.0016,0.0029,0.0045000000000000005,0.0
1992-09-01,0.0,0.0,0.0,0.0,0.0,0.0,0.0,0.0,0.0,0.0028000000000000004,0.0,0.0001,0.0,0.0,0.005699999999999999,0.0,0.0011,0.0,0.0043,0.0,0.0,0.0,0.0,0.0,0.0,0.0,0.0,0.0,0.0,0.0
1992-09-02,0.0,0.0038,0.0,0.0,0.0,0.0,0.0,0.0,0.0,0.0,0.0,0.0,0.0,0.0,0.0,0.0,0.0179,0.0,0.0,0.0008,0.0,0.0,0.0,0.0,0.0,0.0,0.0,0.0,0.0,0.0
1992-09-03,0.0,0.0,0.0,0.0,0.0,0.0028000000000000004,0.0021,0.0,0.0,0.0,0.0,0.0005,0.0,0.0,0.0,0.0,0.0,0.0,0.013300000000000001,0.0013,0.0006,0.0,0.0,0.004,0.0055000000000000005,0.0009,0.0006,0.0,0.0,0.0
1992-09-04,0.0,0.0014000000000000002,0.0011,0.006500000000000001,0.003,0.0058,0.0038,0.0,0.0068000000000000005,0.0059,0.0,0.0039000000000000003,0.0048,0.0016,0.0,0.0001,0.0034000000000000002,0.0,0.0,0.0,0.0,0.0038,0.0083,0.0031,0.0076,0.0,0.009000000000000001,0.01,0.0015,0.0069
1992-09-08,0.0005,0.0,0.0,0.0,0.0092,0.0011,0.0,0.0092,0.0064,0.0034000000000000002,0.0083,0.0083,0.0063,0.0058,0.0175,0.0109,0.0011,0.0139,0.0027,0.0015,0.0068000000000000005,0.0034000000000000002,0.002,0.0116,0.0051,0.0039000000000000003,0.005,0.0,0.012199999999999999,0.0032
1992-09-09,0.0,0.0,0.0045000000000000005,0.0,0.0034000000000000002,0.0,0.0,0.0,0.0,0.0044,0.0,0.0,0.0,0.0,0.0,0.0034000000000000002,0.0042,0.0,0.0,0.0,0.0,0.0,0.0,0.0,0.0,0.0,0.0,0.0,0.0,0.0
1992-09-10,0.0,0.0,0.0,0.0,0.0,0.0,0.0,0.0,0.0,0.0,0.0,0.0,0.0,0.0,0.0,0.0,0.0,0.0,0.0,0.0,0.0,0.0,0.0,0.0,0.0,0.0,0.0,0.0,0.0,0.0
1992-09-11,0.0,0.0,0.0,0.0,0.0,0.0,0.0,0.0002,0.0022,0.0,0.0,0.0025,0.0,0.0,0.008199999999999999,0.0,0.011399999999999999,0.0,0.0034999999999999996,0.0022,0.003,0.0,0.0,0.0,0.0018,0.0,0.0,0.0,0.0006,0.0
1992-09-14,0.0,0.0,0.0046,0.0,0.0,0.0,0.0,0.0,0.0,0.0,0.0,0.0,0.0,0.0,0.0,0.0,0.0,0.0195,0.0,0.0006,0.0,0.0,0.0,0.0,0.0,0.0,0.0,0.0,0.0,0.0
1992-09-15,0.012,0.0040999999999999995,0.0,0.0087,0.0159,0.015,0.0002,0.0175,0.0127,0.0051,0.011399999999999999,0.0177,0.0132,0.0043,0.0215,0.0132,0.0,0.0,0.0033,0.006999999999999999,0.011200000000000002,0.011399999999999999,0.0206,0.0161,0.0123,0.0091,0.009300000000000001,0.008199999999999999,0.008199999999999999,0.0118
1992-09-16,0.0,0.0,0.0,0.0,0.0006,0.0017000000000000001,0.0045000000000000005,0.0033,0.0103,0.0037,0.0,0.0,0.0013,0.0,0.0115,0.009899999999999999,0.0,0.0,0.0,0.0,0.0012,0.0060999999999999995,0.0125,0.002,0.0077,0.0,0.0,0.0014000000000000002,0.0004,0.0025
1992-09-17,0.0,0.0,0.0049,0.0,0.0017000000000000001,0.0,0.0,0.0013,0.0,0.0,0.0023,0.0052,0.0,0.0,0.0,0.009399999999999999,0.0235,0.011399999999999999,0.0002,0.0021,0.005699999999999999,0.0,0.0,0.0002,0.0,0.0016,0.002,0.0,0.0,0.0
1992-09-18,0.0,0.0,0.0,0.0,0.0012,0.0,0.0,0.0,0.0,0.0,0.0016,0.0,0.0,0.0,0.0,0.0084,0.0,0.0,0.0,0.0,0.0,0.0026,0.0,0.0,0.0,0.0,0.0,0.0,0.0,0.0
1992-09-21,0.0018,0.0021,0.0,0.0,0.005,0.0055000000000000005,0.0011,0.0036,0.0037,0.0009,0.0054,0.0048,0.006999999999999999,0.005600000000000001,0.0,0.0014000000000000002,0.0124,0.0,0.0,0.0,0.0031,0.0039000000000000003,0.0,0.0025,0.0,0.0031,0.0,0.0,0.0,0.0018
1992-09-22,0.0097,0.04190000000000001,0.0078000000000000005,0.0084,0.004,0.011699999999999999,0.0055000000000000005,0.011000000000000001,0.0074,0.0,0.0077,0.0178,0.0069,0.0147,0.0296,0.0126,0.0,0.0034999999999999996,0.0066,0.005600000000000001,0.0089,0.011200000000000002,0.0139,0.0109,0.0064,0.010700000000000001,0.0083,0.0102,0.0069,0.0121
1992-09-23,0.005,0.018799999999999997,0.0016,0.0033,0.0073,0.0,0.0,0.0023,0.003,0.0006,0.0,0.0076,0.0074,0.0,0.0154,0.0015,0.0,0.0,0.0,0.0018,0.0,0.0,0.0,0.0124,0.008,0.0,0.0,0.0,0.0012,0.0067
1992-09-24,0.0,0.0,0.0,0.005,0.0,0.0,0.0025,0.0034999999999999996,0.0,0.0,0.0,0.0,0.0,0.0,0.0,0.0,0.0,0.0032,0.0022,0.0,0.0,0.0,0.0046,0.0,0.0,0.0,0.0,0.0,0.0,0.0
1992-09-25,0.0073,0.006500000000000001,0.0141,0.0039000000000000003,0.0070999999999999995,0.009399999999999999,0.0021,0.038599999999999995,0.0092,0.0086,0.009899999999999999,0.012,0.0109,0.0005,0.030899999999999997,0.0092,0.0,0.0032,0.0083,0.0,0.0025,0.014499999999999999,0.009300000000000001,0.0102,0.0123,0.0034999999999999996,0.0092,0.0147,0.003,0.011200000000000002
1992-09-28,0.0,0.0,0.0,0.0,0.0,0.0,0.0,0.0101,0.0,0.0,0.0,0.0,0.0,0.0,0.0,0.0,0.0068000000000000005,0.0,0.0,0.0,0.0,0.0013,0.0,0.0,0.0,0.0,0.0,0.0,0.0,0.0009
1992-09-29,0.0,0.0046,0.0049,0.0,0.0063,0.002,0.0,0.0,0.0003,0.0,0.0,0.0055000000000000005,0.0,0.0131,0.0,0.0007000000000000001,0.0005,0.0,0.0060999999999999995,0.0,0.0002,0.0,0.0019,0.0012,0.0,0.0,0.0,0.0017000000000000001,0.0,0.0
1992-09-30,0.001,0.0029,0.0,0.0,0.0006,0.0,0.0,0.0,0.0053,0.0,0.0,0.0,0.0002,0.0,0.0,0.0,0.015300000000000001,0.0,0.0014000000000000002,0.0,0.0,0.0,0.0,0.0,0.0,0.0,0.0,0.0009,0.0,0.0
1992-10-01,0.0,0.0,0.0,0.0109,0.0073,0.0007000000000000001,0.0070999999999999995,0.008199999999999999,0.005699999999999999,0.0,0.008,0.0143,0.01,0.0046,0.0127,0.0012,0.015700000000000002,0.012,0.0018,0.0028000000000000004,0.0040999999999999995,0.0088,0.018600000000000002,0.0129,0.0084,0.0039000000000000003,0.0044,0.0060999999999999995,0.0,0.0
1992-10-02,0.01,0.0151,0.016,0.015,0.0095,0.0086,0.0154,0.0182,0.013999999999999999,0.0106,0.016,0.022099999999999998,0.012199999999999999,0.0233,0.019299999999999998,0.0121,0.0054,0.0146,0.009000000000000001,0.0064,0.011399999999999999,0.0134,0.013600000000000001,0.0171,0.0126,0.0063,0.0161,0.0105,0.0097,0.015300000000000001
1992-10-05,0.0101,0.0029,0.0,0.0075,0.0088,0.004,0.0125,0.0043,0.0141,0.026699999999999998,0.015300000000000001,0.0124,0.0128,0.0068000000000000005,0.0014000000000000002,0.0024,0.0,0.0348,0.013999999999999999,0.006500000000000001,0.0078000000000000005,0.0017000000000000001,0.0011,0.011000000000000001,0.0121,0.0139,0.0077,0.0167,0.0104,0.0083
1992-10-06,0.0027,0.011399999999999999,0.0058,0.004,0.0,0.0024,0.0,0.0048,0.0,0.0,0.0037,0.0,0.0,0.008,0.0033,0.0,0.0003,0.0,0.0042,0.0003,0.0,0.0,0.0,0.0,0.0,0.0,0.0,0.0,0.0,0.0
1992-10-07,0.008100000000000001,0.0197,0.016,0.0072,0.0023,0.006999999999999999,0.0022,0.0,0.0055000000000000005,0.0102,0.0048,0.008199999999999999,0.0058,0.0066,0.020099999999999996,0.0076,0.0003,0.0,0.004,0.0032,0.0079,0.0076,0.0073,0.014499999999999999,0.0106,0.0026,0.0054,0.0084,0.002,0.0040999999999999995
1992-10-08,0.0,0.0,0.0,0.0,0.0,0.0,0.0,0.0,0.0,0.0,0.0,0.002,0.0034999999999999996,0.0,0.0,0.0,0.0104,0.0,0.0,0.0,0.0,0.0,0.0,0.0,0.0,0.0,0.0,0.0,0.0,0.0
1992-10-09,0.0069,0.0154,0.0126,0.0148,0.010700000000000001,0.0123,0.0118,0.0167,0.014499999999999999,0.0043,0.016200000000000003,0.0064,0.0085,0.0063,0.0321,0.0019,0.0060999999999999995,0.0192,0.0165,0.0062,0.0028000000000000004,0.006999999999999999,0.011399999999999999,0.0138,0.0131,0.010700000000000001,0.0127,0.0073,0.005699999999999999,0.006500000000000001
1992-10-12,0.0,0.0,0.0,0.0,0.0,0.0,0.0,0.0,0.0,0.0,0.0,0.0,0.0,0.0,0.0,0.0,0.027200000000000002,0.0,0.0,0.0,0.0,0.0,0.0,0.0,0.0,0.0,0.0,0.0,0.0,0.0
1992-10-13,0.0,0.0,0.0,0.0,0.0,0.0,0.0,0.0,0.0,0.0,0.001,0.0,0.0,0.0046,0.0,0.0,0.0023,0.0,0.0,0.0,0.0,0.0,0.0,0.0,0.0,0.0,0.0,0.0,0.0,0.0
1992-10-14,0.0022,0.0,0.0043,0.0075,0.0025,0.0,0.0,0.0,0.004699999999999999,0.0059,0.0,0.0064,0.002,0.0,0.0021,0.0016,0.0069,0.0,0.0,0.0,0.004,0.0013,0.0013,0.0066,0.0,0.0021,0.0,0.0005,0.0003,0.0070999999999999995
1992-10-15,0.015700000000000002,0.0,0.0278,0.0,0.0006,0.0,0.0,0.0,0.0004,0.0032,0.0,0.0032,0.008199999999999999,0.0,0.0031,0.0,0.0,0.016,0.0,0.0,0.0006,0.0,0.0091,0.0,0.0,0.0,0.0,0.0025,0.0,0.0079
1992-10-16,0.0062,0.0,0.0,0.0,0.0,0.0,0.0,0.0036,0.0,0.0,0.0,0.0,0.0040999999999999995,0.0,0.0062,0.0,0.0013,0.0,0.0,0.0,0.0,0.0,0.0,0.0,0.0,0.0,0.0,0.0,0.0,0.0
1992-10-19,0.0,0.0,0.0014000000000000002,0.0,0.0,0.0,0.0,0.0,0.0,0.0,0.0,0.0,0.0,0.0,0.0,0.0,0.0,0.0,0.0,0.0,0.0012,0.0,0.0,0.0,0.0,0.0,0.0,0.0,0.0,0.0
1992-10-20,0.0,0.0034000000000000002,0.0222,0.0,0.0,0.0,0.0008,0.0051,0.0,0.0,0.0,0.0,0.0,0.0,0.0,0.0,0.0,0.0,0.0022,0.0031,0.0004,0.0,0.0,0.0,0.0,0.0009,0.0,0.0,0.0,0.0069
1992-10-21,0.0,0.0037,0.0,0.0,0.0024,0.0,0.0048,0.0,0.0011,0.0,0.0,0.0,0.0,0.0019,0.0,0.0,0.0,0.0,0.0,0.0039000000000000003,0.010700000000000001,0.0,0.0,0.0,0.0,0.0,0.0,0.0,0.0,0.0
1992-10-22,0.0027,0.002,0.0070999999999999995,0.0,0.0084,0.0,0.0001,0.0019,0.0,0.0024,0.0,0.0,0.0,0.0,0.0,0.0008,0.0076,0.0040999999999999995,0.0043,0.0023,0.005699999999999999,0.0,0.0028000000000000004,0.0019,0.0,0.0127,0.0051,0.0,0.004,0.0
1992-10-23,0.0143,0.012,0.0092,0.0,0.0002,0.0062,0.0,0.0096,0.0,0.0,0.0,0.0,0.0,0.0043,0.0,0.0,0.0051,0.0,0.0,0.0,0.0,0.0017000000000000001,0.0,0.0,0.0,0.0,0.0036,0.0,0.0,0.0018
1992-10-26,0.0,0.0,0.0,0.0,0.0,0.0,0.0,0.0,0.0,0.0,0.0,0.0,0.0,0.0,0.0,0.0,0.0116,0.0075,0.0,0.0,0.0,0.0,0.0,0.0,0.0,0.0,0.0,0.0,0.0,0.0
1992-10-27,0.0,0.0,0.0,0.0,0.0,0.0044,0.0,0.0012,0.0,0.0023,0.0072,0.0111,0.0,0.0026,0.015700000000000002,0.0,0.019,0.0005,0.0,0.0,0.0,0.0086,0.006999999999999999,0.0003,0.0,0.0,0.0,0.0,0.0,0.0045000000000000005
1992-10-28,0.0,0.0,0.0,0.0,0.0,0.0048,0.0,0.0,0.0,0.0021,0.0,0.0,0.0,0.0,0.0225,0.0,0.0,0.009899999999999999,0.0023,0.0,0.0,0.0,0.0,0.0,0.0014000000000000002,0.0,0.0,0.0015,0.0,0.0
1992-10-29,0.0,0.0,0.0009,0.0044,0.0,0.0001,0.0,0.0,0.0,0.0,0.0,0.0,0.0028000000000000004,0.0083,0.002,0.001,0.0,0.0,0.0034999999999999996,0.0,0.0,0.0,0.0,0.0,0.0,0.0023,0.0,0.0,0.0,0.0022
1992-10-30,0.0039000000000000003,0.0091,0.0064,0.006,0.006500000000000001,0.0,0.0,0.0,0.0019,0.0,0.0,0.0060999999999999995,0.0025,0.0089,0.0105,0.0015,0.0014000000000000002,0.0039000000000000003,0.0137,0.0,0.004,0.0068000000000000005,0.0013,0.0,0.008199999999999999,0.0003,0.0074,0.0008,0.003,0.0051
1992-11-02,0.0,0.0,0.0,0.0,0.0,0.0,0.0,0.0,0.0,0.0,0.0,0.0,0.0,0.0,0.0,0.0,0.0,0.0,0.0068000000000000005,0.0,0.0,0.0,0.0,0.0,0.0,0.0,0.0,0.0,0.0,0.0
1992-11-03,0.006999999999999999,0.0131,0.0,0.0052,0.0,0.0005,0.0,0.0085,0.0,0.013300000000000001,0.0033,0.0,0.0,0.0029,0.0,0.0015,0.0,0.006999999999999999,0.0202,0.005699999999999999,0.013300000000000001,0.008,0.0025,0.0,0.0069,0.0017000000000000001,0.0026,0.0,0.0015,0.0004
1992-11-04,0.0106,0.0088,0.0088,0.0,0.0026,0.0073,0.003,0.0182,0.0036,0.0025,0.013000000000000001,0.003,0.0060999999999999995,0.0,0.0049,0.0006,0.0,0.0046,0.0073,0.0034999999999999996,0.0,0.0,0.0,0.006999999999999999,0.0034000000000000002,0.0,0.0021,0.005600000000000001,0.0022,0.0
1992-11-05,0.0,0.0,0.0,0.0005,0.0,0.0,0.0013,0.0021,0.0,0.0,0.0,0.0,0.0,0.0004,0.0,0.0,0.0,0.0375,0.0,0.0040999999999999995,0.0,0.0,0.0,0.0,0.0,0.0,0.0011,0.0,0.0,0.0
1992-11-06,0.0021,0.0,0.0,0.0001,0.0,0.0,0.0,0.0,0.0037,0.0,0.0,0.0,0.0040999999999999995,0.0068000000000000005,0.0063,0.0,0.0165,0.024,0.005699999999999999,0.0019,0.0051,0.0,0.0,0.0003,0.0,0.0,0.0,0.0,0.0,0.0
1992-11-09,0.0021,0.0,0.0034000000000000002,0.0,0.0,0.0013,0.0,0.0,0.0,0.0,0.0,0.0069,0.0,0.0,0.0,0.0,0.038900000000000004,0.0252,0.0,0.0036,0.0024,0.0,0.0,0.0,0.0,0.0,0.0,0.0045000000000000005,0.0,0.0
1992-11-10,0.0,0.0033,0.0,0.0,0.0009,0.0001,0.0,0.0,0.0101,0.0,0.0009,0.001,0.0,0.0083,0.0034999999999999996,0.0051,0.042800000000000005,0.0235,0.0,0.0022,0.004699999999999999,0.0,0.0,0.0085,0.0013,0.0,0.0,0.0,0.0,0.0083
1992-11-11,0.0,0.0,0.0,0.0,0.0,0.0,0.0,0.0,0.0,0.0,0.0,0.0013,0.0007000000000000001,0.0,0.008199999999999999,0.002,0.0,0.0,0.0027,0.0,0.0,0.0,0.0,0.0,0.0007000000000000001,0.0,0.0,0.0,0.0,0.0
1992-11-12,0.0,0.015,0.0015,0.0043,0.0,0.0,0.0,0.0,0.0011,0.011000000000000001,0.0064,0.0,0.0044,0.0,0.0,0.0,0.0009,0.0,0.0,0.0005,0.0,0.0034999999999999996,0.0084,0.0,0.0,0.0,0.0024,0.0053,0.0,0.0
1992-11-13,0.0,0.0,0.008100000000000001,0.0013,0.0,0.0028000000000000004,0.0,0.0051,0.005,0.0,0.0,0.0106,0.0105,0.0,0.0,0.0,0.0,0.0,0.0007000000000000001,0.0,0.0,0.0,0.0,0.0042,0.0007000000000000001,0.0,0.0013,0.0018,0.0,0.0014000000000000002
1992-11-16,0.006,0.0052,0.0,0.0033,0.0027,0.0,0.005600000000000001,0.0004,0.0049,0.0058,0.0089,0.0134,0.0032,0.0096,0.0,0.0069,0.0052,0.0239,0.0044,0.0,0.0,0.0069,0.0089,0.0087,0.0148,0.0037,0.0003,0.0,0.0040999999999999995,0.0038
1992-11-17,0.0,0.0001,0.0036,0.0,0.0012,0.0067,0.0,0.0024,0.0076,0.0,0.0048,0.0083,0.0127,0.0004,0.004,0.0051,0.0166,0.013999999999999999,0.0038,0.0,0.0015,0.0177,0.015300000000000001,0.0076,0.008,0.0052,0.0,0.0,0.0044,0.0108
1992-11-18,0.0,0.0,0.0,0.002,0.0,0.0,0.0,0.0,0.0,0.0,0.0019,0.0,0.0,0.0,0.0043,0.0,0.0034000000000000002,0.0,0.0,0.0,0.0,0.0,0.0,0.0,0.0,0.0,0.0,0.0,0.0,0.0
1992-11-19,0.0,0.0012,0.005600000000000001,0.0,0.0,0.0,0.0,0.0,0.0005,0.0,0.0,0.005699999999999999,0.001,0.005600000000000001,0.0007000000000000001,0.0089,0.0049,0.006500000000000001,0.0,0.0,0.0,0.0,0.0,0.0042,0.0,0.0,0.0,0.0,0.0,0.0008
1992-11-20,0.0,0.0,0.0096,0.0,0.0,0.0,0.0,0.0,0.0,0.0,0.0,0.0,0.0025,0.0,0.0,0.0,0.0,0.005699999999999999,0.0,0.0,0.0,0.0,0.0,0.0,0.0,0.0,0.0,0.0,0.0,0.0
1992-11-23,0.0037,0.006,0.0012,0.006,0.003,0.0,0.0,0.005600000000000001,0.0017000000000000001,0.0053,0.0026,0.001,0.0,0.0,0.0007000000000000001,0.0,0.0106,0.0128,0.0146,0.0006,0.0013,0.0208,0.0022,0.0034000000000000002,0.0,0.002,0.0034000000000000002,0.0,0.0,0.0
1992-11-24,0.0,0.0051,0.0,0.0,0.0,0.0,0.0,0.0,0.0,0.0,0.0,0.0,0.0009,0.0,0.0017000000000000001,0.0,0.0011,0.0,0.0024,0.0033,0.0,0.0,0.0,0.0,0.0,0.0,0.0,0.0,0.0,0.0
1992-11-25,0.0031,0.0,0.0,0.0087,0.0,0.0,0.0,0.0006,0.0,0.0,0.0,0.0,0.0,0.0,0.0,0.0036,0.0,0.009399999999999999,0.0,0.0016,0.0,0.0,0.0,0.0,0.0,0.0,0.0,0.0077,0.0,0.0
1992-11-27,0.0,0.0028000000000000004,0.0027,0.0,0.0,0.0,0.0,0.0,0.0,0.0,0.0,0.0,0.0,0.0,0.0,0.0,0.0,0.0,0.004,0.0,0.006,0.0,0.0,0.0,0.0,0.0,0.0,0.0,0.0,0.0
1992-11-30,0.0,0.0084,0.008100000000000001,0.0,0.0,0.0017000000000000001,0.0019,0.0055000000000000005,0.0,0.0,0.0,0.0,0.0,0.0,0.0,0.0,0.0,0.0,0.0,0.0,0.0,0.0,0.0,0.0,0.0,0.0002,0.0,0.0,0.0,0.0
1992-12-01,0.0,0.0023,0.0,0.0223,0.0089,0.0055000000000000005,0.0029,0.0,0.0,0.0,0.0,0.0,0.0062,0.005600000000000001,0.0,0.0,0.0,0.0,0.0102,0.0005,0.0018,0.0,0.0003,0.0007000000000000001,0.0,0.0,0.0085,0.0069,0.002,0.0
1992-12-02,0.001,0.0,0.0,0.0023,0.0014000000000000002,0.005600000000000001,0.009000000000000001,0.0019,0.0,0.0079,0.0043,0.0033,0.0044,0.0,0.0,0.0,0.0,0.0029,0.009300000000000001,0.0028000000000000004,0.0012,0.005699999999999999,0.0012,0.0007000000000000001,0.0015,0.004699999999999999,0.0014000000000000002,0.0034000000000000002,0.0022,0.0
1992-12-03,0.0,0.0042,0.0,0.0015,0.006,0.0,0.0034999999999999996,0.0,0.0,0.0,0.0021,0.004,0.0004,0.0086,0.0026,0.0014000000000000002,0.004,0.0179,0.0019,0.0022,0.0,0.0,0.0,0.0079,0.0,0.0,0.0,0.0,0.0,0.0
1992-12-04,0.0,0.0,0.0,0.0,0.0,0.0,0.0,0.0,0.0026,0.0,0.0019,0.0,0.0,0.0,0.0,0.0,0.0027,0.0,0.0,0.0006,0.0,0.0,0.0,0.0024,0.0009,0.0,0.0,0.0005,0.0,0.0003
1992-12-07,0.0,0.0,0.0019,0.0,0.0,0.0,0.0,0.0,0.0,0.0,0.0,0.0,0.0,0.0,0.0,0.0,0.0,0.0036,0.0,0.0,0.0,0.0,0.0,0.0,0.0,0.0,0.0,0.0,0.0,0.0
1992-12-08,0.0,0.0,0.0044,0.0,0.0,0.0052,0.0023,0.0,0.0,0.0,0.0,0.0,0.0,0.0,0.0,0.0,0.0,0.0,0.0,0.0,0.0,0.0018,0.0,0.0,0.0009,0.0,0.0013,0.0,0.0,0.0
1992-12-09,0.0042,0.0043,0.0,0.0104,0.0033,0.0014000000000000002,0.0068000000000000005,0.001,0.0034000000000000002,0.0079,0.0,0.0,0.006,0.0,0.0062,0.0,0.009000000000000001,0.0,0.0032,0.0004,0.0,0.0062,0.0067,0.0,0.0055000000000000005,0.0068000000000000005,0.008199999999999999,0.011000000000000001,0.0022,0.0
1992-12-10,0.0049,0.0054,0.002,0.0015,0.0019,0.006,0.0,0.011200000000000002,0.0063,0.0118,0.0,0.0103,0.0049,0.006999999999999999,0.0146,0.0103,0.0,0.018600000000000002,0.0,0.0,0.0019,0.011899999999999999,0.008100000000000001,0.0,0.0,0.0021,0.0036,0.0017000000000000001,0.002,0.0026
1992-12-11,0.0058,0.0,0.0,0.0051,0.0005,0.0037,0.0076,0.0,0.0,0.0,0.0018,0.005,0.0,0.0,0.0004,0.0,0.0,0.004,0.0070999999999999995,0.0,0.0,0.014199999999999999,0.0031,0.0,0.0022,0.0023,0.0008,0.0038,0.0024,0.0073
1992-12-14,0.0069,0.0036,0.0106,0.0,0.0039000000000000003,0.0012,0.0033,0.0,0.0049,0.0,0.002,0.0040999999999999995,0.0016,0.0055000000000000005,0.0062,0.0031,0.0084,0.0009,0.0014000000000000002,0.001,0.0,0.0028000000000000004,0.0002,0.0018,0.0087,0.0019,0.001,0.0033,0.0,0.0036
1992-12-15,0.0089,0.0,0.011000000000000001,0.006,0.004699999999999999,0.0012,0.0,0.0073,0.0,0.0,0.0,0.0,0.0024,0.0,0.0098,0.0,0.0026,0.0,0.0,0.0,0.0017000000000000001,0.0062,0.025699999999999997,0.0005,0.0,0.0025,0.0,0.0046,0.0,0.0
1992-12-16,0.0046,0.0052,0.0033,0.0051,0.0045000000000000005,0.0005,0.0083,0.004,0.0046,0.0044,0.0102,0.0053,0.0029,0.0076,0.0033,0.0073,0.0,0.0137,0.0004,0.0,0.0,0.005,0.0070999999999999995,0.0042,0.005699999999999999,0.0013,0.004,0.011699999999999999,0.004,0.0096
1992-12-17,0.0,0.0,0.001,0.0,0.0,0.0,0.0,0.0,0.0,0.0,0.005600000000000001,0.0,0.0,0.0,0.0079,0.0,0.0,0.0,0.0,0.0,0.0,0.0,0.0,0.0,0.0,0.0,0.0,0.0,0.0,0.0006
1992-12-18,0.0,0.0,0.0,0.0,0.0,0.0,0.0,0.0,0.0,0.0,0.0,0.0,0.0,0.0,0.0,0.0,0.0044,0.0,0.0,0.0,0.0,0.0,0.0,0.0,0.0,0.0,0.0,0.0,0.0,0.0
1992-12-21,0.0,0.0022,0.0012,0.0,0.0001,0.0,0.0146,0.0019,0.0073,0.0,0.0,0.0009,0.0015,0.0,0.0,0.0,0.018000000000000002,0.0059,0.0055000000000000005,0.0,0.0,0.0043,0.0038,0.0046,0.0053,0.0027,0.0086,0.0058,0.0,0.0
1992-12-22,0.0,0.0,0.0148,0.0001,0.0018,0.0,0.003,0.0105,0.0095,0.0,0.0009,0.0,0.0022,0.0046,0.0,0.0,0.0111,0.0089,0.0078000000000000005,0.0,0.0,0.0067,0.0,0.0021,0.0,0.0,0.0063,0.0,0.0,0.0
1992-12-23,0.0051,0.0007000000000000001,0.0074,0.0033,0.0,0.0,0.0029,0.0259,0.0055000000000000005,0.0,0.005600000000000001,0.0028000000000000004,0.0,0.0045000000000000005,0.0,0.0,0.0009,0.0,0.0036,0.0,0.0,0.0,0.0,0.0064,0.0032,0.0,0.0,0.0,0.0005,0.0016
1992-12-24,0.0,0.0017000000000000001,0.0,0.0,0.0,0.0,0.0,0.0,0.0,0.0,0.0,0.0,0.0,0.0,0.0,0.0,0.0,0.0025,0.0,0.0001,0.0,0.0,0.0,0.0006,0.0014000000000000002,0.0025,0.0,0.006999999999999999,0.0,0.0
1992-12-28,0.0,0.0,0.011200000000000002,0.0,0.0001,0.006,0.0005,0.0018,0.0,0.0,0.0016,0.0,0.0029,0.0,0.0,0.0021,0.0,0.0218,0.0,0.0043,0.0104,0.0,0.0,0.0002,0.0,0.0027,0.0,0.0,0.0,0.0033
1992-12-29,0.0015,0.0106,0.0064,0.0,0.0015,0.0077,0.0,0.002,0.0026,0.0,0.0070999999999999995,0.0,0.0,0.0034000000000000002,0.0062,0.0,0.0019,0.0,0.002,0.0003,0.0,0.0,0.0040999999999999995,0.0007000000000000001,0.0,0.0039000000000000003,0.0,0.008100000000000001,0.0,0.0017000000000000001
1992-12-30,0.0034000000000000002,0.0038,0.0,0.0076,0.0,0.0,0.0,0.0,0.0,0.0,0.0015,0.0,0.0,0.0,0.0,0.0,0.0,0.0,0.0002,0.001,0.0027,0.0,0.0,0.0,0.0,0.0,0.0,0.0,0.0,0.0
1992-12-31,0.0073,0.0158,0.0,0.0024,0.0029,0.0031,0.0,0.0023,0.0034999999999999996,0.0014000000000000002,0.0,0.0,0.0,0.0097,0.0073,0.0,0.0,0.0,0.0007000000000000001,0.002,0.0039000000000000003,0.0,0.0,0.0033,0.0051,0.0,0.0027,0.0,0.0,0.0016
1993-01-04,0.0077,0.0019,0.0070999999999999995,0.0018,0.0,0.0012,0.0015,0.0028000000000000004,0.0,0.0,0.0059,0.0,0.0,0.0011,0.0,0.0,0.013999999999999999,0.013600000000000001,0.0,0.0012,0.0029,0.0054,0.012,0.0,0.0,0.0053,0.0137,0.003,0.0024,0.0
1993-01-05,0.013999999999999999,0.013999999999999999,0.013300000000000001,0.0,0.0,0.0,0.0,0.0184,0.0,0.0058,0.0028000000000000004,0.0,0.0,0.0,0.0,0.0,0.0,0.0,0.0,0.0034999999999999996,0.0,0.0,0.0,0.0,0.0,0.0,0.0013,0.0013,0.0054,0.0
1993-01-06,0.0088,0.0009,0.030600000000000002,0.0,0.0,0.001,0.0,0.017,0.0022,0.0038,0.0,0.0,0.0,0.0017000000000000001,0.0,0.0,0.0,0.0109,0.0,0.0,0.0,0.0,0.0,0.0,0.0,0.0,0.006500000000000001,0.0,0.0,0.0
1993-01-07,0.006500000000000001,0.0196,0.0,0.0102,0.0049,0.0097,0.0,0.013000000000000001,0.0088,0.0,0.0031,0.009000000000000001,0.0,0.0027,0.0078000000000000005,0.0063,0.005699999999999999,0.0019,0.0108,0.009399999999999999,0.0,0.005600000000000001,0.008100000000000001,0.0073,0.0,0.0045000000000000005,0.0102,0.0029,0.0083,0.006999999999999999
1993-01-08,0.0,0.0002,0.0023,0.0029,0.0007000000000000001,0.0144,0.0141,0.0,0.0040999999999999995,0.009399999999999999,0.0015,0.004,0.0012,0.0028000000000000004,0.0002,0.0137,0.0,0.0176,0.0116,0.0078000000000000005,0.0066,0.0043,0.0023,0.0106,0.0,0.004,0.0088,0.0,0.005600000000000001,0.0040999999999999995
1993-01-11,0.0,0.0,0.002,0.0031,0.0,0.0,0.0064,0.0,0.0055000000000000005,0.0,0.0,0.0,0.0,0.0054,0.0,0.0015,0.0079,0.0,0.0,0.0,0.0,0.0,0.0,0.0018,0.0,0.0,0.0,0.0,0.0,0.0
1993-01-12,0.0,0.0,0.0,0.0,0.0,0.0,0.0019,0.0054,0.005,0.0015,0.0019,0.009899999999999999,0.0016,0.0,0.0077,0.0021,0.0028000000000000004,0.0103,0.0016,0.0,0.0,0.0054,0.0078000000000000005,0.002,0.0,0.0034999999999999996,0.0,0.0006,0.0,0.0074
1993-01-13,0.0021,0.0,0.0134,0.0,0.0,0.0,0.0,0.0,0.0022,0.0,0.0,0.0070999999999999995,0.0,0.0038,0.0045000000000000005,0.0017000000000000001,0.009399999999999999,0.0,0.0,0.0,0.0,0.0,0.0,0.0060999999999999995,0.0059,0.0,0.0,0.0,0.0,0.003
1993-01-14,0.0,0.0,0.0,0.0,0.0,0.0,0.0,0.0070999999999999995,0.0026,0.0,0.0,0.0,0.0,0.0,0.0,0.0025,0.0144,0.0045000000000000005,0.0068000000000000005,0.0,0.0,0.0,0.0,0.0054,0.0,0.0,0.0,0.0,0.0,0.0
1993-01-15,0.0026,0.0,0.0054,0.0,0.0,0.0,0.0,0.0,0.0,0.0,0.0,0.0,0.0,0.0022,0.0,0.0,0.0043,0.0,0.003,0.0,0.0,0.0033,0.0077,0.0,0.0,0.0,0.0,0.004699999999999999,0.0,0.0
1993-01-18,0.0078000000000000005,0.0036,0.0086,0.0,0.0022,0.0053,0.0017000000000000001,0.0118,0.0,0.0,0.0019,0.0,0.0,0.0,0.0,0.0,0.0055000000000000005,0.0045000000000000005,0.0089,0.0,0.0,0.0034000000000000002,0.0,0.0,0.0,0.0,0.0037,0.0052,0.0,0.0017000000000000001
1993-01-19,0.0097,0.016,0.0111,0.0002,0.0,0.0,0.0,0.02,0.004,0.0,0.002,0.0013,0.0005,0.0060999999999999995,0.0,0.0034999999999999996,0.0,0.0078000000000000005,0.0021,0.0,0.002,0.005600000000000001,0.0043,0.0040999999999999995,0.0098,0.001,0.0009,0.0066,0.0,0.0
1993-01-20,0.005699999999999999,0.0068000000000000005,0.0,0.0012,0.005,0.0059,0.0019,0.0,0.0032,0.0,0.0025,0.0034000000000000002,0.0067,0.0152,0.0089,0.0079,0.0,0.0022,0.0018,0.0021,0.0089,0.0,0.0060999999999999995,0.0034999999999999996,0.0106,0.0024,0.003,0.0012,0.0012,0.0
1993-01-21,0.0,0.0,0.0098,0.0,0.0,0.0013,0.0,0.0,0.0073,0.005600000000000001,0.0,0.0,0.0013,0.0,0.0,0.0,0.0,0.0139,0.0034999999999999996,0.0,0.0,0.0,0.0,0.0,0.0018,0.0018,0.0027,0.0,0.0,0.0
1993-01-22,0.0,0.012,0.0015,0.0055000000000000005,0.0,0.0,0.008100000000000001,0.0,0.0008,0.0032,0.0043,0.0,0.0,0.0,0.0,0.0,0.013300000000000001,0.0,0.0,0.0012,0.0049,0.0,0.0,0.0012,0.0014000000000000002,0.0,0.0,0.0085,0.0,0.005
1993-01-25,0.0,0.0,0.0,0.0060999999999999995,0.0,0.0,0.0,0.0032,0.0,0.0022,0.0,0.0,0.0,0.0,0.0,0.0,0.0029,0.010700000000000001,0.0,0.0,0.0046,0.0,0.0,0.0,0.0011,0.0,0.0,0.0,0.0,0.0
1993-01-26,0.0,0.0,0.0051,0.0,0.0040999999999999995,0.0,0.0,0.0179,0.0,0.0,0.0,0.0013,0.0,0.0,0.0,0.0077,0.0,0.0,0.0,0.0014000000000000002,0.0037,0.0031,0.0,0.0,0.0,0.0,0.0022,0.0040999999999999995,0.0,0.0
1993-01-27,0.004,0.003,0.0044,0.0123,0.0,0.0034000000000000002,0.0095,0.004699999999999999,0.0029,0.0,0.0098,0.0,0.008100000000000001,0.0072,0.008,0.0131,0.016,0.0,0.008,0.0,0.0022,0.015,0.013500000000000002,0.0033,0.0063,0.0055000000000000005,0.0054,0.011699999999999999,0.002,0.0063
1993-01-28,0.0,0.0063,0.0,0.0,0.0044,0.0022,0.006,0.0008,0.0034999999999999996,0.0016,0.0,0.0,0.0002,0.0,0.0049,0.0033,0.0,0.0,0.0,0.0,0.0048,0.0054,0.0086,0.0,0.0,0.0015,0.0034000000000000002,0.0,0.002,0.0045000000000000005
1993-01-29,0.0,0.0,0.0,0.002,0.0015,0.0,0.0016,0.0,0.0,0.0007000000000000001,0.0,0.003,0.0024,0.0,0.005,0.0018,0.003,0.0028000000000000004,0.0028000000000000004,0.0,0.0139,0.0,0.0024,0.0,0.0,0.0,0.0,0.0,0.0,0.0
1993-02-01,0.0,0.0,0.0,0.0,0.0,0.0,0.0,0.005699999999999999,0.0,0.0,0.0,0.0052,0.0,0.0004,0.0,0.0,0.0,0.0,0.0,0.0,0.0,0.0,0.0,0.0,0.0,0.0,0.0,0.0,0.0,0.0
1993-02-02,0.0,0.0138,0.002,0.0,0.0043,0.0,0.0,0.0194,0.0,0.0,0.0,0.0,0.0,0.0103,0.0045000000000000005,0.0011,0.0,0.0,0.0,0.0,0.0,0.0,0.0014000000000000002,0.0004,0.0,0.0,0.0,0.0,0.0,0.0
1993-02-03,0.0003,0.0027,0.0,0.0,0.0,0.0,0.0,0.0,0.0,0.0,0.0,0.0,0.0,0.0,0.0,0.0,0.004,0.0,0.0,0.0,0.0,0.0,0.0033,0.0,0.0,0.0,0.0,0.0,0.0,0.0
1993-02-04,0.0025,0.0027,0.0,0.0103,0.0,0.0,0.0,0.0051,0.0,0.0,0.0,0.0,0.0,0.0,0.0,0.0,0.0,0.0,0.0,0.0,0.0012,0.0059,0.0,0.0,0.0,0.0,0.0,0.0,0.0,0.0021
1993-02-05,0.0039000000000000003,0.0151,0.0132,0.006500000000000001,0.0084,0.0,0.0125,0.0053,0.0,0.004699999999999999,0.0,0.0,0.0,0.0,0.0,0.0,0.0,0.0,0.0,0.004,0.0043,0.0005,0.0121,0.0,0.0022,0.0,0.0105,0.0118,0.0069,0.0144
1993-02-08,0.0079,0.0043,0.0091,0.0052,0.005600000000000001,0.0,0.0069,0.009000000000000001,0.0,0.0,0.0,0.0046,0.0060999999999999995,0.0031,0.0,0.01,0.0,0.0192,0.0,0.0008,0.0,0.009899999999999999,0.0,0.0021,0.003,0.0021,0.0073,0.0086,0.0025,0.0002
1993-02-09,0.0089,0.0144,0.016200000000000003,0.0183,0.009899999999999999,0.0028000000000000004,0.0085,0.0,0.0087,0.0084,0.0087,0.0134,0.005600000000000001,0.0022,0.0158,0.0091,0.0,0.0,0.005,0.0006,0.0017000000000000001,0.0184,0.0019,0.011200000000000002,0.015700000000000002,0.008100000000000001,0.0077,0.0168,0.0069,0.0121
1993-02-10,0.0,0.0,0.0,0.0,0.0,0.0070999999999999995,0.009399999999999999,0.0,0.002,0.0023,0.0,0.0,0.0028000000000000004,0.0,0.0,0.004699999999999999,0.0,0.012,0.0052,0.0,0.0,0.0,0.0,0.0,0.0,0.0044,0.002,0.0,0.0005,0.0
1993-02-11,0.0,0.0,0.0,0.0,0.0,0.0,0.0,0.0,0.0,0.0037,0.0,0.0,0.0,0.0011,0.0,0.0,0.018600000000000002,0.0026,0.0,0.0,0.0,0.0003,0.002,0.0,0.0,0.0,0.0,0.0058,0.0005,0.0
1993-02-12,0.0036,0.009399999999999999,0.0,0.0023,0.0106,0.0125,0.0116,0.0026,0.0059,0.0003,0.0091,0.0076,0.0040999999999999995,0.011000000000000001,0.0095,0.0091,0.0209,0.0,0.011699999999999999,0.0,0.0013,0.009300000000000001,0.0077,0.004699999999999999,0.0,0.0075,0.0025,0.009899999999999999,0.009399999999999999,0.002
1993-02-16,0.0191,0.0045000000000000005,0.0526,0.0436,0.0134,0.0232,0.048600000000000004,0.0526,0.0288,0.025,0.021400000000000002,0.0334,0.025099999999999997,0.0236,0.0447,0.0146,0.0,0.031200000000000002,0.0031,0.0063,0.0172,0.04019999999999999,0.0351,0.0296,0.033,0.031200000000000002,0.0352,0.0263,0.028399999999999998,0.0259
1993-02-17,0.003,0.0,0.0018,0.0048,0.0036,0.0088,0.0242,0.011899999999999999,0.003,0.0072,0.0060999999999999995,0.0,0.0068000000000000005,0.005699999999999999,0.0,0.0023,0.0076,0.0375,0.0031,0.0,0.0,0.0067,0.0,0.005,0.013500000000000002,0.0095,0.0108,0.0109,0.009300000000000001,0.0027
1993-02-18,0.0033,0.0,0.0,0.0,0.0060999999999999995,0.0,0.006500000000000001,0.0138,0.0106,0.0002,0.0,0.0021,0.0014000000000000002,0.006,0.013999999999999999,0.0053,0.006500000000000001,0.0,0.0007000000000000001,0.001,0.0,0.0,0.0,0.0059,0.0070999999999999995,0.0,0.0,0.0,0.0023,0.0097
1993-02-19,0.011399999999999999,0.0,0.0246,0.0062,0.0,0.0,0.0,0.0362,0.0,0.0,0.0,0.014499999999999999,0.0,0.0,0.0,0.0,0.0,0.0,0.0,0.0,0.0,0.0,0.0,0.0045000000000000005,0.0,0.0,0.0012,0.0,0.0,0.0
1993-02-22,0.013600000000000001,0.0144,0.0438,0.0039000000000000003,0.0,0.0,0.0262,0.0362,0.0018,0.0,0.0,0.0,0.0,0.0,0.0013,0.0,0.0015,0.0,0.0,0.0,0.0,0.0132,0.0051,0.0,0.0007000000000000001,0.0042,0.0058,0.0,0.0025,0.0
1993-02-23,0.0,0.0,0.0167,0.030600000000000002,0.0,0.0,0.0,0.0,0.0001,0.011200000000000002,0.0,0.0019,0.0038,0.0,0.0286,0.0,0.0,0.0,0.0075,0.0017000000000000001,0.0,0.0,0.0066,0.0013,0.0040999999999999995,0.0039000000000000003,0.012199999999999999,0.0089,0.0028000000000000004,0.0096
1993-02-24,0.0,0.0,0.0,0.0,0.0,0.0,0.0,0.0,0.0,0.0,0.0,0.0,0.0,0.0,0.0,0.0,0.0199,0.0054,0.0,0.0,0.0,0.0,0.0,0.0,0.0,0.0,0.0,0.0,0.0,0.0
1993-02-25,0.0,0.0,0.022000000000000002,0.0,0.0,0.0,0.0,0.0086,0.0,0.0,0.0019,0.0059,0.0,0.0,0.0,0.0,0.014499999999999999,0.0,0.0033,0.0003,0.0009,0.0,0.0,0.005,0.0,0.0,0.0,0.0,0.0,0.0
1993-02-26,0.0,0.0,0.0,0.0,0.0,0.0,0.0,0.0,0.0034000000000000002,0.0,0.0,0.0,0.0,0.0038,0.0023,0.0038,0.0139,0.0001,0.0,0.0,0.0,0.0025,0.003,0.0011,0.0087,0.0,0.0,0.0,0.0,0.0
1993-03-01,0.0105,0.009300000000000001,0.0155,0.0062,0.0,0.0,0.0014000000000000002,0.0,0.0034999999999999996,0.005,0.0051,0.022000000000000002,0.0,0.006999999999999999,0.0016,0.0060999999999999995,0.0108,0.0,0.0,0.0002,0.0025,0.0129,0.0069,0.0064,0.013000000000000001,0.0011,0.0,0.0086,0.0,0.0021
1993-03-02,0.0,0.0,0.0,0.0,0.0,0.0,0.0,0.0,0.0,0.0,0.0,0.0,0.0,0.0,0.0,0.0,0.0,0.0,0.0,0.0,0.0,0.0,0.0,0.0,0.0,0.0,0.0,0.0,0.0,0.0
1993-03-03,0.0,0.0,0.0121,0.0,0.0,0.0,0.0036,0.0028000000000000004,0.0,0.0032,0.0031,0.0,0.0,0.0,0.0,0.0,0.0025,0.0,0.0109,0.0,0.0,0.0,0.0,0.0,0.0,0.0011,0.0,0.0,0.0,0.0
1993-03-04,0.006,0.0,0.0167,0.0,0.006,0.0,0.0115,0.016,0.0006,0.0097,0.0,0.006999999999999999,0.0083,0.0053,0.0059,0.003,0.0,0.0001,0.0,0.0,0.0029,0.0084,0.002,0.0,0.0,0.0022,0.0097,0.0,0.004,0.0007000000000000001
1993-03-05,0.0060999999999999995,0.0019,0.0027,0.0,0.0,0.0002,0.0,0.0045000000000000005,0.0031,0.0,0.0,0.0,0.0,0.0,0.0,0.0,0.0,0.0,0.0125,0.0092,0.0102,0.0,0.0,0.0,0.0,0.0,0.0,0.001,0.0025,0.0013
1993-03-08,0.0,0.0,0.011399999999999999,0.0,0.0,0.0,0.0,0.0,0.0,0.0,0.0,0.0,0.0,0.0,0.0,0.0,0.0115,0.0,0.0,0.0,0.0,0.0,0.0,0.0,0.0,0.0,0.0,0.0,0.0,0.0
1993-03-09,0.0076,0.01,0.0,0.0011,0.0,0.0024,0.0,0.005600000000000001,0.0004,0.0,0.0,0.0,0.0,0.0005,0.0,0.0021,0.0,0.0070999999999999995,0.0029,0.0018,0.0049,0.0,0.0,0.0,0.0,0.0,0.0,0.0,0.0,0.0
1993-03-10,0.0,0.0017000000000000001,0.0,0.0032,0.0,0.0011,0.0,0.0,0.0,0.0034000000000000002,0.0014000000000000002,0.0078000000000000005,0.0,0.0,0.0,0.0,0.0043,0.0064,0.0,0.0,0.0014000000000000002,0.0,0.0,0.0039000000000000003,0.0076,0.0,0.0,0.0006,0.0,0.0
1993-03-11,0.0,0.0040999999999999995,0.0062,0.0,0.0005,0.0001,0.0,0.009300000000000001,0.0068000000000000005,0.0,0.0053,0.0004,0.0068000000000000005,0.0029,0.017,0.0002,0.0,0.0,0.0068000000000000005,0.002,0.0089,0.0,0.0019,0.0134,0.005600000000000001,0.0,0.0098,0.0,0.0001,0.0
1993-03-12,0.011699999999999999,0.0177,0.0077,0.0,0.0088,0.005600000000000001,0.0055000000000000005,0.0044,0.010700000000000001,0.0085,0.0064,0.016399999999999998,0.0070999999999999995,0.011200000000000002,0.0116,0.0027,0.0,0.015700000000000002,0.01,0.0097,0.0078000000000000005,0.0,0.0,0.0144,0.0078000000000000005,0.009899999999999999,0.0058,0.0085,0.008,0.0055000000000000005
1993-03-15,0.0022,0.0,0.0,0.0,0.0007000000000000001,0.0027,0.0,0.0,0.0,0.0,0.0,0.0,0.0,0.0018,0.0,0.0,0.0,0.0014000000000000002,0.0,0.0029,0.0,0.0003,0.0,0.0,0.001,0.0,0.0,0.0,0.0,0.0
1993-03-16,0.0004,0.0,0.0,0.0,0.0,0.0,0.0044,0.0218,0.0051,0.0037,0.0002,0.0,0.0054,0.0,0.005,0.0019,0.008100000000000001,0.0199,0.0,0.0,0.0,0.0049,0.0002,0.0033,0.0007000000000000001,0.0,0.0,0.0,0.0,0.0199
1993-03-17,0.008,0.0115,0.0131,0.0163,0.006999999999999999,0.0031,0.0064,0.0208,0.0104,0.0126,0.010700000000000001,0.0059,0.0027,0.0,0.0,0.0068000000000000005,0.0,0.015700000000000002,0.0,0.0002,0.006,0.0121,0.0183,0.0025,0.008199999999999999,0.0076,0.0054,0.0054,0.0062,0.0098
1993-03-18,0.0,0.0,0.0053,0.0,0.0,0.0,0.0,0.0,0.0,0.0,0.0,0.0,0.0,0.0,0.0,0.0,0.0,0.0,0.0,0.0,0.0,0.0,0.0,0.0,0.0,0.0,0.0,0.0,0.0,0.0024
1993-03-19,0.004699999999999999,0.0042,0.0048,0.01,0.003,0.0,0.0092,0.0158,0.0018,0.0005,0.0029,0.0023,0.0004,0.0,0.0,0.0007000000000000001,0.0,0.013300000000000001,0.0,0.0,0.0024,0.0126,0.0143,0.0040999999999999995,0.0036,0.0039000000000000003,0.0085,0.0007000000000000001,0.0039000000000000003,0.0034999999999999996
1993-03-22,0.0132,0.004,0.018600000000000002,0.0087,0.0022,0.0089,0.0,0.0,0.0055000000000000005,0.0070999999999999995,0.0,0.0,0.0028000000000000004,0.0,0.0,0.0,0.0,0.0077,0.0,0.0025,0.005600000000000001,0.013500000000000002,0.0102,0.0,0.0,0.0052,0.0064,0.0104,0.0034999999999999996,0.0060999999999999995
1993-03-23,0.0012,0.0091,0.0,0.0008,0.003,0.0077,0.001,0.0,0.0,0.0,0.0036,0.005699999999999999,0.0007000000000000001,0.0062,0.0,0.0,0.014499999999999999,0.0023,0.0066,0.0,0.0,0.0001,0.0,0.0049,0.0,0.0013,0.006500000000000001,0.0042,0.0029,0.0018
1993-03-24,0.0043,0.0,0.0132,0.0006,0.0002,0.0048,0.0019,0.025099999999999997,0.0,0.0,0.0,0.0064,0.0,0.0,0.008,0.0054,0.0,0.0,0.0,0.0,0.0,0.0,0.0064,0.0042,0.0019,0.0,0.0064,0.0089,0.0008,0.0005
1993-03-25,0.0051,0.0,0.0,0.0,0.0,0.0,0.0,0.0,0.0,0.0017000000000000001,0.0,0.0,0.0,0.0,0.0,0.0,0.0008,0.0,0.0,0.0,0.0,0.0,0.0,0.0,0.0,0.0,0.0,0.0,0.0,0.0
1993-03-26,0.0014000000000000002,0.0144,0.0023,0.0,0.0066,0.0072,0.009300000000000001,0.0128,0.0026,0.0,0.0034999999999999996,0.0077,0.0034999999999999996,0.0021,0.0022,0.0072,0.0084,0.0168,0.0033,0.0032,0.0034999999999999996,0.004,0.0018,0.0128,0.0,0.0024,0.0033,0.0,0.0006,0.001
1993-03-29,0.0,0.0,0.0040999999999999995,0.0008,0.0,0.0009,0.0,0.0,0.0004,0.0,0.0,0.0031,0.0,0.0,0.0,0.0,0.020499999999999997,0.0,0.0,0.0,0.0,0.0005,0.0016,0.0092,0.0,0.0,0.0,0.0,0.0,0.0
1993-03-30,0.0,0.0,0.0,0.0,0.0,0.0006,0.0024,0.0,0.0,0.0016,0.0005,0.0116,0.0006,0.0,0.004,0.0,0.0,0.0026,0.0,0.0,0.0,0.0,0.0,0.0013,0.0016,0.0,0.014199999999999999,0.0034999999999999996,0.0017000000000000001,0.0
1993-03-31,0.0005,0.0044,0.0,0.0,0.0,0.0,0.0,0.0,0.0021,0.0,0.002,0.003,0.0,0.0176,0.0059,0.0046,0.0,0.0,0.0069,0.0,0.0,0.0,0.0,0.0,0.0012,0.0,0.0,0.0023,0.0,0.0051
1993-04-01,0.0,0.0,0.0076,0.0,0.0083,0.0,0.0044,0.02,0.0009,0.0062,0.0009,0.0034000000000000002,0.0027,0.0,0.0044,0.0,0.0,0.0,0.0076,0.0008,0.0049,0.0,0.003,0.0,0.0,0.0011,0.01,0.0,0.0,0.012199999999999999
1993-04-02,0.07980000000000001,0.0216,0.1284,0.02,0.023,0.0248,0.0209,0.0197,0.0028000000000000004,0.0192,0.0126,0.0279,0.0104,0.0095,0.0149,0.015700000000000002,0.0,0.0,0.0,0.0078000000000000005,0.014199999999999999,0.0273,0.0254,0.0225,0.0146,0.018000000000000002,0.025,0.0177,0.0175,0.024
1993-04-05,0.011200000000000002,0.024300000000000002,0.011000000000000001,0.010700000000000001,0.0053,0.0141,0.0084,0.0,0.0,0.0036,0.0012,0.0,0.0011,0.0,0.0,0.0,0.0113,0.009899999999999999,0.0,0.0,0.0001,0.0,0.0,0.0,0.0,0.0046,0.0092,0.0115,0.0,0.0
1993-04-06,0.0171,0.0169,0.0277,0.0060999999999999995,0.0,0.0108,0.0204,0.0098,0.0021,0.011699999999999999,0.001,0.0113,0.0,0.0,0.0,0.0,0.020499999999999997,0.0083,0.0,0.0,0.0,0.016200000000000003,0.0012,0.006,0.0,0.0102,0.0327,0.0108,0.0034999999999999996,0.0068000000000000005
1993-04-07,0.019799999999999998,0.011000000000000001,0.0013,0.0044,0.0,0.0001,0.0,0.0060999999999999995,0.0001,0.0033,0.0,0.01,0.0,0.0,0.0,0.0,0.013600000000000001,0.012,0.0,0.0,0.0006,0.0,0.0,0.0074,0.0,0.0021,0.0,0.0037,0.0,0.0
1993-04-08,0.0087,0.0049,0.0040999999999999995,0.0038,0.0,0.0,0.0,0.0233,0.005600000000000001,0.0,0.0005,0.0129,0.0,0.0,0.0,0.0052,0.016200000000000003,0.0029,0.0,0.0,0.001,0.0058,0.008199999999999999,0.0062,0.0,0.0036,0.0,0.0012,0.0,0.0032
1993-04-12,0.0,0.0,0.0,0.0,0.0,0.0,0.0,0.0,0.0,0.0,0.0,0.0,0.0,0.0,0.0,0.0,0.0194,0.0,0.0,0.0,0.0,0.0,0.0,0.0,0.0,0.0,0.0,0.0,0.0,0.0015
1993-04-13,0.0,0.0005,0.0,0.0,0.0,0.0,0.0,0.01,0.0,0.0,0.0,0.0,0.0,0.0,0.0,0.0,0.0,0.0,0.0,0.0,0.0022,0.0,0.009000000000000001,0.0,0.0,0.0,0.0013,0.0008,0.0,0.0
1993-04-14,0.0033,0.0,0.0161,0.0,0.0025,0.0,0.0062,0.0,0.0,0.0034999999999999996,0.0,0.0,0.0,0.0,0.0,0.0,0.0,0.011899999999999999,0.0005,0.0,0.0018,0.0,0.0007000000000000001,0.0,0.0005,0.0,0.024700000000000003,0.0087,0.0009,0.0
1993-04-15,0.002,0.0073,0.0,0.0060999999999999995,0.0029,0.0,0.0017000000000000001,0.0012,0.0,0.005600000000000001,0.005699999999999999,0.0,0.0,0.0,0.004,0.0,0.0194,0.0013,0.0104,0.0,0.0,0.0104,0.0053,0.0,0.0,0.0007000000000000001,0.0073,0.0066,0.0046,0.0
1993-04-16,0.004,0.037200000000000004,0.0,0.0098,0.0,0.0083,0.0092,0.0,0.0,0.0072,0.0038,0.0016,0.0,0.003,0.0,0.0,0.0,0.0,0.0,0.0,0.0,0.011899999999999999,0.0026,0.0,0.0,0.0018,0.013000000000000001,0.0062,0.0001,0.0
1993-04-19,0.0064,0.0037,0.0,0.0,0.0002,0.0055000000000000005,0.013600000000000001,0.0,0.0053,0.0083,0.0028000000000000004,0.0023,0.0,0.0027,0.0149,0.0051,0.0,0.0032,0.0064,0.0069,0.0034000000000000002,0.0042,0.0141,0.0040999999999999995,0.0102,0.0008,0.0,0.0174,0.008,0.0108
1993-04-20,0.0,0.0,0.0,0.0054,0.0083,0.0049,0.0074,0.0,0.0077,0.018799999999999997,0.0060999999999999995,0.0,0.0091,0.0064,0.0173,0.0141,0.0006,0.0027,0.0111,0.0095,0.0091,0.002,0.0,0.0,0.0129,0.005600000000000001,0.0096,0.0141,0.013999999999999999,0.013500000000000002
1993-04-21,0.0,0.0,0.0005,0.0049,0.0039000000000000003,0.0027,0.0,0.0003,0.0018,0.0,0.0,0.0,0.0026,0.0123,0.0044,0.0009,0.0108,0.0,0.0111,0.0045000000000000005,0.0051,0.0,0.0,0.0,0.0,0.0,0.0,0.0,0.0097,0.0
1993-04-22,0.020499999999999997,0.011699999999999999,0.01,0.005,0.0046,0.0002,0.0001,0.026699999999999998,0.0,0.0069,0.0027,0.0128,0.0,0.005699999999999999,0.0118,0.0018,0.0,0.0077,0.0051,0.0059,0.0083,0.0003,0.0039000000000000003,0.0034000000000000002,0.022000000000000002,0.0055000000000000005,0.0024,0.0028000000000000004,0.0068000000000000005,0.0143
1993-04-23,0.0048,0.0034000000000000002,0.0,0.0037,0.0012,0.0027,0.0,0.0,0.0034999999999999996,0.0084,0.0077,0.0054,0.0037,0.0,0.0,0.0,0.0,0.0,0.0141,0.0036,0.0095,0.013300000000000001,0.0128,0.006999999999999999,0.0026,0.0023,0.0078000000000000005,0.0092,0.0104,0.01
1993-04-26,0.0037,0.0,0.0,0.0,0.0055000000000000005,0.0031,0.008,0.0046,0.0,0.0173,0.0124,0.0029,0.0096,0.0115,0.0167,0.0138,0.0043,0.0043,0.0013,0.0016,0.0021,0.0134,0.0179,0.0036,0.0151,0.0079,0.0118,0.0078000000000000005,0.0291,0.0132
1993-04-27,0.0,0.005699999999999999,0.0223,0.0002,0.0,0.0005,0.0,0.0,0.0001,0.001,0.0,0.0005,0.0,0.0,0.0,0.0,0.0131,0.0005,0.0,0.0,0.0,0.0,0.0,0.0,0.0,0.0,0.0,0.0,0.0,0.0
1993-04-28,0.0031,0.0,0.0033,0.0,0.0,0.0197,0.0,0.0039000000000000003,0.0,0.0,0.0,0.0001,0.0,0.0174,0.0,0.008,0.0,0.0074,0.0,0.0002,0.0076,0.0,0.0,0.008,0.0037,0.0005,0.0,0.0,0.0,0.0
1993-04-29,0.0,0.0,0.0,0.0,0.0031,0.0,0.0070999999999999995,0.0067,0.0,0.0,0.0,0.0,0.0,0.0,0.0088,0.0,0.0,0.0104,0.0,0.0,0.0012,0.0011,0.0,0.0007000000000000001,0.0,0.0,0.0017000000000000001,0.0026,0.0,0.0
1993-04-30,0.0,0.006,0.0,0.0027,0.0005,0.0,0.0,0.0,0.0028000000000000004,0.0,0.0,0.0,0.0009,0.0070999999999999995,0.0,0.0,0.0,0.0144,0.0,0.0,0.0,0.0,0.0,0.0,0.0,0.0,0.0,0.0,0.0,0.0026
1993-05-03,0.0,0.0001,0.0,0.0019,0.0,0.0,0.0,0.0,0.0004,0.0,0.0,0.0,0.0019,0.0,0.0,0.0,0.0355,0.0,0.0,0.0,0.0,0.0,0.0,0.0,0.0,0.0,0.0005,0.0,0.0,0.0006
1993-05-04,0.0,0.0012,0.0104,0.0,0.0,0.0,0.0,0.001,0.002,0.0015,0.0,0.0075,0.0,0.0085,0.0009,0.0,0.0,0.0,0.0,0.0,0.0,0.0,0.0,0.0016,0.0,0.0,0.0,0.0,0.0,0.0
1993-05-05,0.0,0.0,0.0,0.0017000000000000001,0.011899999999999999,0.0006,0.0,0.0,0.0,0.0,0.0032,0.001,0.0,0.0,0.0034999999999999996,0.0,0.0033,0.0051,0.0024,0.0,0.0027,0.0,0.0,0.006,0.0009,0.0,0.0,0.0,0.0019,0.004
1993-05-06,0.0,0.0101,0.0,0.008199999999999999,0.0036,0.0128,0.0086,0.011699999999999999,0.005699999999999999,0.0063,0.0014000000000000002,0.0,0.0005,0.0,0.0089,0.0,0.0,0.0,0.0,0.002,0.0038,0.0052,0.0022,0.0022,0.0,0.0,0.0019,0.0025,0.0046,0.0
1993-05-07,0.0,0.0001,0.0,0.0,0.0037,0.0,0.0,0.0037,0.0,0.0066,0.0045000000000000005,0.0123,0.0026,0.0,0.0021,0.005699999999999999,0.0138,0.0,0.005600000000000001,0.0023,0.0055000000000000005,0.0,0.0,0.003,0.004,0.0,0.0,0.0,0.008,0.0026
1993-05-10,0.0,0.0,0.0,0.0,0.0,0.0,0.0,0.0,0.0002,0.0,0.0014000000000000002,0.0044,0.0,0.0002,0.0,0.0019,0.0058,0.0,0.0083,0.0007000000000000001,0.0,0.0,0.0,0.0022,0.004699999999999999,0.0,0.0,0.0,0.0,0.0
1993-05-11,0.0054,0.0,0.0,0.0,0.0,0.0,0.0,0.0,0.0,0.0,0.0,0.0,0.0,0.0074,0.0,0.0,0.0,0.0,0.0,0.0,0.0,0.0024,0.0023,0.0,0.0,0.0,0.0,0.0,0.0,0.0
1993-05-12,0.0098,0.0067,0.0174,0.0027,0.0,0.0,0.0,0.0086,0.0,0.0043,0.0,0.0,0.0,0.0,0.0,0.0,0.0,0.0,0.0,0.0009,0.0031,0.0026,0.0062,0.0,0.0,0.0029,0.0,0.0,0.0032,0.0037
1993-05-13,0.004,0.0174,0.006,0.013300000000000001,0.0103,0.0139,0.0105,0.0149,0.0,0.011000000000000001,0.0064,0.0,0.0011,0.0105,0.0177,0.0017000000000000001,0.0,0.0015,0.0066,0.016399999999999998,0.018500000000000003,0.0111,0.0092,0.009300000000000001,0.0046,0.006999999999999999,0.0098,0.0131,0.0158,0.0072
1993-05-14,0.0,0.0,0.0098,0.0,0.0028000000000000004,0.0018,0.0,0.0,0.0034999999999999996,0.0077,0.0063,0.0027,0.0069,0.0,0.0137,0.0,0.0125,0.0055000000000000005,0.0016,0.0048,0.0,0.0,0.0,0.004699999999999999,0.0015,0.0,0.0,0.0,0.0128,0.0
1993-05-17,0.0,0.0,0.005600000000000001,0.0,0.0,0.0029,0.0018,0.0,0.0014000000000000002,0.0128,0.0,0.0,0.0007000000000000001,0.0,0.0,0.0,0.0132,0.0,0.0,0.0049,0.0,0.0,0.0,0.0018,0.0027,0.0,0.0012,0.0,0.0049,0.0019
1993-05-18,0.003,0.0079,0.006,0.0,0.0005,0.0037,0.0013,0.0029,0.002,0.009300000000000001,0.0,0.0,0.0051,0.011899999999999999,0.016399999999999998,0.0009,0.0,0.0,0.0009,0.0067,0.0,0.0,0.0,0.0024,0.0048,0.0,0.0,0.0,0.0,0.0
1993-05-19,0.0,0.0,0.0,0.0,0.0,0.0,0.0,0.0,0.0,0.0,0.0,0.0,0.0,0.0,0.0,0.0,0.0433,0.0108,0.0,0.0,0.0,0.0,0.0,0.0,0.0,0.0,0.0,0.0,0.0,0.0
1993-05-20,0.0,0.0,0.0,0.0,0.0,0.0,0.0,0.0,0.0,0.0,0.0,0.0023,0.0,0.0001,0.0,0.0,0.0,0.0,0.0,0.0,0.0,0.0,0.0,0.0,0.0,0.004699999999999999,0.0,0.0,0.0,0.0
1993-05-21,0.002,0.02,0.0097,0.0092,0.0042,0.0073,0.0048,0.0083,0.0068000000000000005,0.0033,0.0068000000000000005,0.0055000000000000005,0.0023,0.0088,0.0096,0.0049,0.0,0.0006,0.0052,0.0028000000000000004,0.0109,0.0115,0.012199999999999999,0.0051,0.0053,0.0014000000000000002,0.0144,0.0027,0.0092,0.006999999999999999
1993-05-24,0.0104,0.004,0.002,0.0,0.0,0.0012,0.0,0.0,0.0,0.0,0.0017000000000000001,0.0,0.0,0.0,0.0,0.0,0.0191,0.0106,0.0,0.0,0.0,0.0,0.0,0.0006,0.0,0.0,0.0,0.0,0.0002,0.0
1993-05-25,0.0,0.0,0.0,0.0021,0.0,0.0,0.0077,0.004699999999999999,0.0,0.0,0.0,0.0,0.0,0.0036,0.0005,0.0017000000000000001,0.0,0.0,0.0,0.0,0.0,0.0,0.0049,0.0,0.0,0.0,0.0,0.0004,0.0,0.0
1993-05-26,0.0,0.0,0.0,0.0,0.0,0.0,0.0,0.0,0.0,0.0,0.0,0.0001,0.0,0.0,0.0,0.0,0.0195,0.0,0.0021,0.0,0.0,0.0,0.0,0.0,0.0,0.0,0.0003,0.0,0.0,0.0
1993-05-27,0.0068000000000000005,0.0076,0.004,0.0,0.0039000000000000003,0.0089,0.0,0.0149,0.0,0.0,0.0,0.0,0.0,0.0,0.0033,0.0,0.0,0.0,0.0,0.0,0.0015,0.0049,0.0001,0.0003,0.0017000000000000001,0.0,0.0016,0.0059,0.0029,0.0
1993-05-28,0.0045000000000000005,0.0,0.009899999999999999,0.004699999999999999,0.0143,0.0033,0.004,0.0,0.0066,0.0060999999999999995,0.0070999999999999995,0.0154,0.0076,0.011699999999999999,0.0014000000000000002,0.0034999999999999996,0.0059,0.0,0.0001,0.0,0.0021,0.0113,0.013300000000000001,0.0022,0.008100000000000001,0.001,0.0031,0.0017000000000000001,0.0046,0.0
1993-06-01,0.0,0.0,0.0,0.0,0.0,0.0023,0.0,0.0,0.0,0.0083,0.0,0.0,0.0,0.0,0.0,0.0,0.0356,0.0,0.0,0.0,0.0,0.0,0.0,0.0,0.0,0.0,0.0,0.0,0.0,0.0
1993-06-02,0.008199999999999999,0.0,0.0115,0.0,0.0,0.0,0.0060999999999999995,0.0063,0.0003,0.022099999999999998,0.0,0.0,0.0,0.0,0.0,0.0,0.0,0.0013,0.0,0.0,0.0,0.0001,0.0,0.0008,0.0,0.0006,0.0,0.0,0.0014000000000000002,0.0
1993-06-03,0.0067,0.0068000000000000005,0.0,0.0,0.0038,0.0048,0.010700000000000001,0.006500000000000001,0.0058,0.0,0.0,0.0,0.0028000000000000004,0.0003,0.0,0.0023,0.0,0.0,0.0,0.0,0.0,0.002,0.0,0.0,0.0167,0.0031,0.0143,0.0,0.0022,0.0
1993-06-04,0.0062,0.0036,0.0154,0.0011,0.0,0.0044,0.0111,0.0128,0.008199999999999999,0.0137,0.0012,0.0,0.0038,0.0026,0.0,0.0021,0.0,0.0141,0.0003,0.0029,0.0,0.0052,0.0051,0.0089,0.0002,0.008199999999999999,0.0116,0.0132,0.0115,0.006999999999999999
1993-06-07,0.0034999999999999996,0.0079,0.0,0.014499999999999999,0.0058,0.0060999999999999995,0.0045000000000000005,0.0034999999999999996,0.0,0.009399999999999999,0.0002,0.0042,0.0001,0.0037,0.0068000000000000005,0.006500000000000001,0.0058,0.0031,0.0,0.0,0.0,0.013600000000000001,0.0129,0.0024,0.0,0.0072,0.0118,0.018500000000000003,0.02,0.0092
1993-06-08,0.008100000000000001,0.0078000000000000005,0.0,0.020499999999999997,0.023399999999999997,0.012199999999999999,0.009899999999999999,0.006999999999999999,0.0092,0.0068000000000000005,0.0084,0.011399999999999999,0.0095,0.0034000000000000002,0.019299999999999998,0.0087,0.0305,0.0,0.0,0.0046,0.0032,0.0095,0.0068000000000000005,0.013600000000000001,0.0148,0.0076,0.0042,0.013300000000000001,0.0045000000000000005,0.0129
1993-06-09,0.0,0.0113,0.0158,0.0,0.0,0.0034999999999999996,0.0,0.0,0.0001,0.0018,0.0039000000000000003,0.0075,0.0028000000000000004,0.0,0.0,0.0,0.012,0.0,0.0,0.0,0.0,0.0,0.0027,0.0076,0.0,0.0,0.0,0.0,0.0,0.0
1993-06-10,0.0027,0.0,0.0113,0.002,0.0059,0.0,0.0089,0.0,0.0016,0.0012,0.030699999999999998,0.0064,0.0054,0.0014000000000000002,0.0019,0.0006,0.0024,0.006,0.0062,0.0009,0.0011,0.0023,0.006500000000000001,0.0066,0.0111,0.0012,0.0017000000000000001,0.0,0.0,0.0
1993-06-11,0.0,0.0,0.0,0.0,0.0036,0.0,0.0005,0.0,0.006,0.0,0.0,0.0038,0.0,0.0,0.0037,0.0,0.0319,0.0,0.026600000000000002,0.0,0.0,0.0,0.0,0.0,0.0,0.0,0.0,0.0,0.0,0.0
1993-06-14,0.0004,0.0,0.0,0.0026,0.0,0.0,0.025099999999999997,0.0,0.0018,0.0,0.0,0.0,0.0,0.0143,0.0155,0.0,0.0,0.005699999999999999,0.0,0.0029,0.0,0.0,0.0,0.0074,0.009899999999999999,0.005,0.0004,0.0048,0.0,0.0
1993-06-15,0.0067,0.0051,0.0059,0.0,0.013999999999999999,0.0023,0.0036,0.0055000000000000005,0.0113,0.0,0.0034999999999999996,0.0064,0.0014000000000000002,0.0,0.0067,0.0,0.0,0.0,0.0008,0.0,0.0008,0.0,0.0039000000000000003,0.0029,0.0,0.0001,0.005,0.0192,0.0,0.0
1993-06-16,0.0,0.0,0.0085,0.0042,0.0004,0.0,0.0,0.0,0.0,0.0,0.0,0.0,0.0,0.0,0.0,0.0,0.0,0.023,0.0,0.0,0.0029,0.0022,0.0059,0.0,0.0073,0.0001,0.0066,0.0,0.0,0.0017000000000000001
1993-06-17,0.0,0.0,0.0,0.0,0.0,0.0,0.0015,0.0,0.0,0.0103,0.0,0.0,0.0001,0.0008,0.0,0.0072,0.0,0.0043,0.0,0.0,0.0,0.0018,0.006999999999999999,0.0,0.0034999999999999996,0.0,0.0049,0.0,0.0,0.0034999999999999996
1993-06-18,0.0064,0.0151,0.0083,0.0121,0.0038,0.0019,0.0173,0.025699999999999997,0.0053,0.0023,0.0040999999999999995,0.0,0.0,0.0038,0.004699999999999999,0.0007000000000000001,0.0089,0.024,0.0146,0.0036,0.0096,0.0174,0.0096,0.0043,0.0036,0.0062,0.0146,0.0078000000000000005,0.0032,0.0118
1993-06-21,0.0,0.0016,0.0,0.0026,0.0,0.0,0.0182,0.0037,0.0,0.0177,0.0,0.0,0.0,0.0,0.0,0.0,0.0074,0.0,0.0,0.0,0.0,0.0,0.0,0.0,0.0,0.0,0.0,0.0036,0.0,0.0
1993-06-22,0.0,0.0023,0.0098,0.006,0.0,0.0017000000000000001,0.008100000000000001,0.0086,0.0027,0.0101,0.0025,0.0,0.0011,0.0025,0.0,0.0023,0.0046,0.0,0.0,0.0,0.0,0.0058,0.0,0.0072,0.0026,0.0005,0.016200000000000003,0.0151,0.0,0.0242
1993-06-23,0.0021,0.0,0.0,0.0178,0.0075,0.0109,0.021099999999999997,0.006,0.012199999999999999,0.0023,0.004,0.0085,0.0046,0.0,0.0102,0.0,0.0,0.0131,0.0218,0.0,0.0038,0.0,0.0086,0.0,0.0,0.0009,0.0,0.0052,0.0033,0.0045000000000000005
1993-06-24,0.0,0.0,0.0,0.0,0.0,0.0,0.0084,0.0,0.0,0.0,0.0,0.0011,0.003,0.003,0.0,0.0,0.0,0.0195,0.0004,0.0,0.0,0.0,0.0,0.0,0.0,0.0,0.0,0.0,0.0,0.0
1993-06-25,0.0,0.0018,0.006,0.0,0.0,0.0,0.0,0.0,0.0027,0.0001,0.0017000000000000001,0.0021,0.0018,0.0067,0.0,0.0,0.0,0.0263,0.0,0.0,0.002,0.0,0.0,0.0,0.0,0.0,0.0,0.0,0.0,0.0004
1993-06-28,0.0,0.0,0.0,0.0,0.0,0.0,0.0,0.0031,0.0,0.0,0.0,0.0,0.0,0.0,0.0,0.0,0.0,0.0,0.0,0.0,0.0,0.0,0.0,0.0,0.0,0.0,0.0,0.0,0.0,0.0
1993-06-29,0.0008,0.0,0.0044,0.012,0.0033,0.0,0.0154,0.0,0.0064,0.0,0.0054,0.0,0.0,0.0,0.0019,0.0055000000000000005,0.0,0.0,0.0049,0.0003,0.0,0.006999999999999999,0.006999999999999999,0.011399999999999999,0.0002,0.0003,0.0015,0.0063,0.0038,0.0027
1993-06-30,0.0,0.0067,0.0,0.0005,0.004699999999999999,0.0,0.0,0.0101,0.0008,0.0,0.0,0.0,0.0,0.0,0.0,0.0063,0.0052,0.0175,0.0,0.0021,0.0,0.0,0.0005,0.0,0.0,0.0,0.0003,0.0017000000000000001,0.0,0.0070999999999999995
1993-07-01,0.0036,0.0045000000000000005,0.0077,0.0,0.0023,0.0037,0.0005,0.011200000000000002,0.0003,0.009899999999999999,0.0,0.0,0.0060999999999999995,0.005699999999999999,0.012199999999999999,0.0078000000000000005,0.0,0.0,0.0046,0.0,0.0,0.0034999999999999996,0.004699999999999999,0.0,0.0,0.0,0.0068000000000000005,0.0,0.0,0.0106
1993-07-02,0.0059,0.0060999999999999995,0.0024,0.0019,0.0018,0.0034999999999999996,0.0014000000000000002,0.0087,0.0,0.0,0.0029,0.0074,0.0026,0.0,0.012,0.0060999999999999995,0.0,0.0,0.011699999999999999,0.0021,0.0045000000000000005,0.0006,0.002,0.005600000000000001,0.0031,0.0053,0.0066,0.0,0.0058,0.0
1993-07-06,0.0134,0.015,0.0182,0.0146,0.0018,0.0116,0.0181,0.0098,0.0126,0.0025,0.008100000000000001,0.0060999999999999995,0.0042,0.009899999999999999,0.004,0.0092,0.0,0.0,0.0079,0.0,0.005699999999999999,0.0118,0.0171,0.011000000000000001,0.0166,0.0083,0.015,0.0024,0.0,0.0109
1993-07-07,0.0,0.0,0.0,0.0161,0.0029,0.0,0.0,0.0,0.0,0.011699999999999999,0.0018,0.0052,0.0,0.0009,0.0,0.0,0.02,0.0,0.0,0.0,0.0002,0.0066,0.005699999999999999,0.0052,0.0143,0.001,0.0,0.0011,0.0,0.0022
1993-07-08,0.0,0.0,0.0,0.0001,0.0,0.0,0.0,0.0,0.0,0.0,0.0,0.0055000000000000005,0.0,0.0,0.0,0.0,0.0301,0.0,0.0,0.0,0.0,0.0,0.0,0.0,0.0,0.0,0.0,0.001,0.0,0.0
1993-07-09,0.0,0.0049,0.0076,0.0,0.0,0.0,0.0,0.0029,0.0,0.0,0.0004,0.0,0.0005,0.0,0.0,0.0,0.0017000000000000001,0.0,0.0037,0.0,0.0006,0.0,0.0,0.0,0.004,0.0001,0.0023,0.0,0.0007000000000000001,0.0
1993-07-12,0.0,0.0,0.0,0.0072,0.0011,0.0,0.0,0.0,0.0,0.0,0.0,0.0052,0.0,0.0,0.0137,0.0,0.0,0.0,0.0,0.0016,0.0,0.0,0.0,0.0049,0.005,0.0009,0.0,0.0,0.0,0.0
1993-07-13,0.0003,0.0113,0.0,0.0,0.0,0.01,0.0031,0.0,0.0,0.0,0.0042,0.0,0.0,0.0,0.0,0.0009,0.0058,0.0,0.0004,0.0014000000000000002,0.0034999999999999996,0.0043,0.0,0.0060999999999999995,0.0,0.0,0.0,0.0051,0.0023,0.009000000000000001
1993-07-14,0.0,0.0,0.0,0.0,0.0,0.0,0.0,0.0,0.0,0.0,0.0,0.0,0.0,0.0,0.0,0.0,0.012199999999999999,0.012,0.0,0.0,0.0,0.0,0.0,0.0,0.0,0.0,0.0,0.0,0.0028000000000000004,0.0
1993-07-15,0.0024,0.0,0.0,0.0014000000000000002,0.0053,0.0038,0.0033,0.0172,0.0,0.0,0.0,0.0,0.0017000000000000001,0.0,0.0,0.0,0.0,0.0,0.0126,0.0021,0.0,0.0040999999999999995,0.0104,0.0069,0.0,0.0029,0.0001,0.0,0.0,0.0
1993-07-16,0.015600000000000001,0.006999999999999999,0.0323,0.0097,0.0039000000000000003,0.0146,0.042199999999999994,0.0155,0.0,0.013999999999999999,0.0036,0.0016,0.0028000000000000004,0.0,0.0005,0.0007000000000000001,0.009899999999999999,0.0333,0.0084,0.0,0.005699999999999999,0.015300000000000001,0.024399999999999998,0.0043,0.0,0.0,0.008,0.004,0.0018,0.0019
1993-07-19,0.0,0.0,0.0,0.0184,0.0033,0.004699999999999999,0.012199999999999999,0.0014000000000000002,0.0009,0.0134,0.004,0.0,0.0001,0.0037,0.0022,0.0,0.0064,0.0,0.0,0.0,0.0,0.0113,0.0137,0.0066,0.0,0.0036,0.008199999999999999,0.0058,0.0,0.0062
1993-07-20,0.0045000000000000005,0.0,0.0,0.0,0.0,0.0,0.0066,0.0,0.0008,0.0067,0.0,0.0,0.0039000000000000003,0.0052,0.0,0.0,0.0008,0.0072,0.001,0.0012,0.0,0.0,0.0,0.0003,0.0,0.0,0.0,0.009000000000000001,0.0014000000000000002,0.0087
1993-07-21,0.0034000000000000002,0.0,0.0015,0.0011,0.0,0.0101,0.0008,0.0077,0.0,0.015600000000000001,0.0,0.0059,0.0017000000000000001,0.0025,0.0027,0.0,0.0128,0.0,0.0,0.0,0.0021,0.0024,0.0,0.0009,0.0,0.0002,0.0017000000000000001,0.0,0.0007000000000000001,0.0
1993-07-22,0.0051,0.0028000000000000004,0.0063,0.0,0.0058,0.0127,0.014199999999999999,0.009399999999999999,0.0044,0.0146,0.0077,0.0087,0.0064,0.006,0.010700000000000001,0.0062,0.0,0.0,0.0001,0.0006,0.0060999999999999995,0.0039000000000000003,0.0074,0.0079,0.0,0.0063,0.0111,0.006999999999999999,0.0060999999999999995,0.0
1993-07-23,0.0074,0.0,0.0,0.0,0.0,0.0,0.0008,0.0,0.0003,0.0,0.0,0.0,0.0,0.0011,0.0052,0.0002,0.0089,0.0127,0.0,0.0,0.0,0.0,0.0,0.0,0.0,0.0,0.0,0.0,0.0,0.0017000000000000001
1993-07-26,0.0032,0.0058,0.0034999999999999996,0.0,0.0,0.0018,0.0,0.0,0.0,0.0,0.0,0.0,0.0,0.0,0.0,0.0,0.0,0.0,0.0,0.0,0.0,0.0,0.0,0.0,0.0,0.0,0.0,0.0,0.0,0.0023
1993-07-27,0.0024,0.008199999999999999,0.019,0.0,0.0025,0.0,0.0,0.0009,0.0012,0.0,0.0040999999999999995,0.0229,0.0067,0.0048,0.010700000000000001,0.0023,0.0,0.0077,0.0,0.0007000000000000001,0.0025,0.013600000000000001,0.0003,0.0087,0.0044,0.0005,0.0108,0.0,0.0006,0.0
1993-07-28,0.0092,0.0,0.0012,0.0031,0.0014000000000000002,0.0,0.0,0.0113,0.0067,0.0028000000000000004,0.0043,0.0,0.0,0.0038,0.0046,0.0046,0.0,0.0,0.0,0.0,0.0,0.0,0.003,0.0032,0.0,0.0,0.0,0.0,0.0005,0.005699999999999999
1993-07-29,0.0,0.0,0.0055000000000000005,0.0038,0.0,0.0,0.0,0.0073,0.0,0.0,0.0,0.0001,0.0,0.0,0.0,0.0,0.0,0.0,0.0,0.0,0.0,0.0,0.0021,0.0,0.0,0.0,0.0,0.0,0.0,0.0
1993-07-30,0.0017000000000000001,0.011399999999999999,0.0143,0.0068000000000000005,0.0087,0.005,0.005699999999999999,0.009399999999999999,0.0059,0.0007000000000000001,0.0096,0.0058,0.0033,0.0021,0.0,0.0,0.0,0.0,0.0,0.0025,0.0062,0.0123,0.0,0.0,0.0,0.0,0.0036,0.0052,0.003,0.008
1993-08-02,0.0052,0.0,0.0147,0.0,0.0,0.0,0.0006,0.0,0.0,0.0,0.0,0.0,0.0,0.0,0.0,0.0,0.0,0.0037,0.0,0.0,0.0,0.0,0.0,0.0,0.0,0.0,0.0,0.0,0.0,0.0
1993-08-03,0.0,0.0028000000000000004,0.009899999999999999,0.0,0.0004,0.0024,0.0048,0.0,0.0,0.0,0.0008,0.0005,0.0,0.0037,0.0034999999999999996,0.0,0.0196,0.0,0.0066,0.0,0.008,0.0,0.0,0.0,0.0002,0.0024,0.0,0.0,0.0,0.0
1993-08-04,0.0067,0.0137,0.0,0.010700000000000001,0.0040999999999999995,0.0042,0.0005,0.0008,0.0031,0.0,0.0,0.0011,0.0,0.0021,0.0063,0.0053,0.015,0.0,0.008100000000000001,0.0,0.0034000000000000002,0.0,0.0,0.0031,0.0,0.0,0.0,0.0017000000000000001,0.0,0.005
1993-08-05,0.004699999999999999,0.0,0.0165,0.0,0.0017000000000000001,0.0001,0.0,0.0101,0.0017000000000000001,0.0091,0.0,0.0121,0.0,0.0,0.009399999999999999,0.0,0.0518,0.0,0.0084,0.0,0.0,0.0,0.0,0.0,0.0085,0.003,0.0,0.0012,0.0004,0.0
1993-08-06,0.0,0.01,0.0027,0.0,0.0,0.0,0.0,0.0,0.0012,0.0002,0.0022,0.0021,0.0,0.0002,0.013000000000000001,0.0,0.0018,0.0040999999999999995,0.0,0.0023,0.0040999999999999995,0.0,0.0,0.0,0.0,0.0,0.0,0.0007000000000000001,0.0,0.0
1993-08-09,0.0,0.0,0.0027,0.0,0.0,0.0,0.0,0.0091,0.0,0.0,0.0,0.0,0.0,0.0,0.0,0.0,0.0,0.0,0.0,0.0,0.0,0.0,0.0,0.0,0.0,0.0,0.0,0.0,0.0,0.0
1993-08-10,0.006500000000000001,0.0054,0.0149,0.0040999999999999995,0.0014000000000000002,0.0058,0.0097,0.0075,0.0,0.0,0.0,0.0,0.0,0.0037,0.0004,0.0062,0.0089,0.0,0.0,0.0,0.0,0.004699999999999999,0.0022,0.0044,0.0,0.0,0.0079,0.0006,0.0,0.0
1993-08-11,0.0,0.0,0.0015,0.0,0.0,0.0,0.0143,0.0103,0.0,0.0003,0.0,0.0006,0.0,0.0034999999999999996,0.0017000000000000001,0.0,0.0203,0.0,0.0,0.0,0.0,0.0,0.0,0.0,0.0013,0.0,0.0,0.0,0.0011,0.008
1993-08-12,0.0006,0.0248,0.0126,0.0,0.005699999999999999,0.0088,0.0,0.0053,0.0078000000000000005,0.0,0.0024,0.0054,0.0028000000000000004,0.0075,0.0067,0.0039000000000000003,0.0347,0.0089,0.0,0.0,0.004699999999999999,0.0034000000000000002,0.0034999999999999996,0.0028000000000000004,0.0034000000000000002,0.0073,0.0028000000000000004,0.0097,0.0,0.0060999999999999995
1993-08-13,0.0,0.0,0.0,0.0,0.0,0.0014000000000000002,0.0,0.0004,0.0,0.0,0.0,0.0,0.0,0.0053,0.0125,0.0006,0.0,0.0,0.0,0.0,0.0,0.0,0.0,0.0,0.0,0.0,0.0,0.0,0.0,0.0
1993-08-16,0.0,0.010700000000000001,0.0,0.0,0.0,0.0,0.0,0.0,0.0,0.0,0.0,0.0,0.0,0.0,0.0,0.0,0.0,0.0158,0.0,0.0,0.0,0.0,0.0,0.0,0.0013,0.001,0.0,0.0,0.0,0.0019
1993-08-17,0.0,0.0,0.0,0.003,0.0,0.0,0.0,0.0,0.0,0.0,0.0,0.0004,0.0,0.0058,0.0039000000000000003,0.0,0.0055000000000000005,0.0031,0.0045000000000000005,0.0,0.0022,0.0,0.0,0.0,0.0,0.0,0.0032,0.0,0.0027,0.0
1993-08-18,0.0,0.0,0.0,0.0021,0.0,0.0,0.0,0.0,0.0,0.0,0.0,0.0039000000000000003,0.0,0.0,0.024900000000000002,0.0,0.0,0.0,0.0,0.0012,0.0048,0.0,0.0,0.0,0.0,0.0,0.0,0.0,0.0,0.0
1993-08-19,0.0,0.0,0.0,0.0,0.0005,0.0,0.0,0.0,0.003,0.0,0.0,0.0,0.0,0.0038,0.0,0.0,0.0158,0.0226,0.0001,0.0005,0.009899999999999999,0.0109,0.0029,0.0023,0.0,0.0,0.0,0.003,0.0017000000000000001,0.0060999999999999995
1993-08-20,0.0108,0.0109,0.0027,0.0,0.0016,0.0009,0.0062,0.0034000000000000002,0.0,0.0,0.0040999999999999995,0.0,0.0013,0.0,0.0176,0.0029,0.0,0.0194,0.0,0.0,0.0,0.0,0.0037,0.0,0.0087,0.0004,0.0,0.0,0.0,0.0
1993-08-23,0.0015,0.0,0.0174,0.0015,0.0,0.0058,0.0,0.0083,0.0,0.0,0.0014000000000000002,0.0,0.0026,0.006500000000000001,0.0,0.0060999999999999995,0.0,0.0143,0.0,0.0,0.0073,0.0,0.0,0.005600000000000001,0.002,0.0,0.0044,0.0059,0.0005,0.0
1993-08-24,0.0,0.0,0.0,0.0,0.0,0.0,0.0,0.0002,0.0,0.0,0.0,0.0,0.0,0.0,0.0,0.0,0.0,0.0,0.0,0.0,0.0,0.0,0.0,0.0,0.0,0.0,0.0,0.0,0.0,0.0
1993-08-25,0.01,0.018799999999999997,0.022099999999999998,0.0,0.0,0.0,0.0054,0.0086,0.0,0.0,0.0,0.0,0.0,0.0,0.0,0.0,0.0,0.0,0.0,0.0,0.0,0.0059,0.0034999999999999996,0.0,0.0,0.0,0.0049,0.0,0.0,0.0068000000000000005
1993-08-26,0.0031,0.0042,0.0128,0.0,0.0,0.006,0.0038,0.0,0.0,0.0102,0.0013,0.0,0.0026,0.0018,0.0,0.004699999999999999,0.0236,0.0,0.0,0.0,0.0,0.0149,0.006500000000000001,0.0003,0.0042,0.0007000000000000001,0.004699999999999999,0.0043,0.0,0.0
1993-08-27,0.0,0.0,0.0072,0.0,0.0,0.0034000000000000002,0.0,0.0017000000000000001,0.0060999999999999995,0.0,0.0,0.0058,0.0028000000000000004,0.0054,0.0033,0.003,0.0,0.008199999999999999,0.008100000000000001,0.0017000000000000001,0.0,0.0,0.0,0.0054,0.0011,0.0033,0.0,0.0042,0.0028000000000000004,0.0
1993-08-30,0.0,0.0,0.008100000000000001,0.0,0.0015,0.0,0.0,0.0,0.0008,0.0,0.0,0.0011,0.0,0.0,0.0021,0.0,0.0,0.0176,0.0018,0.0,0.0,0.0,0.0,0.001,0.0026,0.0,0.0,0.0,0.0,0.0
1993-08-31,0.0,0.0,0.0,0.0023,0.0,0.0,0.0,0.0,0.0,0.0,0.0,0.0012,0.0,0.0012,0.0015,0.0,0.0,0.0,0.0,0.0,0.0,0.0,0.0,0.0,0.0,0.0,0.0,0.0005,0.0,0.0
1993-09-01,0.0,0.0076,0.0001,0.0,0.0,0.0,0.0044,0.0015,0.0064,0.0025,0.0033,0.0036,0.003,0.0009,0.0,0.0,0.005600000000000001,0.0,0.0,0.0,0.0,0.0,0.0034999999999999996,0.0034999999999999996,0.008100000000000001,0.0,0.0013,0.0,0.0,0.0
1993-09-02,0.0017000000000000001,0.0031,0.008100000000000001,0.0028000000000000004,0.0,0.0097,0.0055000000000000005,0.0,0.0011,0.0011,0.004,0.0077,0.0053,0.005699999999999999,0.0139,0.0042,0.018500000000000003,0.0,0.004699999999999999,0.001,0.0023,0.0019,0.0,0.0037,0.0123,0.0003,0.0158,0.0008,0.0023,0.0038
1993-09-03,0.0,0.0,0.0,0.0017000000000000001,0.0,0.0,0.0059,0.0042,0.0,0.0,0.0,0.0003,0.0,0.0013,0.0095,0.0037,0.0151,0.0049,0.0,0.0,0.0,0.0,0.0023,0.0,0.0033,0.0,0.0021,0.0,0.0,0.0019
1993-09-07,0.0074,0.0,0.0,0.0118,0.0048,0.0048,0.008,0.0125,0.0106,0.009899999999999999,0.009399999999999999,0.0148,0.0076,0.0038,0.0,0.0016,0.0599,0.0,0.0124,0.0002,0.0058,0.012,0.0183,0.0034999999999999996,0.0096,0.012,0.0089,0.006999999999999999,0.0017000000000000001,0.0126
1993-09-08,0.0,0.0,0.0079,0.0118,0.006999999999999999,0.0017000000000000001,0.0072,0.0181,0.0,0.0079,0.005,0.005699999999999999,0.010700000000000001,0.0084,0.0,0.0101,0.0040999999999999995,0.0123,0.0051,0.0009,0.0034000000000000002,0.0127,0.011399999999999999,0.0085,0.013500000000000002,0.010700000000000001,0.0087,0.008100000000000001,0.005600000000000001,0.0087
1993-09-09,0.0025,0.0,0.0,0.0,0.0009,0.0040999999999999995,0.0,0.0,0.0045000000000000005,0.0,0.0034000000000000002,0.0,0.0,0.002,0.0,0.0,0.0,0.0,0.0060999999999999995,0.0028000000000000004,0.0032,0.0,0.0,0.0,0.0,0.0,0.0,0.0,0.0,0.0062
1993-09-10,0.0,0.0,0.0048,0.0,0.0,0.0,0.0,0.0,0.0,0.0,0.0,0.0,0.0,0.0,0.0,0.0,0.014199999999999999,0.001,0.0,0.0,0.0,0.0,0.0,0.0,0.0,0.0,0.0,0.0,0.0,0.0
1993-09-13,0.002,0.0,0.0,0.0,0.0,0.0,0.0018,0.010700000000000001,0.0,0.0102,0.0,0.004,0.0,0.0,0.0,0.0,0.0356,0.0048,0.0038,0.0,0.0,0.0043,0.0097,0.002,0.0,0.0,0.0028000000000000004,0.0,0.0013,0.0
1993-09-14,0.006999999999999999,0.0044,0.0084,0.01,0.003,0.0058,0.0086,0.0,0.0091,0.0104,0.0039000000000000003,0.012199999999999999,0.0076,0.0,0.0196,0.009000000000000001,0.0,0.006,0.0,0.004,0.0070999999999999995,0.0129,0.011699999999999999,0.0034999999999999996,0.0125,0.0086,0.0147,0.0116,0.0067,0.0033
1993-09-15,0.0,0.0,0.0,0.0011,0.0007000000000000001,0.0,0.004699999999999999,0.0011,0.0,0.0109,0.0,0.0,0.0004,0.0,0.0,0.0,0.0,0.0,0.0,0.0,0.0,0.0,0.0,0.0,0.0,0.0,0.0011,0.0,0.0004,0.0
1993-09-16,0.0013,0.0086,0.0064,0.0,0.0027,0.0,0.008,0.0075,0.0015,0.0,0.0004,0.0,0.0004,0.0,0.0027,0.0,0.0,0.0,0.009000000000000001,0.0028000000000000004,0.0072,0.0,0.0016,0.0,0.0006,0.0,0.0,0.0083,0.0008,0.0067
1993-09-17,0.0078000000000000005,0.0008,0.0,0.0,0.0031,0.0084,0.0,0.0,0.0002,0.0,0.0,0.014499999999999999,0.0054,0.0,0.006,0.0,0.009300000000000001,0.0,0.0087,0.0,0.0,0.0,0.0,0.0,0.0021,0.0005,0.0,0.0,0.0,0.0032
1993-09-20,0.0088,0.0197,0.0141,0.0016,0.0011,0.0049,0.009399999999999999,0.013500000000000002,0.009399999999999999,0.013300000000000001,0.0086,0.0084,0.0069,0.0073,0.0,0.0,0.0,0.0,0.0044,0.003,0.009000000000000001,0.0007000000000000001,0.0033,0.0109,0.0019,0.004,0.0033,0.006,0.0034999999999999996,0.0049
1993-09-21,0.0075,0.006999999999999999,0.01,0.0,0.0103,0.0073,0.0126,0.0,0.011000000000000001,0.0023,0.0101,0.0168,0.0138,0.0091,0.012199999999999999,0.0106,0.0,0.005600000000000001,0.0,0.0063,0.0085,0.0064,0.005,0.0144,0.009399999999999999,0.0076,0.005699999999999999,0.0167,0.0104,0.0087
1993-09-22,0.0021,0.0,0.0013,0.0,0.0,0.004,0.0,0.0,0.0005,0.0,0.0,0.0,0.0,0.0,0.0,0.0,0.023700000000000002,0.0,0.0017000000000000001,0.0,0.0,0.0,0.0,0.0,0.0,0.0,0.0,0.0,0.0,0.0
1993-09-23,0.0011,0.0021,0.0,0.0,0.0,0.0017000000000000001,0.0,0.0,0.0007000000000000001,0.0,0.0,0.0,0.0,0.0014000000000000002,0.0,0.0003,0.0,0.0,0.006,0.0034000000000000002,0.0,0.0,0.0,0.006500000000000001,0.0,0.0,0.0,0.0,0.0,0.0
1993-09-24,0.0,0.0024,0.006500000000000001,0.0,0.0,0.0,0.0,0.0044,0.0029,0.0104,0.0,0.0,0.0,0.011399999999999999,0.0,0.0062,0.0,0.0,0.0,0.0032,0.005699999999999999,0.0,0.0,0.003,0.0,0.0,0.0018,0.0,0.0,0.0040999999999999995
1993-09-27,0.0,0.0,0.0,0.0,0.0,0.0,0.0,0.0,0.0,0.0,0.0,0.0,0.0,0.0,0.0069,0.0011,0.0281,0.0026,0.0,0.0,0.0,0.0,0.0,0.0,0.0,0.0,0.0,0.0,0.0,0.0
1993-09-28,0.0023,0.0063,0.0,0.0,0.0043,0.004,0.0022,0.008199999999999999,0.0053,0.0,0.0,0.0,0.0001,0.0042,0.0,0.0002,0.0009,0.0,0.0,0.0,0.0,0.0,0.0,0.0,0.0,0.0,0.0049,0.0,0.0,0.0
1993-09-29,0.0054,0.0116,0.0098,0.0059,0.0046,0.0026,0.0072,0.0,0.0,0.0104,0.0023,0.0075,0.004,0.0063,0.0121,0.0,0.0222,0.0,0.0,0.0044,0.0055000000000000005,0.002,0.0095,0.0,0.0,0.0,0.0074,0.004699999999999999,0.001,0.0027
1993-09-30,0.0,0.0043,0.009300000000000001,0.0005,0.0034999999999999996,0.0,0.0,0.0,0.0,0.0016,0.0,0.0,0.0004,0.0,0.0139,0.0017000000000000001,0.0,0.023,0.0021,0.0011,0.0015,0.0038,0.006999999999999999,0.0,0.0016,0.0,0.0,0.0040999999999999995,0.002,0.008100000000000001
1993-10-01,0.0,0.0075,0.0038,0.0,0.0,0.0007000000000000001,0.0,0.0,0.0,0.0006,0.0,0.0,0.0,0.0,0.0,0.0,0.0084,0.0147,0.0,0.0,0.0,0.0,0.0,0.0,0.0,0.0,0.0,0.0,0.0,0.0
1993-10-04,0.0015,0.0,0.0,0.0,0.0,0.0,0.0,0.002,0.0,0.0,0.0,0.0,0.0,0.0,0.0,0.0,0.0,0.0023,0.0036,0.0034000000000000002,0.0007000000000000001,0.0,0.0,0.0014000000000000002,0.0,0.0026,0.0,0.008100000000000001,0.0,0.0
1993-10-05,0.0,0.0028000000000000004,0.0034999999999999996,0.0,0.0,0.0,0.0038,0.0,0.0,0.001,0.0,0.0,0.0045000000000000005,0.0073,0.0,0.0052,0.0,0.009300000000000001,0.0051,0.0031,0.0027,0.0033,0.0183,0.0002,0.0015,0.0,0.0,0.0008,0.0024,0.0019
1993-10-06,0.0,0.009399999999999999,0.0,0.0,0.0023,0.0,0.0,0.0055000000000000005,0.0032,0.0086,0.0019,0.0,0.0028000000000000004,0.002,0.0051,0.0,0.0,0.0014000000000000002,0.006,0.0007000000000000001,0.0,0.0,0.0,0.0018,0.0052,0.0,0.0,0.0,0.0,0.0003
1993-10-07,0.0,0.0014000000000000002,0.0,0.0,0.0023,0.0005,0.0008,0.0,0.0044,0.0123,0.0024,0.0,0.0058,0.0,0.0,0.0060999999999999995,0.0,0.0043,0.0034000000000000002,0.0064,0.0076,0.0017000000000000001,0.0076,0.018799999999999997,0.0029,0.0003,0.0028000000000000004,0.011899999999999999,0.0028000000000000004,0.0018
1993-10-08,0.0,0.0,0.0,0.0046,0.0,0.0,0.0,0.0,0.0,0.0013,0.0016,0.006,0.0,0.0,0.0073,0.0034000000000000002,0.0,0.0,0.0026,0.0,0.0,0.0002,0.0,0.0003,0.0037,0.0,0.0003,0.0,0.0,0.0
1993-10-11,0.0,0.0,0.0,0.0,0.0,0.0,0.0,0.0,0.0,0.0032,0.001,0.0074,0.0,0.0,0.0016,0.0015,0.0053,0.0123,0.0,0.0033,0.0067,0.0,0.0060999999999999995,0.0008,0.0,0.0,0.0018,0.0,0.0,0.0
1993-10-12,0.0029,0.0,0.0,0.0,0.0,0.0,0.0,0.0,0.0,0.0,0.0009,0.0,0.0025,0.006999999999999999,0.0007000000000000001,0.0042,0.0,0.0137,0.0,0.004,0.0,0.0,0.0,0.006999999999999999,0.0045000000000000005,0.0,0.005,0.0,0.0,0.0007000000000000001
1993-10-13,0.0,0.0021,0.0,0.0,0.0,0.0005,0.0,0.0,0.0043,0.0,0.0,0.0008,0.0014000000000000002,0.0,0.0,0.0024,0.0055000000000000005,0.0132,0.0108,0.0027,0.0,0.0,0.0064,0.005600000000000001,0.0,0.0,0.0,0.0,0.0,0.0108
1993-10-14,0.0,0.0,0.0,0.0021,0.0,0.0,0.0,0.0,0.0007000000000000001,0.0,0.0,0.0051,0.002,0.0,0.0,0.0,0.0083,0.0138,0.0,0.0,0.0,0.0,0.0,0.0017000000000000001,0.008199999999999999,0.0,0.0,0.0,0.0038,0.0
1993-10-15,0.0,0.0,0.0,0.0,0.0,0.0,0.0,0.0,0.0,0.0026,0.0,0.0,0.0,0.0,0.0,0.0011,0.008100000000000001,0.0,0.0,0.0,0.0009,0.0,0.0,0.0,0.0,0.0,0.0,0.0,0.0060999999999999995,0.0
1993-10-18,0.0011,0.0083,0.0154,0.004,0.0,0.0017000000000000001,0.003,0.0,0.0,0.0015,0.0,0.0,0.0001,0.005,0.0,0.0,0.0,0.0,0.0011,0.0040999999999999995,0.015,0.0,0.0040999999999999995,0.0,0.0,0.0015,0.0,0.0,0.017,0.0038
1993-10-19,0.0149,0.0062,0.0,0.0239,0.0127,0.009899999999999999,0.0078000000000000005,0.013300000000000001,0.0,0.0008,0.0002,0.0,0.0013,0.0001,0.011899999999999999,0.0044,0.0026,0.0086,0.0046,0.0012,0.001,0.020499999999999997,0.0219,0.0,0.0,0.0021,0.0060999999999999995,0.0076,0.0101,0.0031
1993-10-20,0.0077,0.0,0.0147,0.0163,0.0033,0.0,0.008100000000000001,0.0,0.0,0.0005,0.0022,0.0,0.0042,0.0001,0.0,0.0021,0.0,0.0012,0.005600000000000001,0.0004,0.0,0.0011,0.0,0.0,0.0048,0.0075,0.0,0.0095,0.0006,0.0408
1993-10-21,0.0,0.0105,0.0,0.0034000000000000002,0.0005,0.0046,0.004,0.0,0.0105,0.0,0.004699999999999999,0.009399999999999999,0.0,0.0096,0.0,0.0058,0.0281,0.0,0.0045000000000000005,0.0051,0.0079,0.0,0.0,0.0,0.0,0.0,0.0,0.0,0.0002,0.0027
1993-10-22,0.0051,0.0091,0.0009,0.0,0.0,0.006999999999999999,0.0,0.0091,0.004,0.0,0.0009,0.0,0.0,0.008199999999999999,0.0,0.0,0.0,0.0,0.0015,0.008100000000000001,0.0103,0.0,0.0,0.0001,0.0,0.0046,0.0069,0.0,0.0,0.0
1993-10-25,0.0,0.0036,0.0,0.0043,0.0,0.0,0.0,0.0,0.0,0.0004,0.0,0.0,0.0,0.0018,0.0040999999999999995,0.0,0.005699999999999999,0.011899999999999999,0.0,0.008100000000000001,0.0002,0.0031,0.0012,0.0,0.0,0.0038,0.0,0.0,0.0034999999999999996,0.0
1993-10-26,0.003,0.0,0.0,0.0043,0.0,0.0025,0.0,0.005600000000000001,0.0,0.004699999999999999,0.0028000000000000004,0.0,0.0,0.0,0.0,0.0095,0.0,0.0183,0.0017000000000000001,0.0013,0.0,0.008100000000000001,0.0,0.0,0.0,0.0017000000000000001,0.009300000000000001,0.0,0.0083,0.0
1993-10-27,0.0039000000000000003,0.003,0.039900000000000005,0.0,0.0,0.0,0.0,0.0006,0.0021,0.0,0.004,0.0083,0.0,0.0,0.0,0.001,0.0086,0.0013,0.0,0.0,0.0,0.0,0.0,0.0,0.0,0.0,0.0,0.0,0.0031,0.0037
1993-10-28,0.0,0.0,0.0,0.0008,0.0,0.0,0.0,0.0,0.0,0.0,0.0,0.0018,0.0,0.0027,0.0,0.0,0.0103,0.0,0.0,0.0,0.0,0.0,0.0060999999999999995,0.0,0.0,0.0,0.0,0.0,0.0,0.0
1993-10-29,0.0,0.0031,0.0,0.0,0.0,0.0,0.0011,0.0,0.0,0.0,0.0005,0.0013,0.0,0.0,0.0141,0.0,0.0,0.0,0.0036,0.0,0.0,0.0,0.0,0.01,0.0,0.0,0.0,0.0,0.0,0.0044
1993-11-01,0.0,0.0092,0.0,0.0002,0.0,0.0037,0.0,0.0,0.0,0.0008,0.0,0.004,0.0,0.0,0.0,0.0,0.0187,0.0036,0.0038,0.0027,0.0,0.0,0.0,0.0,0.0,0.0,0.0,0.0004,0.0,0.0
1993-11-02,0.0064,0.002,0.0019,0.0058,0.0036,0.0005,0.0,0.0,0.0,0.0,0.0,0.0017000000000000001,0.0,0.0034000000000000002,0.0,0.0,0.0063,0.0073,0.0028000000000000004,0.0141,0.0,0.0,0.0,0.0,0.0,0.0,0.0,0.0,0.0089,0.0
1993-11-03,0.0092,0.0146,0.0029,0.009399999999999999,0.0066,0.0088,0.0069,0.0,0.0102,0.006999999999999999,0.009899999999999999,0.0032,0.0131,0.0097,0.0066,0.0102,0.0,0.001,0.0045000000000000005,0.031,0.0177,0.013000000000000001,0.0232,0.0115,0.0075,0.0083,0.0,0.0245,0.0208,0.013000000000000001
1993-11-04,0.0121,0.0096,0.0173,0.011699999999999999,0.0036,0.0103,0.0125,0.011399999999999999,0.0036,0.0068000000000000005,0.0108,0.0060999999999999995,0.0109,0.022799999999999997,0.0227,0.0029,0.0,0.0103,0.0037,0.0152,0.0163,0.025699999999999997,0.0207,0.0024,0.009899999999999999,0.0124,0.0106,0.016399999999999998,0.015,0.018000000000000002
1993-11-05,0.0,0.0,0.0,0.0,0.0055000000000000005,0.0,0.0,0.0016,0.0017000000000000001,0.0,0.0,0.0,0.0015,0.0,0.0040999999999999995,0.0033,0.0,0.015,0.0,0.0,0.0,0.0,0.0,0.0,0.0,0.0026,0.0038,0.0,0.0,0.0
1993-11-08,0.0,0.0,0.030899999999999997,0.0,0.0,0.0,0.0,0.0,0.0,0.0,0.0,0.001,0.0,0.0025,0.0,0.0,0.0051,0.0012,0.0034000000000000002,0.0001,0.0064,0.0,0.0,0.0,0.0,0.0,0.0,0.0,0.0,0.0015
1993-11-09,0.0,0.0,0.0,0.004,0.0012,0.0,0.0,0.0,0.0059,0.0,0.0,0.0004,0.0,0.0,0.0059,0.0022,0.0,0.0069,0.0068000000000000005,0.0,0.0024,0.0,0.0,0.0049,0.0,0.0,0.0,0.008100000000000001,0.0,0.0013
1993-11-10,0.0,0.0009,0.0,0.0,0.0023,0.0,0.0,0.0,0.0,0.0,0.0,0.0,0.0,0.0,0.0,0.0,0.0,0.0,0.0,0.0,0.0028000000000000004,0.0,0.0,0.0,0.0,0.0,0.0,0.0,0.0002,0.0
1993-11-11,0.0,0.0078000000000000005,0.0,0.0028000000000000004,0.0,0.0008,0.0,0.0,0.0009,0.0,0.0006,0.0,0.0005,0.0062,0.0078000000000000005,0.0,0.0004,0.0,0.0103,0.0054,0.0,0.0,0.0,0.0,0.0025,0.0,0.0,0.0,0.0052,0.006500000000000001
1993-11-12,0.0,0.0,0.0,0.0009,0.0,0.0,0.0,0.0,0.0,0.0,0.0,0.0,0.0,0.0007000000000000001,0.0,0.0,0.0042,0.0,0.0,0.0,0.0022,0.0,0.0001,0.0,0.0,0.0,0.0,0.0,0.0,0.0006
1993-11-15,0.005,0.0,0.0118,0.0115,0.0,0.0,0.0012,0.0,0.0,0.005,0.0,0.012,0.0052,0.0,0.0,0.0,0.0,0.0,0.0113,0.0078000000000000005,0.0046,0.0064,0.014499999999999999,0.0058,0.0023,0.004,0.0,0.0125,0.006,0.0066
1993-11-16,0.0016,0.0,0.0239,0.0078000000000000005,0.0,0.0,0.0,0.0,0.0,0.0,0.0,0.0,0.0014000000000000002,0.0,0.0,0.0,0.0161,0.0,0.0051,0.0,0.0,0.0,0.0,0.0,0.0,0.0,0.0,0.0,0.0,0.0
1993-11-17,0.0089,0.0004,0.013300000000000001,0.006999999999999999,0.0027,0.0151,0.0031,0.0078000000000000005,0.0059,0.0008,0.003,0.0033,0.0,0.0,0.0,0.0,0.0,0.0,0.0,0.0018,0.0084,0.0169,0.0175,0.01,0.014499999999999999,0.0014000000000000002,0.0068000000000000005,0.0092,0.0075,0.0012
1993-11-18,0.0027,0.0006,0.011899999999999999,0.0027,0.0004,0.0029,0.0034000000000000002,0.0008,0.0,0.0017000000000000001,0.0,0.0001,0.0104,0.0,0.0,0.016399999999999998,0.004699999999999999,0.0102,0.0008,0.0032,0.0074,0.009399999999999999,0.009899999999999999,0.0053,0.0,0.0060999999999999995,0.0040999999999999995,0.006999999999999999,0.0049,0.0038
1993-11-19,0.0,0.0,0.0023,0.009000000000000001,0.0,0.0,0.0,0.0033,0.0,0.005,0.0,0.0,0.0075,0.0,0.0085,0.0079,0.0,0.0127,0.0015,0.0051,0.005699999999999999,0.0051,0.0055000000000000005,0.0,0.0,0.0069,0.005600000000000001,0.009000000000000001,0.0048,0.0
1993-11-22,0.0039000000000000003,0.0102,0.0,0.0132,0.0060999999999999995,0.0024,0.014199999999999999,0.0132,0.0045000000000000005,0.0169,0.0063,0.0022,0.015700000000000002,0.0066,0.0265,0.005,0.005699999999999999,0.0236,0.0028000000000000004,0.0,0.0161,0.0217,0.0143,0.004,0.0092,0.015,0.013500000000000002,0.018500000000000003,0.0129,0.0059
1993-11-23,0.0054,0.0,0.0,0.0,0.0007000000000000001,0.0032,0.0045000000000000005,0.0,0.0032,0.0021,0.0027,0.0,0.0,0.0,0.0,0.0,0.0124,0.0,0.0013,0.0,0.0,0.0,0.0,0.0,0.0068000000000000005,0.0,0.0,0.0,0.0,0.0
1993-11-24,0.0,0.0,0.0,0.0,0.0,0.0,0.0,0.0005,0.0012,0.0,0.0,0.0,0.0,0.004699999999999999,0.0,0.0003,0.0,0.0,0.0034000000000000002,0.0,0.0,0.0,0.0,0.0,0.0,0.0,0.0,0.0,0.0,0.0
1993-11-26,0.0,0.0,0.0,0.0,0.0,0.0,0.0,0.0004,0.0,0.0,0.0,0.0,0.0,0.0,0.0,0.0,0.018500000000000003,0.0028000000000000004,0.028399999999999998,0.0,0.0,0.0,0.0,0.0,0.0,0.0,0.0,0.0,0.0,0.0
1993-11-29,0.006,0.0028000000000000004,0.0063,0.0,0.0,0.0,0.0,0.0028000000000000004,0.0005,0.0043,0.0051,0.008100000000000001,0.0044,0.0036,0.0,0.0,0.0323,0.0005,0.009300000000000001,0.0,0.0013,0.008,0.010700000000000001,0.0002,0.0,0.0014000000000000002,0.005,0.0,0.0,0.0
1993-11-30,0.0005,0.0022,0.0038,0.0,0.0,0.0029,0.001,0.0,0.0,0.0049,0.0,0.0025,0.0,0.0,0.0103,0.0023,0.0,0.0,0.0,0.0087,0.0032,0.0,0.0,0.0,0.0,0.0006,0.009899999999999999,0.0,0.0019,0.0036
1993-12-01,0.0042,0.0,0.0051,0.0,0.0,0.0,0.0,0.0,0.0,0.0,0.0006,0.0,0.0,0.0,0.0,0.0001,0.0,0.0073,0.0054,0.0043,0.0027,0.0,0.0,0.0,0.0,0.0,0.0,0.0,0.0,0.0023
1993-12-02,0.0,0.0,0.0,0.0,0.0,0.0,0.005600000000000001,0.0,0.0014000000000000002,0.0003,0.0033,0.0,0.0,0.0,0.0017000000000000001,0.0,0.005,0.0024,0.0001,0.0,0.0,0.0,0.0,0.0024,0.0,0.0,0.0083,0.0,0.0,0.0
1993-12-03,0.0,0.0,0.0060999999999999995,0.0,0.0,0.0,0.0,0.0,0.0,0.021,0.0,0.0066,0.0,0.0,0.0,0.0,0.0,0.0069,0.0013,0.0009,0.0,0.0,0.0,0.0,0.0,0.0,0.0,0.0,0.0,0.0
1993-12-06,0.0,0.0,0.0025,0.0,0.0,0.0,0.0,0.0,0.0,0.0,0.0,0.0,0.0,0.0,0.0,0.0,0.0053,0.0028000000000000004,0.0007000000000000001,0.0,0.0,0.002,0.0091,0.0,0.004,0.0003,0.0,0.0,0.0,0.0
1993-12-07,0.0,0.0,0.0,0.0,0.006999999999999999,0.0,0.001,0.0024,0.0045000000000000005,0.0,0.0018,0.0,0.0069,0.0055000000000000005,0.0,0.0,0.0,0.0025,0.0,0.0,0.002,0.0004,0.0,0.0,0.0,0.002,0.0033,0.0,0.0,0.0
1993-12-08,0.0002,0.0026,0.0,0.0007000000000000001,0.0024,0.0,0.005600000000000001,0.002,0.0,0.0,0.0,0.0,0.0,0.0,0.0,0.0064,0.0,0.0,0.0085,0.0055000000000000005,0.0058,0.0029,0.0,0.0,0.0,0.0,0.0019,0.0,0.0,0.0
1993-12-09,0.0034000000000000002,0.0029,0.0146,0.0,0.0,0.0,0.0,0.0106,0.0042,0.0019,0.0039000000000000003,0.0097,0.0,0.0,0.0,0.0,0.0,0.0,0.0032,0.0038,0.0059,0.0175,0.0113,0.008199999999999999,0.0024,0.003,0.0009,0.0053,0.0028000000000000004,0.0084
1993-12-10,0.0025,0.0006,0.013600000000000001,0.0013,0.0011,0.0049,0.0116,0.0048,0.0,0.0043,0.001,0.0,0.001,0.0,0.0,0.0012,0.0,0.0,0.0,0.0,0.0005,0.0,0.0051,0.0,0.0,0.0034000000000000002,0.0051,0.0,0.0034999999999999996,0.0018
1993-12-13,0.0,0.0,0.0,0.0033,0.0032,0.0,0.0,0.0,0.0,0.001,0.0,0.0,0.0,0.0049,0.0,0.0,0.0,0.0,0.002,0.0,0.0,0.0001,0.0,0.0,0.0,0.0,0.0039000000000000003,0.0011,0.0015,0.0
1993-12-14,0.006,0.009399999999999999,0.0001,0.0152,0.0073,0.0072,0.0,0.006999999999999999,0.0,0.0079,0.0068000000000000005,0.0103,0.0034999999999999996,0.0,0.0167,0.0003,0.0101,0.013500000000000002,0.0040999999999999995,0.0023,0.0042,0.0151,0.0084,0.0088,0.0029,0.0024,0.0077,0.0045000000000000005,0.0063,0.0011
1993-12-15,0.0018,0.0072,0.0141,0.0046,0.006500000000000001,0.0245,0.0026,0.0,0.0021,0.0097,0.0,0.0096,0.0013,0.0,0.0097,0.0,0.0039000000000000003,0.0,0.0074,0.0,0.0007000000000000001,0.0,0.0,0.0017000000000000001,0.0032,0.0,0.0,0.0037,0.0049,0.0032
1993-12-16,0.0,0.0,0.0,0.0,0.0,0.0054,0.0088,0.0014000000000000002,0.0,0.013000000000000001,0.0,0.0034000000000000002,0.0,0.0,0.0037,0.0,0.0,0.0109,0.0,0.0,0.0,0.0,0.0,0.0017000000000000001,0.0025,0.0015,0.0,0.0,0.0,0.0019
1993-12-17,0.0,0.0087,0.0,0.0,0.0,0.0,0.0,0.0,0.0,0.0,0.0,0.0,0.0,0.0,0.0,0.0,0.0,0.0,0.0,0.0,0.0,0.0,0.0,0.0,0.0001,0.0,0.0,0.0,0.0,0.0
1993-12-20,0.0029,0.0,0.0046,0.004,0.0,0.0,0.0063,0.0,0.0003,0.0004,0.0031,0.0,0.0,0.0068000000000000005,0.0021,0.0006,0.0,0.0,0.0,0.0,0.0016,0.0,0.0033,0.0028000000000000004,0.0017000000000000001,0.0033,0.0091,0.0004,0.0,0.0034000000000000002
1993-12-21,0.0,0.0,0.0,0.008100000000000001,0.0014000000000000002,0.0,0.0102,0.0,0.0037,0.0,0.004699999999999999,0.0077,0.0029,0.0,0.0,0.0079,0.0178,0.0,0.0031,0.0017000000000000001,0.0022,0.0055000000000000005,0.0025,0.0,0.0,0.0,0.0149,0.0034000000000000002,0.0053,0.0033
1993-12-22,0.0,0.0,0.0,0.0,0.0,0.0,0.0,0.0,0.0,0.0,0.0003,0.0075,0.0,0.0,0.0,0.0,0.0001,0.0,0.0,0.0,0.0,0.0083,0.0,0.0,0.0,0.0011,0.003,0.0,0.0,0.0
1993-12-23,0.0021,0.0013,0.0,0.0,0.0011,0.0,0.0,0.0,0.0008,0.0,0.0005,0.0,0.0,0.0,0.0048,0.0,0.0,0.0024,0.0,0.0,0.0006,0.0,0.0,0.0003,0.0017000000000000001,0.0,0.0,0.0034000000000000002,0.0,0.0049
1993-12-27,0.0,0.0,0.0036,0.001,0.0,0.0,0.0,0.0,0.0,0.0,0.0,0.0,0.0,0.0,0.0,0.0,0.0,0.0,0.0,0.0,0.0,0.0,0.0,0.0,0.0,0.0,0.0,0.0019,0.0,0.0
1993-12-28,0.002,0.0,0.0009,0.0012,0.0004,0.0,0.0,0.0,0.0,0.0,0.0024,0.0,0.0,0.0019,0.0,0.0008,0.0,0.004,0.0011,0.0,0.0,0.0,0.0,0.0,0.0,0.0,0.0,0.0,0.0,0.0
1993-12-29,0.0,0.0,0.0,0.0,0.0,0.0,0.0,0.0,0.0004,0.0,0.0,0.0,0.0,0.0,0.0012,0.004699999999999999,0.0,0.0005,0.0017000000000000001,0.0013,0.0026,0.0,0.0,0.0,0.0,0.0,0.0,0.0,0.0008,0.0
1993-12-30,0.0037,0.0029,0.0042,0.001,0.001,0.0034999999999999996,0.0,0.0014000000000000002,0.0029,0.0,0.0,0.0001,0.0,0.0045000000000000005,0.004,0.0,0.0,0.018000000000000002,0.0003,0.0037,0.0058,0.0012,0.0,0.0,0.0034000000000000002,0.0046,0.0066,0.0034999999999999996,0.0022,0.0031
1993-12-31,0.0026,0.0063,0.0097,0.0060999999999999995,0.0,0.0029,0.0,0.0001,0.0008,0.0,0.0,0.0,0.0,0.0074,0.0048,0.003,0.0,0.0064,0.0023,0.006999999999999999,0.003,0.0,0.0,0.0,0.0,0.0,0.0,0.003,0.0,0.0
1994-01-03,0.0,0.006,0.0,0.0017000000000000001,0.005,0.0012,0.0027,0.0017000000000000001,0.0,0.0187,0.0105,0.0039000000000000003,0.0048,0.0073,0.0042,0.0088,0.0,0.0231,0.0,0.0079,0.008199999999999999,0.0044,0.0102,0.0067,0.0103,0.0038,0.0064,0.0149,0.006500000000000001,0.004699999999999999
1994-01-04,0.0,0.01,0.0,0.0,0.0146,0.0036,0.0,0.0,0.0,0.0058,0.0,0.0043,0.0,0.0024,0.0,0.0039000000000000003,0.0,0.0066,0.0,0.0009,0.0131,0.0,0.0,0.0,0.0,0.0,0.0,0.0,0.0,0.0
1994-01-05,0.0048,0.0131,0.0,0.0,0.0,0.003,0.0062,0.0,0.0,0.0,0.0,0.0,0.0,0.0040999999999999995,0.0,0.0,0.0088,0.0,0.0,0.0048,0.008,0.0,0.0,0.0,0.0,0.0,0.0048,0.0,0.0024,0.0
1994-01-06,0.0,0.0138,0.0046,0.0,0.0,0.0,0.0037,0.0067,0.0,0.003,0.0,0.0,0.0,0.0,0.0,0.0,0.0,0.0,0.0018,0.0097,0.0,0.0,0.0,0.0,0.0,0.0,0.0165,0.003,0.0032,0.0
1994-01-07,0.0,0.0,0.0,0.0,0.0,0.0,0.0,0.0,0.0069,0.0,0.0,0.0,0.0,0.0,0.0,0.0,0.0222,0.0,0.0043,0.0,0.0,0.0,0.0,0.0,0.0018,0.0,0.0015,0.0,0.0,0.0
1994-01-10,0.0,0.0,0.0,0.0,0.0,0.0,0.0,0.0,0.0,0.0,0.0,0.0,0.0,0.0,0.0,0.0,0.0004,0.0,0.0,0.0,0.0,0.0,0.0,0.0,0.0,0.0,0.0,0.0,0.0,0.0
1994-01-11,0.0068000000000000005,0.0106,0.0039000000000000003,0.0014000000000000002,0.0053,0.0037,0.0033,0.0045000000000000005,0.0,0.0073,0.0,0.0077,0.0015,0.0,0.0,0.0003,0.0,0.0039000000000000003,0.0051,0.0066,0.0013,0.0,0.0,0.0039000000000000003,0.0046,0.0025,0.0,0.0,0.0004,0.0031
1994-01-12,0.0031,0.0,0.0,0.0,0.0044,0.0005,0.0002,0.0029,0.0,0.0,0.0,0.0,0.0,0.0,0.0048,0.0,0.0045000000000000005,0.0218,0.0038,0.0,0.0024,0.0,0.0,0.0040999999999999995,0.0,0.0,0.0,0.0002,0.0,0.0
1994-01-13,0.0083,0.01,0.0,0.0004,0.0,0.01,0.0008,0.0034000000000000002,0.0042,0.0022,0.0,0.0,0.0022,0.0053,0.0,0.0,0.0,0.0,0.0,0.0076,0.0022,0.005,0.0001,0.0007000000000000001,0.0,0.0004,0.0,0.009000000000000001,0.0,0.0016
1994-01-14,0.0028000000000000004,0.0016,0.0,0.0,0.0,0.0,0.0,0.0,0.0,0.0,0.0,0.0,0.0,0.0,0.0,0.0,0.0,0.013500000000000002,0.0021,0.0,0.0,0.0,0.0,0.0,0.0,0.0,0.0,0.0,0.0,0.0
1994-01-17,0.0053,0.0155,0.014499999999999999,0.0121,0.002,0.0012,0.001,0.0,0.0,0.0013,0.0,0.0,0.0,0.0,0.0,0.0,0.0,0.0,0.0,0.0039000000000000003,0.0091,0.0,0.0043,0.0,0.0043,0.0029,0.008199999999999999,0.0,0.0037,0.0006
1994-01-18,0.0007000000000000001,0.0096,0.0,0.0,0.003,0.0075,0.0022,0.0,0.0,0.030699999999999998,0.0,0.0,0.0,0.0,0.0,0.0,0.008,0.004,0.0,0.0,0.0,0.0016,0.0,0.0,0.0,0.0,0.0074,0.0,0.0021,0.0
1994-01-19,0.0,0.0,0.0,0.0,0.0013,0.0,0.0,0.0149,0.0,0.0127,0.0,0.0,0.0,0.0,0.0138,0.0,0.0069,0.0,0.0,0.0001,0.0,0.005,0.0149,0.0,0.0,0.0008,0.0,0.0,0.005600000000000001,0.0
1994-01-20,0.0,0.004,0.0003,0.0,0.0,0.0,0.0,0.0,0.0,0.0,0.0,0.0,0.0,0.0013,0.0026,0.0,0.0219,0.016399999999999998,0.0,0.0,0.0,0.0,0.0,0.0,0.0105,0.0004,0.0016,0.0,0.0,0.005699999999999999
1994-01-21,0.0028000000000000004,0.0013,0.0004,0.0,0.0,0.0013,0.0026,0.0023,0.0,0.0,0.0,0.0,0.0,0.0038,0.0,0.0011,0.0121,0.0,0.001,0.0039000000000000003,0.0045000000000000005,0.0,0.0,0.0072,0.0025,0.0,0.0009,0.0032,0.0,0.0055000000000000005
1994-01-24,0.0021,0.016,0.0,0.0060999999999999995,0.002,0.0092,0.0002,0.0127,0.0055000000000000005,0.0,0.0053,0.0,0.0,0.0027,0.0103,0.008,0.0075,0.0004,0.0,0.0102,0.0083,0.0064,0.0,0.0,0.0,0.0,0.0103,0.0013,0.0034000000000000002,0.0
1994-01-25,0.0,0.0,0.011899999999999999,0.0015,0.0046,0.0042,0.0060999999999999995,0.0,0.0025,0.0087,0.0064,0.0132,0.0095,0.0152,0.0060999999999999995,0.013300000000000001,0.0,0.0,0.0,0.0023,0.0033,0.0027,0.0043,0.0079,0.0062,0.0022,0.0,0.0,0.0021,0.0042
1994-01-26,0.0,0.0,0.0,0.0017000000000000001,0.0028000000000000004,0.0,0.0028000000000000004,0.0,0.0,0.0053,0.0,0.0,0.0031,0.0034000000000000002,0.0043,0.0009,0.0,0.002,0.0014000000000000002,0.0,0.0,0.0,0.0066,0.0032,0.0004,0.0005,0.0,0.0,0.0,0.0
1994-01-27,0.0,0.0,0.0,0.0016,0.0,0.0,0.0066,0.0,0.0,0.0,0.0022,0.0,0.0,0.0,0.0,0.0,0.0263,0.0141,0.0001,0.0,0.0,0.0,0.0,0.0,0.0,0.0,0.0,0.0002,0.0,0.0
1994-01-28,0.001,0.0078000000000000005,0.0,0.0,0.0,0.0,0.0,0.0,0.0,0.0009,0.0007000000000000001,0.0,0.0,0.0005,0.009899999999999999,0.0,0.002,0.0,0.0,0.0003,0.0,0.0,0.0,0.0,0.0,0.0,0.0,0.0,0.0,0.0001
1994-01-31,0.0034999999999999996,0.0003,0.0,0.0,0.0,0.0,0.009300000000000001,0.0,0.0,0.006,0.0,0.0,0.0,0.0,0.0,0.0,0.0,0.0075,0.0,0.0,0.0,0.0,0.0007000000000000001,0.0,0.0,0.0,0.0,0.0,0.0,0.0
1994-02-01,0.0040999999999999995,0.0,0.0088,0.0,0.01,0.005600000000000001,0.0,0.0039000000000000003,0.0,0.0,0.0005,0.005,0.0,0.0048,0.0025,0.0,0.0,0.0106,0.0,0.006999999999999999,0.0151,0.004699999999999999,0.0,0.0,0.0021,0.0033,0.0,0.0,0.0021,0.0
1994-02-02,0.0,0.0001,0.0,0.0033,0.0,0.0,0.0,0.0,0.0,0.0025,0.0,0.0,0.0,0.0,0.0,0.0,0.0138,0.0,0.0,0.0,0.0,0.0,0.0,0.0,0.0,0.0,0.0,0.0,0.0005,0.0
1994-02-03,0.0,0.0,0.0,0.0018,0.0064,0.0,0.0043,0.0042,0.0002,0.0022,0.0025,0.0,0.0034000000000000002,0.0,0.0,0.004699999999999999,0.0,0.0,0.0013,0.0021,0.0072,0.0003,0.0049,0.0,0.0054,0.0,0.0,0.0,0.0069,0.0
1994-02-04,0.013600000000000001,0.022799999999999997,0.0236,0.0305,0.0147,0.0194,0.018600000000000002,0.024,0.02,0.0206,0.0248,0.028300000000000002,0.022099999999999998,0.027200000000000002,0.0179,0.0184,0.0212,0.0109,0.0173,0.0199,0.0204,0.0296,0.0311,0.023700000000000002,0.0172,0.0177,0.0225,0.0233,0.0253,0.030699999999999998
1994-02-07,0.0014000000000000002,0.0,0.0062,0.0,0.0034000000000000002,0.0,0.0039000000000000003,0.0,0.0,0.0,0.0,0.0,0.0,0.0,0.0,0.0,0.019799999999999998,0.0,0.0,0.0,0.0,0.0,0.0,0.0,0.0,0.0022,0.0,0.0,0.0012,0.0
1994-02-08,0.0052,0.0059,0.0066,0.0,0.006500000000000001,0.005600000000000001,0.0002,0.0024,0.0,0.0,0.0,0.0,0.0,0.006,0.0,0.0,0.0005,0.0,0.0,0.004,0.0033,0.0,0.0,0.0045000000000000005,0.0,0.0024,0.0039000000000000003,0.0029,0.0,0.0
1994-02-09,0.0,0.0,0.0,0.0,0.0,0.0,0.0,0.0,0.0,0.0,0.0,0.0,0.0,0.0,0.005600000000000001,0.0,0.0,0.0,0.0,0.0,0.0007000000000000001,0.0,0.0,0.0,0.0,0.0,0.0,0.0,0.0,0.0207
1994-02-10,0.0077,0.0,0.0,0.0,0.0076,0.0125,0.0,0.0029,0.0049,0.0,0.0116,0.0091,0.01,0.013500000000000002,0.0212,0.0034000000000000002,0.0011,0.0017000000000000001,0.0045000000000000005,0.013000000000000001,0.0074,0.0,0.0084,0.004699999999999999,0.0108,0.0,0.0032,0.0015,0.0070999999999999995,0.0060999999999999995
1994-02-11,0.0,0.0,0.0031,0.0021,0.0,0.0,0.0063,0.0006,0.006500000000000001,0.0046,0.0,0.0217,0.0038,0.0,0.0132,0.0,0.013999999999999999,0.0,0.0,0.0,0.0,0.0053,0.0005,0.0024,0.0072,0.0001,0.0007000000000000001,0.0036,0.0001,0.0012
1994-02-14,0.0,0.0085,0.0026,0.0,0.0004,0.0,0.0,0.003,0.0,0.0,0.0019,0.0022,0.0,0.0,0.0,0.0,0.0,0.0,0.0049,0.0017000000000000001,0.0033,0.0,0.0,0.0,0.0,0.0,0.0,0.0001,0.0,0.0
1994-02-15,0.0,0.0,0.0,0.0,0.0,0.0,0.0,0.0,0.0,0.0,0.0,0.0,0.0,0.0,0.0,0.0,0.0051,0.0,0.0007000000000000001,0.0005,0.0,0.0,0.0,0.0,0.0,0.0,0.0,0.0,0.0,0.0
1994-02-16,0.0015,0.0,0.0,0.0048,0.0,0.0,0.0,0.0045000000000000005,0.0,0.0,0.0,0.0,0.0,0.0013,0.0103,0.0,0.0,0.0060999999999999995,0.0032,0.0092,0.0042,0.0,0.0,0.0,0.0,0.0,0.0,0.0,0.0,0.0
1994-02-17,0.0137,0.0034999999999999996,0.0206,0.0083,0.0,0.0115,0.001,0.006500000000000001,0.0,0.0,0.0058,0.0054,0.0008,0.0,0.0103,0.0,0.001,0.024300000000000002,0.0006,0.0036,0.011399999999999999,0.0,0.009899999999999999,0.005,0.0038,0.002,0.0,0.0,0.0054,0.0023
1994-02-18,0.0021,0.0,0.0,0.0101,0.009399999999999999,0.0088,0.0029,0.0039000000000000003,0.002,0.005699999999999999,0.004699999999999999,0.0108,0.0034000000000000002,0.0087,0.0059,0.0075,0.0143,0.0,0.005699999999999999,0.011000000000000001,0.0054,0.0006,0.002,0.0044,0.0028000000000000004,0.0007000000000000001,0.0,0.0128,0.0048,0.0127
1994-02-22,0.0,0.0,0.0,0.0,0.0,0.0,0.0,0.0002,0.0,0.0,0.0,0.0062,0.0,0.0,0.0003,0.0,0.0086,0.0008,0.0,0.0,0.0,0.0,0.0,0.0,0.0,0.0,0.0,0.0,0.0,0.0
1994-02-23,0.0,0.0,0.0092,0.0003,0.0017000000000000001,0.0048,0.0,0.0002,0.0021,0.0,0.0018,0.0054,0.0,0.0029,0.0027,0.0101,0.005,0.015700000000000002,0.0007000000000000001,0.0049,0.0086,0.0,0.0012,0.0,0.0058,0.0026,0.0,0.003,0.0011,0.0023
1994-02-24,0.0121,0.0139,0.034,0.0,0.012,0.0087,0.0086,0.0167,0.018500000000000003,0.015600000000000001,0.0125,0.005699999999999999,0.013600000000000001,0.0175,0.0174,0.0104,0.0,0.0194,0.015300000000000001,0.0077,0.005,0.013000000000000001,0.0126,0.0129,0.015600000000000001,0.0171,0.011699999999999999,0.0095,0.0125,0.0101
1994-02-25,0.0,0.0,0.0,0.0,0.0,0.0,0.0,0.0,0.0,0.0,0.0023,0.0,0.0038,0.0024,0.008199999999999999,0.0,0.0,0.0,0.0026,0.0,0.0,0.0,0.0,0.0,0.0,0.0,0.0,0.0,0.0,0.0044
1994-02-28,0.0053,0.0,0.0336,0.0,0.0,0.0,0.0,0.0,0.0,0.0,0.0,0.0,0.0,0.0,0.0,0.0007000000000000001,0.0,0.0,0.0025,0.0,0.0,0.0,0.0,0.0004,0.0003,0.0,0.0,0.0,0.0,0.0
1994-03-01,0.0086,0.0039000000000000003,0.0013,0.008,0.0044,0.0072,0.009399999999999999,0.0048,0.008199999999999999,0.0064,0.015,0.009399999999999999,0.0012,0.0,0.0043,0.0072,0.006500000000000001,0.0,0.0019,0.0039000000000000003,0.004,0.0024,0.0026,0.0031,0.0069,0.0023,0.0034000000000000002,0.0101,0.0072,0.0025
1994-03-02,0.0006,0.0043,0.0075,0.0091,0.0064,0.0,0.0063,0.0044,0.006500000000000001,0.0023,0.0,0.0,0.0012,0.0,0.0,0.0038,0.009000000000000001,0.0024,0.0,0.0,0.0027,0.001,0.0,0.0049,0.004,0.0049,0.0028000000000000004,0.0,0.0078000000000000005,0.0
1994-03-03,0.008199999999999999,0.0124,0.005,0.0167,0.0,0.0063,0.0,0.006500000000000001,0.0044,0.0,0.0,0.0,0.0,0.006,0.0,0.0015,0.0067,0.0092,0.0,0.0,0.006999999999999999,0.004,0.0,0.0,0.0022,0.0,0.0,0.0043,0.0058,0.001
1994-03-04,0.0012,0.0018,0.0042,0.0,0.0,0.0,0.0,0.0012,0.0,0.0,0.0,0.0,0.0,0.0006,0.0,0.0,0.0,0.0032,0.006500000000000001,0.0,0.0,0.0,0.0,0.001,0.0,0.0,0.0,0.0,0.0,0.0
1994-03-07,0.0,0.0009,0.0,0.0,0.0,0.0,0.0,0.0,0.0,0.0,0.0,0.0,0.0,0.0,0.0029,0.0,0.0022,0.0,0.0034999999999999996,0.0,0.0,0.0,0.0,0.0,0.0,0.0,0.0,0.0,0.0,0.0026
1994-03-08,0.005600000000000001,0.0098,0.0073,0.0,0.0040999999999999995,0.0,0.0,0.001,0.0043,0.0,0.0,0.0052,0.004,0.0052,0.0,0.0089,0.005,0.0151,0.005699999999999999,0.006,0.0062,0.005600000000000001,0.0,0.0,0.0,0.0025,0.0,0.0067,0.0005,0.0024
1994-03-09,0.0,0.002,0.0103,0.0,0.0021,0.001,0.004699999999999999,0.0,0.0,0.0173,0.0022,0.0,0.0,0.0,0.0,0.0017000000000000001,0.0,0.0103,0.0019,0.0042,0.0009,0.0,0.0,0.0036,0.0078000000000000005,0.0,0.0,0.0009,0.0,0.0
1994-03-10,0.005600000000000001,0.004699999999999999,0.021,0.0165,0.0034000000000000002,0.0084,0.011399999999999999,0.0092,0.0,0.0,0.0104,0.0069,0.0015,0.0084,0.0063,0.0,0.0,0.0252,0.0060999999999999995,0.0074,0.0072,0.0029,0.0017000000000000001,0.0138,0.0085,0.0046,0.012199999999999999,0.009899999999999999,0.0040999999999999995,0.004
1994-03-11,0.0,0.0009,0.0,0.0,0.0,0.0,0.0017000000000000001,0.0,0.0,0.0,0.0,0.0,0.0,0.0,0.0,0.0,0.0034999999999999996,0.0091,0.0,0.0,0.0,0.0,0.0,0.0018,0.0,0.0027,0.0,0.0,0.0,0.0
1994-03-14,0.0,0.0,0.0151,0.006500000000000001,0.0,0.0015,0.0,0.0014000000000000002,0.0,0.0017000000000000001,0.0,0.0,0.0,0.0,0.0052,0.0,0.004,0.0,0.0,0.003,0.0008,0.0,0.0,0.0,0.0,0.0,0.0,0.0013,0.0,0.0
1994-03-15,0.0034999999999999996,0.0,0.0,0.001,0.0,0.0053,0.0,0.0045000000000000005,0.0034999999999999996,0.0,0.0,0.0008,0.0,0.0026,0.011200000000000002,0.0091,0.0054,0.0038,0.0024,0.0043,0.0,0.0017000000000000001,0.0,0.0,0.0,0.0,0.0,0.0051,0.0,0.0
1994-03-16,0.0,0.0,0.0008,0.0,0.0,0.0,0.0,0.0,0.0,0.0,0.0,0.0,0.0,0.006500000000000001,0.0,0.0077,0.0044,0.0058,0.0,0.0,0.0,0.0,0.0,0.0,0.0,0.0,0.0003,0.0,0.0,0.0
1994-03-17,0.0013,0.0,0.0,0.0,0.0,0.0015,0.0,0.0,0.0,0.0,0.0,0.0,0.0,0.0037,0.013000000000000001,0.0,0.0023,0.0,0.0,0.0,0.0,0.0,0.0,0.0,0.0,0.0,0.0040999999999999995,0.0,0.001,0.0001
1994-03-18,0.0,0.0,0.0,0.0,0.0,0.0,0.0,0.0,0.0002,0.0,0.0,0.0,0.0,0.0,0.0084,0.0,0.0,0.0,0.0,0.0031,0.002,0.0,0.0039000000000000003,0.0,0.0044,0.0,0.001,0.0,0.0007000000000000001,0.0
1994-03-21,0.0101,0.0,0.0046,0.013600000000000001,0.0072,0.0066,0.0031,0.0,0.0072,0.0095,0.0070999999999999995,0.0088,0.006500000000000001,0.0040999999999999995,0.0054,0.0072,0.0083,0.0137,0.0068000000000000005,0.0029,0.0064,0.0079,0.002,0.0127,0.0078000000000000005,0.0091,0.0,0.0116,0.0052,0.0040999999999999995
1994-03-22,0.0055000000000000005,0.0,0.0281,0.0,0.0001,0.0,0.0,0.013500000000000002,0.0,0.0049,0.002,0.0,0.0019,0.006,0.0,0.0015,0.0,0.0,0.0,0.0,0.0,0.004699999999999999,0.0042,0.0,0.0016,0.0062,0.0,0.0,0.0,0.001
1994-03-23,0.0,0.001,0.0,0.0,0.0009,0.0085,0.0,0.008100000000000001,0.0,0.0,0.0,0.0,0.0,0.0,0.0,0.0,0.0,0.0,0.004699999999999999,0.005600000000000001,0.0014000000000000002,0.0,0.0028000000000000004,0.0,0.0,0.0,0.0,0.0038,0.0,0.0034999999999999996
1994-03-24,0.008,0.0,0.0192,0.018600000000000002,0.0067,0.013999999999999999,0.0045000000000000005,0.008,0.0118,0.0017000000000000001,0.013500000000000002,0.0109,0.0182,0.0039000000000000003,0.026600000000000002,0.0028000000000000004,0.0,0.013999999999999999,0.006,0.01,0.005699999999999999,0.011200000000000002,0.0208,0.011699999999999999,0.0105,0.0104,0.0029,0.0178,0.0070999999999999995,0.009399999999999999
1994-03-25,0.0069,0.0039000000000000003,0.0,0.0008,0.0073,0.0036,0.0016,0.0017000000000000001,0.0048,0.0,0.006,0.0143,0.0121,0.013999999999999999,0.0232,0.013000000000000001,0.0,0.0,0.0005,0.0021,0.0008,0.0084,0.019,0.0043,0.0006,0.0018,0.0055000000000000005,0.006500000000000001,0.0053,0.0074
1994-03-28,0.0,0.0,0.0124,0.018600000000000002,0.0058,0.0,0.0034999999999999996,0.0034999999999999996,0.0023,0.0126,0.0038,0.0077,0.0108,0.0,0.0,0.0105,0.0158,0.0070999999999999995,0.0146,0.0,0.0,0.017,0.0101,0.0027,0.008199999999999999,0.0103,0.0105,0.009000000000000001,0.0026,0.0083
1994-03-29,0.011899999999999999,0.005699999999999999,0.0109,0.0207,0.024300000000000002,0.0169,0.015700000000000002,0.011899999999999999,0.0259,0.0179,0.019799999999999998,0.0271,0.0235,0.015700000000000002,0.0252,0.015,0.012,0.0175,0.0070999999999999995,0.0143,0.0141,0.0275,0.0286,0.0123,0.0229,0.0182,0.0259,0.0235,0.0139,0.0177
1994-03-30,0.0012,0.0168,0.021099999999999997,0.02,0.014199999999999999,0.0083,0.0066,0.018799999999999997,0.0143,0.021099999999999997,0.0089,0.0273,0.0141,0.0296,0.025699999999999997,0.018600000000000002,0.0181,0.011200000000000002,0.0217,0.015,0.013500000000000002,0.0086,0.006999999999999999,0.0141,0.0178,0.022000000000000002,0.013500000000000002,0.029500000000000002,0.0146,0.0245
1994-03-31,0.004,0.0014000000000000002,0.01,0.0108,0.0070999999999999995,0.0,0.009899999999999999,0.0013,0.0049,0.0,0.0064,0.0033,0.0,0.0,0.0,0.0,0.0,0.0253,0.0088,0.0068000000000000005,0.0015,0.0,0.0,0.004,0.0009,0.005699999999999999,0.0024,0.0,0.001,0.0018
1994-04-04,0.022000000000000002,0.0097,0.0219,0.0226,0.017,0.0129,0.017,0.0181,0.009000000000000001,0.016399999999999998,0.0182,0.0097,0.0115,0.0202,0.0017000000000000001,0.011000000000000001,0.0369,0.0049,0.0181,0.0149,0.017,0.0177,0.016,0.0155,0.0166,0.0161,0.0123,0.003,0.0148,0.0147
1994-04-05,0.0,0.0,0.0,0.0,0.0,0.0,0.0,0.0,0.0,0.0,0.0,0.0,0.0,0.0,0.0,0.0,0.0,0.0,0.0,0.0,0.0,0.0,0.0,0.0,0.0,0.0,0.0,0.0,0.0,0.0
1994-04-06,0.0005,0.0,0.0,0.0209,0.0068000000000000005,0.006,0.0,0.0064,0.0,0.0,0.0,0.0,0.0,0.0078000000000000005,0.0,0.0,0.0121,0.0,0.0002,0.0029,0.0076,0.0,0.0,0.0,0.0,0.0018,0.0009,0.0144,0.0,0.0
1994-04-07,0.0,0.0,0.0,0.0,0.0,0.0,0.0,0.0,0.0,0.0012,0.0,0.0,0.0,0.0,0.0,0.0007000000000000001,0.0,0.0,0.0,0.0,0.0004,0.0,0.0,0.0039000000000000003,0.0,0.0,0.0,0.009300000000000001,0.0,0.0
1994-04-08,0.0121,0.003,0.021400000000000002,0.0123,0.0034999999999999996,0.0052,0.0011,0.0076,0.0,0.0022,0.0023,0.0115,0.0144,0.0096,0.0287,0.0070999999999999995,0.0076,0.0046,0.001,0.0092,0.013600000000000001,0.0143,0.0124,0.0040999999999999995,0.0075,0.0079,0.0141,0.0017000000000000001,0.001,0.0079
1994-04-11,0.0001,0.009399999999999999,0.0060999999999999995,0.0,0.0,0.0,0.0,0.0,0.0,0.0,0.0,0.0,0.0,0.0,0.0,0.0,0.0208,0.0,0.0,0.0,0.0,0.0001,0.008199999999999999,0.0,0.0,0.0036,0.0,0.0085,0.0,0.0
1994-04-12,0.0032,0.0077,0.0040999999999999995,0.0167,0.004699999999999999,0.0007000000000000001,0.0,0.0048,0.0028000000000000004,0.0007000000000000001,0.0106,0.0,0.0091,0.0,0.0074,0.0,0.0104,0.0,0.0,0.0022,0.0,0.016399999999999998,0.025699999999999997,0.0063,0.0063,0.0037,0.0063,0.0073,0.0024,0.0
1994-04-13,0.0,0.0,0.009300000000000001,0.019299999999999998,0.0,0.0032,0.0116,0.0029,0.006999999999999999,0.0121,0.0091,0.0102,0.0138,0.005600000000000001,0.0074,0.0096,0.0129,0.0222,0.001,0.0001,0.0003,0.0207,0.0152,0.0033,0.0058,0.0059,0.011399999999999999,0.0017000000000000001,0.0054,0.0078000000000000005
1994-04-14,0.0,0.0116,0.006500000000000001,0.0008,0.006500000000000001,0.0,0.0068000000000000005,0.004,0.0,0.0016,0.0042,0.0,0.0,0.0125,0.0,0.0,0.002,0.0,0.0,0.0,0.0,0.0,0.005699999999999999,0.005699999999999999,0.0034999999999999996,0.0029,0.0079,0.009000000000000001,0.0,0.0008
1994-04-15,0.0,0.0,0.0,0.0,0.0073,0.0092,0.008,0.0034999999999999996,0.0001,0.0,0.0017000000000000001,0.0062,0.0007000000000000001,0.0053,0.0,0.0,0.0258,0.0125,0.0,0.0,0.0,0.0,0.008199999999999999,0.002,0.0,0.0063,0.0039000000000000003,0.0024,0.0,0.0021
1994-04-18,0.0127,0.0024,0.0,0.012,0.0129,0.0101,0.015700000000000002,0.0016,0.0060999999999999995,0.012,0.013000000000000001,0.021400000000000002,0.0159,0.0161,0.013600000000000001,0.0159,0.0163,0.0026,0.0074,0.0008,0.0028000000000000004,0.0134,0.009000000000000001,0.0091,0.014199999999999999,0.0058,0.0166,0.0051,0.0045000000000000005,0.0134
1994-04-19,0.0,0.0,0.0,0.0,0.0,0.0,0.0025,0.0,0.0074,0.0,0.0118,0.015600000000000001,0.0163,0.0,0.0274,0.0012,0.0225,0.0013,0.001,0.0,0.0,0.0025,0.0132,0.0144,0.0175,0.0086,0.008,0.0053,0.0007000000000000001,0.0072
1994-04-20,0.0,0.0012,0.0,0.0171,0.0101,0.0,0.0199,0.0001,0.0139,0.0095,0.0022,0.0189,0.0262,0.0031,0.0288,0.0129,0.0137,0.025,0.0068000000000000005,0.0,0.0,0.0109,0.0126,0.0052,0.01,0.0077,0.006999999999999999,0.009300000000000001,0.0078000000000000005,0.0
1994-04-21,0.0,0.0,0.0,0.0,0.0,0.0,0.0,0.0,0.0026,0.0,0.0,0.0,0.0,0.0,0.0,0.0,0.0,0.0044,0.0009,0.0,0.0,0.0,0.0,0.0,0.0,0.0,0.0,0.0,0.0,0.0
1994-04-22,0.0,0.011200000000000002,0.0,0.0,0.0004,0.0026,0.0,0.0,0.0,0.0,0.0062,0.0,0.0,0.0014000000000000002,0.0,0.001,0.0072,0.0,0.0,0.0116,0.0118,0.0,0.0,0.0,0.0,0.0,0.0032,0.0,0.0033,0.0
1994-04-25,0.0,0.0,0.0,0.0,0.0,0.0,0.0,0.0,0.0,0.0,0.0,0.0,0.0,0.0,0.0,0.0,0.0,0.0,0.0,0.0,0.0,0.0,0.0,0.0,0.0,0.0,0.0,0.0,0.0,0.0
1994-04-26,0.0,0.0038,0.0,0.0,0.0,0.0,0.0,0.0002,0.0,0.0,0.0,0.0,0.0,0.0045000000000000005,0.0,0.0026,0.0,0.0,0.0074,0.0040999999999999995,0.005,0.0,0.0,0.0,0.0,0.0,0.0,0.0,0.0026,0.0
1994-04-28,0.0085,0.0,0.035,0.012,0.0066,0.0014000000000000002,0.0088,0.0,0.0055000000000000005,0.0,0.0,0.0073,0.004699999999999999,0.0,0.0024,0.0054,0.0,0.0014000000000000002,0.0168,0.0092,0.0152,0.0029,0.009300000000000001,0.0001,0.0038,0.0,0.0002,0.0,0.0058,0.0024
1994-04-29,0.0,0.0,0.0,0.0,0.0,0.0,0.0,0.002,0.0,0.0015,0.0,0.0,0.0,0.0085,0.0,0.0,0.0005,0.0,0.0,0.0,0.0003,0.0,0.0,0.0,0.0,0.0,0.0,0.0,0.0,0.0
1994-05-02,0.0008,0.0,0.0006,0.0026,0.0,0.0,0.0,0.0,0.0,0.0,0.0,0.0,0.0,0.0,0.0,0.0043,0.0014000000000000002,0.0,0.006999999999999999,0.0034999999999999996,0.0,0.0,0.0,0.0,0.0068000000000000005,0.0,0.0,0.0066,0.0,0.005699999999999999
1994-05-03,0.0,0.0040999999999999995,0.0,0.0,0.0,0.0,0.0031,0.0,0.0,0.0,0.0,0.0012,0.0,0.0,0.0023,0.0,0.0146,0.0,0.0018,0.0059,0.0,0.0072,0.0062,0.0,0.0026,0.0,0.0026,0.0,0.0,0.0
1994-05-04,0.0066,0.0,0.0097,0.0003,0.002,0.0079,0.0017000000000000001,0.0039000000000000003,0.0089,0.0038,0.0043,0.0044,0.0053,0.0,0.0088,0.0,0.0013,0.0078000000000000005,0.0060999999999999995,0.0034999999999999996,0.0,0.0,0.0002,0.0,0.005699999999999999,0.0006,0.0,0.0034999999999999996,0.0,0.0
1994-05-05,0.0059,0.0147,0.0127,0.0,0.0,0.0054,0.0,0.001,0.0,0.0019,0.0,0.004699999999999999,0.0,0.0007000000000000001,0.0121,0.0,0.0189,0.0116,0.0,0.008100000000000001,0.0,0.0039000000000000003,0.0021,0.0006,0.004699999999999999,0.0,0.0,0.0113,0.0,0.0012
1994-05-06,0.0036,0.0137,0.0,0.0191,0.0144,0.0060999999999999995,0.0105,0.011399999999999999,0.0095,0.0121,0.0106,0.0092,0.0143,0.0111,0.0123,0.0101,0.0,0.0,0.0,0.0171,0.0171,0.0128,0.011699999999999999,0.0137,0.011399999999999999,0.0066,0.0163,0.0144,0.0060999999999999995,0.016399999999999998
1994-05-09,0.0149,0.0109,0.0441,0.016399999999999998,0.0111,0.013600000000000001,0.0045000000000000005,0.0025,0.0060999999999999995,0.0045000000000000005,0.0123,0.0161,0.015600000000000001,0.0144,0.011399999999999999,0.0038,0.0014000000000000002,0.021400000000000002,0.005699999999999999,0.0288,0.014499999999999999,0.0125,0.0104,0.0064,0.0129,0.0098,0.016399999999999998,0.0184,0.0102,0.013999999999999999
1994-05-10,0.0,0.0,0.0,0.0,0.0,0.0,0.0,0.0,0.0,0.009300000000000001,0.0,0.0,0.0,0.0,0.0,0.0017000000000000001,0.0174,0.030299999999999997,0.0,0.005699999999999999,0.0,0.0,0.0,0.0,0.0,0.0,0.0,0.0,0.0,0.0
1994-05-11,0.015700000000000002,0.0038,0.0192,0.0004,0.012,0.0096,0.0089,0.0066,0.0026,0.0,0.0116,0.0072,0.0048,0.016399999999999998,0.0179,0.0072,0.0,0.018500000000000003,0.0083,0.0219,0.0132,0.0158,0.011399999999999999,0.0054,0.013300000000000001,0.009399999999999999,0.0124,0.0009,0.0059,0.011699999999999999
1994-05-12,0.0,0.0,0.0,0.0,0.0,0.0,0.0,0.0,0.0,0.0091,0.0,0.0,0.0,0.0,0.0004,0.0,0.0054,0.0,0.0,0.0,0.0,0.0,0.001,0.0,0.0,0.0032,0.0,0.0,0.0,0.0
1994-05-13,0.0,0.0108,0.0,0.0003,0.0,0.0017000000000000001,0.0031,0.0008,0.0,0.0022,0.0009,0.0,0.0,0.0,0.0073,0.0048,0.0004,0.0042,0.0038,0.0,0.0,0.0,0.0074,0.0,0.0109,0.0029,0.0067,0.0,0.0,0.0
1994-05-16,0.001,0.0,0.0129,0.0032,0.0013,0.0,0.0028000000000000004,0.0,0.0,0.009300000000000001,0.0,0.0159,0.0036,0.0046,0.0066,0.0,0.0,0.0318,0.0009,0.0048,0.0,0.011399999999999999,0.006999999999999999,0.0,0.009300000000000001,0.0021,0.011899999999999999,0.004,0.0,0.0051
1994-05-17,0.0,0.0,0.0,0.0,0.0007000000000000001,0.0,0.0059,0.0,0.0005,0.013500000000000002,0.0,0.0,0.0001,0.0,0.0,0.0,0.0116,0.015700000000000002,0.0,0.0,0.0,0.0,0.0,0.0,0.0,0.0,0.0,0.0,0.0,0.0
1994-05-18,0.0,0.0,0.0,0.0,0.0,0.0,0.0,0.0,0.0,0.0,0.0,0.0,0.0,0.0,0.002,0.0,0.0,0.0,0.0019,0.0,0.0,0.0,0.0,0.0,0.0,0.0,0.0,0.0,0.0,0.0
1994-05-19,0.0085,0.0,0.0040999999999999995,0.0,0.0,0.0,0.0,0.0,0.0,0.0,0.0,0.0,0.0,0.0,0.0,0.0,0.0,0.0,0.0,0.0,0.0,0.0,0.0,0.0,0.0,0.0,0.0,0.0,0.0,0.0
1994-05-20,0.0,0.0034000000000000002,0.0049,0.0151,0.006,0.0068000000000000005,0.0003,0.0040999999999999995,0.0015,0.0,0.003,0.0,0.0034000000000000002,0.011399999999999999,0.0,0.0021,0.0,0.0,0.0,0.0019,0.005600000000000001,0.0027,0.0003,0.0055000000000000005,0.0074,0.0049,0.005,0.0026,0.0026,0.0051
1994-05-23,0.0,0.012199999999999999,0.0,0.0042,0.0049,0.0,0.0009,0.0027,0.0001,0.0044,0.0014000000000000002,0.0024,0.0011,0.011000000000000001,0.006,0.0046,0.0,0.006,0.0095,0.0034999999999999996,0.0125,0.0,0.0018,0.0,0.0033,0.002,0.0042,0.0074,0.0028000000000000004,0.009300000000000001
1994-05-24,0.0063,0.0001,0.0,0.0,0.0,0.0,0.0024,0.0,0.0,0.0,0.0017000000000000001,0.0043,0.0067,0.0,0.0031,0.0,0.0263,0.0,0.0,0.0,0.001,0.0,0.0,0.0009,0.0,0.0,0.0,0.0032,0.0,0.0
1994-05-25,0.0001,0.0,0.0,0.0,0.0,0.0,0.0,0.0,0.0,0.0016,0.0,0.0,0.0001,0.0013,0.0,0.0,0.0005,0.0113,0.0,0.0,0.0,0.0,0.0,0.0,0.0028000000000000004,0.0,0.0,0.0006,0.0,0.0
1994-05-26,0.0167,0.0,0.0036,0.0046,0.0,0.0,0.0,0.0,0.0,0.0,0.0,0.0037,0.0028000000000000004,0.0,0.0046,0.0,0.0118,0.0,0.0017000000000000001,0.0,0.0,0.0,0.0054,0.0034000000000000002,0.0,0.0,0.0,0.0024,0.0,0.0
1994-05-27,0.003,0.0036,0.0012,0.0,0.0,0.0009,0.0,0.0024,0.0,0.0006,0.0026,0.0,0.0,0.0,0.0,0.004,0.0,0.0,0.0022,0.0006,0.0009,0.0,0.0009,0.0,0.0,0.0,0.0004,0.0,0.0,0.0
1994-05-31,0.0028000000000000004,0.0105,0.0246,0.004,0.0063,0.0017000000000000001,0.0091,0.0044,0.004699999999999999,0.0105,0.0006,0.0,0.0,0.0,0.0036,0.0,0.0,0.0040999999999999995,0.0037,0.0049,0.0029,0.0,0.0,0.0026,0.0,0.0059,0.0032,0.0,0.0,0.011699999999999999
1994-06-01,0.0028000000000000004,0.0,0.0,0.0,0.004699999999999999,0.0045000000000000005,0.0025,0.0,0.0,0.0043,0.0044,0.0021,0.0,0.0,0.0,0.0,0.0199,0.0,0.0,0.0,0.0,0.0033,0.0,0.0,0.0,0.0,0.0019,0.0032,0.0,0.0
1994-06-02,0.0,0.0,0.0095,0.0,0.0,0.0,0.0,0.0,0.0,0.0,0.0,0.0,0.0,0.0,0.008,0.0,0.0,0.0,0.0,0.0016,0.0,0.0,0.004,0.0,0.0040999999999999995,0.0,0.0036,0.005699999999999999,0.0,0.0
1994-06-03,0.0,0.0,0.0,0.0,0.0,0.0,0.0,0.0,0.0,0.0025,0.0,0.0,0.0,0.0075,0.0134,0.0,0.0167,0.0009,0.0,0.0,0.0,0.0,0.0063,0.0,0.0024,0.0,0.0,0.0,0.0,0.0
1994-06-06,0.0,0.0108,0.0,0.004,0.0039000000000000003,0.0,0.0,0.009899999999999999,0.0002,0.0,0.0,0.0,0.0,0.0070999999999999995,0.0128,0.0,0.0,0.0,0.0043,0.0,0.0,0.0,0.0011,0.0011,0.0025,0.0008,0.003,0.0,0.0,0.0
1994-06-07,0.0025,0.0,0.0,0.0,0.0011,0.0,0.0008,0.0,0.0049,0.0054,0.0077,0.0,0.0079,0.0027,0.0098,0.0002,0.0,0.0,0.0001,0.003,0.0,0.0051,0.0109,0.0052,0.0039000000000000003,0.0026,0.0011,0.0,0.0013,0.0054
1994-06-08,0.0034000000000000002,0.008199999999999999,0.0,0.0102,0.0058,0.009000000000000001,0.0,0.0054,0.0017000000000000001,0.0,0.0,0.0,0.0074,0.013000000000000001,0.0,0.0,0.0014000000000000002,0.0,0.0005,0.0003,0.001,0.0141,0.0194,0.0,0.0,0.008100000000000001,0.0,0.0143,0.0021,0.0070999999999999995
1994-06-09,0.0015,0.036000000000000004,0.001,0.0,0.0,0.0018,0.0024,0.0,0.0009,0.008,0.0,0.0,0.0055000000000000005,0.0,0.0,0.0049,0.0,0.010700000000000001,0.0,0.0022,0.0,0.0091,0.0040999999999999995,0.0,0.0013,0.0029,0.0,0.0184,0.0,0.0026
1994-06-10,0.0,0.0069,0.0,0.0,0.0,0.0049,0.0,0.001,0.0,0.0,0.0,0.0,0.0,0.0097,0.0,0.0,0.0048,0.0,0.0,0.0,0.0,0.0,0.0,0.0,0.0,0.0006,0.0064,0.0003,0.0,0.0
1994-06-13,0.0033,0.0113,0.0102,0.0014000000000000002,0.0,0.0,0.0051,0.0,0.0,0.016,0.0,0.0,0.0,0.0,0.0,0.0,0.0,0.0,0.011899999999999999,0.0,0.0051,0.0022,0.0,0.0,0.0,0.0,0.0001,0.0,0.0,0.0
1994-06-14,0.0,0.0,0.0,0.0,0.0,0.0016,0.0,0.0,0.0,0.0,0.0,0.0,0.0,0.0028000000000000004,0.0,0.0,0.0,0.0,0.0,0.0,0.0,0.0,0.0,0.0,0.0,0.0,0.0,0.0,0.0,0.0
1994-06-15,0.0033,0.0,0.0104,0.0034999999999999996,0.0086,0.0063,0.0054,0.0036,0.0013,0.0141,0.0006,0.005,0.0,0.0103,0.0,0.0042,0.0,0.0,0.0070999999999999995,0.0034000000000000002,0.0042,0.0,0.0019,0.0,0.006500000000000001,0.0037,0.002,0.0063,0.0027,0.011000000000000001
1994-06-16,0.0,0.0,0.0,0.0,0.0,0.0,0.0,0.0,0.0,0.0,0.0,0.0,0.0,0.0,0.0004,0.0,0.005600000000000001,0.0,0.0,0.0054,0.0,0.0008,0.0042,0.0,0.0,0.0013,0.0,0.0,0.0023,0.0
1994-06-17,0.0,0.016200000000000003,0.0045000000000000005,0.006500000000000001,0.0017000000000000001,0.0004,0.0072,0.0069,0.0085,0.0091,0.0104,0.0048,0.0074,0.0073,0.006999999999999999,0.0113,0.0,0.0054,0.0052,0.0074,0.004699999999999999,0.011899999999999999,0.0087,0.0066,0.0038,0.0013,0.013600000000000001,0.0079,0.0074,0.0069
1994-06-20,0.0,0.0,0.0004,0.0086,0.0049,0.0058,0.009000000000000001,0.0072,0.0175,0.0152,0.0053,0.016399999999999998,0.0083,0.0075,0.0151,0.0137,0.0053,0.0,0.0031,0.0085,0.0096,0.009899999999999999,0.012199999999999999,0.0068000000000000005,0.009899999999999999,0.0091,0.0078000000000000005,0.015,0.011699999999999999,0.0095
1994-06-21,0.0039000000000000003,0.0,0.0,0.0173,0.0060999999999999995,0.0070999999999999995,0.0069,0.0014000000000000002,0.0084,0.0173,0.0098,0.009899999999999999,0.015700000000000002,0.023700000000000002,0.0176,0.0,0.0,0.023799999999999998,0.004699999999999999,0.013500000000000002,0.0037,0.0182,0.0155,0.009000000000000001,0.012199999999999999,0.0096,0.0070999999999999995,0.0073,0.0121,0.0032
1994-06-22,0.0,0.0,0.0,0.0063,0.0040999999999999995,0.0004,0.0,0.0088,0.0,0.0,0.0,0.0,0.0,0.005699999999999999,0.0,0.0,0.006,0.0075,0.0,0.0,0.0,0.0,0.0,0.0,0.0,0.0,0.0,0.0,0.0,0.0
1994-06-23,0.0113,0.009300000000000001,0.0216,0.0039000000000000003,0.008100000000000001,0.0042,0.008100000000000001,0.0088,0.005699999999999999,0.0023,0.0069,0.0078000000000000005,0.006500000000000001,0.0,0.016200000000000003,0.0075,0.0003,0.0,0.0038,0.0084,0.0019,0.0199,0.0212,0.0118,0.0053,0.0068000000000000005,0.013500000000000002,0.0167,0.0063,0.0043
1994-06-24,0.0116,0.0098,0.0095,0.0126,0.0155,0.0058,0.0088,0.013600000000000001,0.0168,0.009000000000000001,0.015300000000000001,0.0203,0.0123,0.0028000000000000004,0.0048,0.0206,0.021099999999999997,0.0404,0.0197,0.0123,0.0213,0.008,0.009300000000000001,0.0128,0.0147,0.0138,0.0179,0.0204,0.0139,0.011699999999999999
1994-06-27,0.0,0.0,0.0,0.0,0.0,0.0,0.0021,0.0,0.0,0.0,0.0,0.0,0.0,0.0,0.0,0.0,0.0165,0.0,0.0,0.0,0.0,0.0,0.0,0.0,0.0,0.0,0.0,0.0,0.0,0.0
1994-06-28,0.0027,0.0051,0.0,0.0058,0.0101,0.0029,0.0043,0.0,0.0002,0.0,0.0029,0.0029,0.005600000000000001,0.0,0.011399999999999999,0.0,0.005600000000000001,0.004699999999999999,0.0062,0.0017000000000000001,0.0034000000000000002,0.0,0.0,0.0015,0.0053,0.0033,0.0,0.004,0.0044,0.0015
1994-06-29,0.001,0.0,0.0016,0.0,0.0001,0.0,0.0,0.0,0.0,0.0,0.0,0.0,0.0005,0.0,0.0034000000000000002,0.0,0.0,0.0,0.0,0.0,0.0,0.0,0.0016,0.0024,0.0,0.0,0.0,0.0,0.0,0.0
1994-06-30,0.0059,0.0077,0.006999999999999999,0.0126,0.0007000000000000001,0.0102,0.0,0.008199999999999999,0.0076,0.0033,0.0106,0.0066,0.009399999999999999,0.0163,0.0044,0.0139,0.0,0.024300000000000002,0.003,0.0034000000000000002,0.0,0.0024,0.0101,0.0048,0.0011,0.006500000000000001,0.0029,0.0125,0.006,0.002
1994-07-01,0.0,0.0,0.0,0.0,0.0,0.0,0.0,0.0,0.0017000000000000001,0.0,0.0,0.0,0.0,0.0044,0.0,0.0,0.0,0.0003,0.0,0.0,0.0,0.0017000000000000001,0.0,0.0,0.0,0.0,0.0,0.0,0.0,0.0
1994-07-05,0.0,0.0022,0.0123,0.0,0.0,0.0026,0.0025,0.0,0.0,0.0,0.0,0.0,0.0,0.0,0.0127,0.0,0.0116,0.0154,0.0,0.0,0.0017000000000000001,0.0072,0.006500000000000001,0.0,0.0037,0.0022,0.0032,0.0053,0.0,0.0
1994-07-06,0.0,0.0028000000000000004,0.009399999999999999,0.0040999999999999995,0.0059,0.0,0.0060999999999999995,0.0038,0.0,0.0,0.0,0.0,0.0,0.0,0.0019,0.0019,0.004,0.0019,0.0,0.0,0.0004,0.0034000000000000002,0.0055000000000000005,0.0,0.0023,0.0011,0.0006,0.0017000000000000001,0.0,0.0003
1994-07-07,0.001,0.0,0.0,0.0,0.0039000000000000003,0.0,0.0,0.0,0.0,0.0,0.0,0.0,0.0,0.0,0.0,0.0,0.0,0.0,0.0,0.0,0.0,0.0,0.0,0.0,0.0,0.0029,0.0,0.0,0.0,0.0
1994-07-08,0.0003,0.0,0.0,0.0,0.0,0.0,0.0,0.0,0.0,0.0034999999999999996,0.0002,0.0,0.0,0.0,0.0,0.0048,0.0018,0.0066,0.0,0.0,0.0,0.002,0.0,0.0024,0.0,0.0,0.0013,0.0,0.0014000000000000002,0.0002
1994-07-11,0.0,0.0,0.0039000000000000003,0.0054,0.0051,0.0043,0.0,0.0116,0.0017000000000000001,0.0013,0.0019,0.0058,0.0,0.0027,0.0062,0.0036,0.0,0.023399999999999997,0.0,0.0033,0.0042,0.0048,0.0,0.0,0.0089,0.0,0.0044,0.016,0.0034000000000000002,0.004699999999999999
1994-07-12,0.003,0.0007000000000000001,0.0001,0.002,0.0,0.0,0.0078000000000000005,0.0059,0.0009,0.0068000000000000005,0.0016,0.0,0.0,0.0046,0.0,0.0036,0.0022,0.0,0.0,0.0012,0.002,0.0,0.0,0.0,0.001,0.0016,0.0,0.0,0.0025,0.0023
1994-07-13,0.0005,0.0058,0.008,0.0008,0.0,0.0,0.0,0.0,0.0,0.0,0.0032,0.0,0.0,0.0,0.0,0.0,0.0072,0.0,0.0009,0.0,0.0,0.0,0.0,0.0,0.0,0.0,0.0,0.0,0.0,0.0
1994-07-14,0.0,0.0,0.0,0.0,0.0,0.0,0.0,0.0,0.0,0.0,0.0,0.0,0.0,0.0,0.002,0.0,0.0,0.0,0.0,0.0,0.0,0.0,0.0,0.0,0.0,0.0,0.0,0.0,0.0,0.0
1994-07-15,0.0,0.0,0.0,0.0,0.0,0.0,0.0054,0.0,0.0,0.0046,0.0,0.0,0.0007000000000000001,0.0,0.0053,0.0,0.0,0.0,0.0,0.0,0.0023,0.0,0.0167,0.0,0.0,0.0059,0.0,0.0,0.0,0.0
1994-07-18,0.0,0.006999999999999999,0.0,0.0,0.0,0.0011,0.0,0.0003,0.0,0.0126,0.0,0.0,0.0,0.0007000000000000001,0.0,0.0029,0.0074,0.0085,0.0,0.0014000000000000002,0.0011,0.0,0.0,0.0,0.0,0.0,0.0,0.0072,0.0,0.0033
1994-07-19,0.0028000000000000004,0.0,0.0060999999999999995,0.0103,0.0032,0.0101,0.0,0.0031,0.0,0.0,0.0,0.0008,0.0,0.0,0.0058,0.0013,0.0,0.0040999999999999995,0.0,0.0,0.0,0.0076,0.011699999999999999,0.0019,0.0,0.0017000000000000001,0.0049,0.011000000000000001,0.005699999999999999,0.0054
1994-07-20,0.0028000000000000004,0.004699999999999999,0.0,0.0121,0.006,0.0022,0.0,0.0043,0.005600000000000001,0.0,0.0075,0.0077,0.0095,0.0042,0.0,0.006999999999999999,0.0039000000000000003,0.0118,0.0042,0.0038,0.0002,0.0161,0.0123,0.0003,0.0079,0.0015,0.008100000000000001,0.0062,0.005600000000000001,0.0
1994-07-21,0.0,0.0,0.0,0.0,0.0,0.0022,0.0075,0.0,0.0012,0.010700000000000001,0.0,0.0,0.0031,0.0051,0.0109,0.011000000000000001,0.0009,0.0,0.0049,0.0009,0.0,0.0,0.0,0.0,0.0002,0.0066,0.0,0.005,0.0,0.0
1994-07-22,0.0040999999999999995,0.0,0.0,0.0,0.0,0.0,0.0042,0.0036,0.0,0.0129,0.0009,0.0,0.0002,0.0,0.0,0.0,0.0064,0.0088,0.0006,0.0,0.0001,0.0,0.0007000000000000001,0.0,0.0,0.0043,0.0022,0.0294,0.0,0.0067
1994-07-25,0.0,0.0,0.0,0.0087,0.0002,0.0,0.0,0.0,0.0004,0.0073,0.0,0.0,0.0013,0.0,0.0008,0.0,0.0,0.0,0.003,0.001,0.0,0.0,0.0,0.0,0.0,0.0,0.0048,0.0,0.0,0.0
1994-07-26,0.0014000000000000002,0.0036,0.0031,0.0,0.0,0.0052,0.008,0.0037,0.0,0.0,0.0043,0.0033,0.0,0.011399999999999999,0.0,0.0126,0.0,0.008100000000000001,0.0069,0.0011,0.0,0.008199999999999999,0.0,0.0007000000000000001,0.0011,0.0027,0.0014000000000000002,0.0,0.0,0.0138
1994-07-27,0.004699999999999999,0.0,0.0,0.0006,0.0046,0.0013,0.0,0.0,0.0014000000000000002,0.013600000000000001,0.0015,0.016200000000000003,0.003,0.0062,0.0177,0.0,0.0,0.001,0.0008,0.0,0.0007000000000000001,0.0106,0.0003,0.0,0.008199999999999999,0.0,0.0062,0.0127,0.0014000000000000002,0.0
1994-07-28,0.005699999999999999,0.0,0.0046,0.0034999999999999996,0.0,0.0,0.0009,0.0,0.0,0.0,0.0014000000000000002,0.0049,0.0,0.0,0.0,0.0046,0.0038,0.0165,0.0,0.0,0.0009,0.0,0.0,0.0,0.0,0.0,0.0015,0.0,0.0,0.0
1994-07-29,0.0,0.0,0.0,0.0,0.0,0.0,0.0002,0.0,0.0,0.0,0.0,0.0,0.0,0.0,0.0,0.0,0.005699999999999999,0.0,0.0,0.0,0.0,0.0,0.0,0.0,0.0,0.0,0.0,0.0,0.0,0.0
1994-08-01,0.0011,0.0,0.0,0.0,0.0,0.0,0.0,0.0002,0.0,0.0,0.0,0.0,0.0,0.0006,0.0,0.0,0.0015,0.0,0.0,0.0,0.0,0.0,0.0,0.0,0.0,0.0,0.0,0.0,0.0,0.0
1994-08-02,0.0017000000000000001,0.0042,0.0034000000000000002,0.0034000000000000002,0.002,0.0052,0.0013,0.0,0.0,0.0038,0.0,0.0,0.0,0.0033,0.0017000000000000001,0.0,0.015300000000000001,0.0,0.008,0.0,0.0,0.0,0.0016,0.0,0.0,0.0048,0.0023,0.0126,0.0004,0.0064
1994-08-03,0.0008,0.0033,0.0,0.0,0.0,0.0,0.0,0.0,0.0,0.0,0.0019,0.0029,0.0033,0.0051,0.0026,0.0033,0.0,0.0025,0.0,0.0,0.0012,0.0012,0.0,0.0,0.0,0.0,0.001,0.0149,0.0,0.0
1994-08-04,0.0,0.0,0.0,0.0058,0.0,0.0045000000000000005,0.0,0.0008,0.0029,0.0085,0.0126,0.0075,0.0052,0.0179,0.0371,0.001,0.0,0.0,0.0054,0.0023,0.0021,0.005600000000000001,0.0051,0.0076,0.0052,0.004699999999999999,0.0109,0.0024,0.0037,0.0040999999999999995
1994-08-05,0.0,0.0,0.0,0.0053,0.0021,0.0049,0.0027,0.002,0.0009,0.0064,0.0058,0.01,0.0085,0.0,0.0026,0.008100000000000001,0.0095,0.0085,0.0034000000000000002,0.0098,0.0029,0.0026,0.0,0.0054,0.0076,0.002,0.0028000000000000004,0.0,0.0033,0.0040999999999999995
1994-08-08,0.0,0.0,0.0,0.0,0.0,0.0,0.0,0.0,0.0011,0.0,0.0,0.002,0.0033,0.0,0.0,0.0016,0.0,0.0,0.0,0.0,0.0,0.0,0.0,0.0,0.0067,0.0003,0.0,0.0,0.0,0.0021
1994-08-09,0.0,0.0024,0.0,0.0,0.0007000000000000001,0.0015,0.0011,0.0,0.0,0.0,0.0,0.0,0.0,0.008199999999999999,0.0,0.0,0.0029,0.0024,0.0003,0.0052,0.003,0.0,0.0,0.0,0.0,0.0,0.0,0.0069,0.0,0.0
1994-08-10,0.0,0.0,0.0044,0.0,0.002,0.0,0.0002,0.0,0.0,0.0019,0.0,0.0,0.0,0.0106,0.0,0.0,0.0,0.0,0.0,0.0,0.0,0.0,0.0,0.0,0.0,0.0,0.0001,0.0,0.0,0.0
1994-08-11,0.003,0.0045000000000000005,0.0051,0.0,0.0048,0.0,0.0,0.0002,0.0038,0.0004,0.0074,0.0091,0.0023,0.011699999999999999,0.006500000000000001,0.0049,0.0,0.0006,0.009000000000000001,0.0086,0.0007000000000000001,0.0,0.001,0.006999999999999999,0.0067,0.0,0.0,0.0,0.0015,0.0073
1994-08-12,0.0,0.0,0.0046,0.0,0.0,0.0,0.0,0.0,0.0026,0.0,0.0,0.0,0.0,0.0,0.0,0.0,0.0096,0.011699999999999999,0.0,0.0,0.0,0.002,0.0,0.0,0.0,0.0,0.0,0.0013,0.0,0.0
1994-08-15,0.0,0.008,0.0,0.0022,0.0,0.0017000000000000001,0.0,0.0,0.0,0.0007000000000000001,0.006999999999999999,0.0074,0.0022,0.0,0.0016,0.0,0.0002,0.0,0.005600000000000001,0.0028000000000000004,0.0008,0.0017000000000000001,0.0,0.006999999999999999,0.0025,0.0017000000000000001,0.0014000000000000002,0.0078000000000000005,0.0,0.0004
1994-08-16,0.0,0.0,0.0,0.002,0.0,0.0,0.0,0.0,0.0,0.0027,0.0,0.0023,0.0,0.0044,0.0,0.0,0.0067,0.0,0.0023,0.0,0.0012,0.0,0.0,0.0,0.0,0.0,0.0,0.0009,0.0,0.0
1994-08-17,0.0027,0.0,0.008199999999999999,0.0,0.0,0.0,0.0,0.0,0.0042,0.0,0.0070999999999999995,0.0055000000000000005,0.0,0.0091,0.0,0.0016,0.0,0.0271,0.0019,0.005600000000000001,0.0038,0.0,0.0,0.0089,0.0,0.0,0.0,0.0,0.0,0.0
1994-08-18,0.0,0.0,0.0,0.0091,0.0,0.0029,0.0101,0.0051,0.004,0.0003,0.0009,0.0022,0.0045000000000000005,0.0118,0.0181,0.013000000000000001,0.0,0.0,0.0039000000000000003,0.0066,0.006999999999999999,0.0044,0.0007000000000000001,0.0037,0.010700000000000001,0.003,0.0,0.0028000000000000004,0.0028000000000000004,0.0013
1994-08-19,0.0,0.0060999999999999995,0.0032,0.0016,0.0,0.0,0.0,0.0,0.002,0.0,0.0,0.0,0.0027,0.0,0.0033,0.0012,0.0,0.005,0.0,0.0,0.0,0.0006,0.0,0.0,0.0049,0.0,0.0,0.0,0.0,0.0
1994-08-22,0.0,0.0029,0.0011,0.0025,0.004,0.0,0.0024,0.0,0.0017000000000000001,0.0028000000000000004,0.0,0.0034999999999999996,0.0028000000000000004,0.0019,0.009300000000000001,0.012,0.0052,0.0,0.0023,0.0042,0.0075,0.0037,0.0,0.0,0.0001,0.006,0.0021,0.0026,0.0,0.006500000000000001
1994-08-23,0.0,0.0,0.0,0.0,0.0,0.0,0.0,0.0,0.0,0.0,0.0,0.0,0.0,0.0,0.0,0.0,0.002,0.0,0.0009,0.0,0.0,0.0,0.0,0.0,0.0,0.0,0.0,0.0,0.0,0.0
1994-08-24,0.0,0.0,0.0,0.0,0.0,0.0,0.0,0.0,0.0,0.0,0.0,0.0,0.0,0.0,0.0,0.0,0.0,0.0,0.0,0.0,0.0,0.0,0.0,0.0,0.0,0.0,0.0,0.0,0.0,0.0
1994-08-25,0.0044,0.0024,0.0,0.0052,0.0,0.001,0.0,0.0028000000000000004,0.0,0.0012,0.0004,0.0,0.002,0.0,0.0104,0.0,0.0001,0.0116,0.0063,0.0033,0.0025,0.0,0.0,0.0,0.0008,0.0,0.0036,0.0,0.0018,0.0
1994-08-26,0.0,0.0,0.0,0.0,0.0,0.0,0.0,0.0,0.0,0.0,0.0,0.0,0.0,0.0,0.0,0.0,0.0021,0.0,0.0,0.0,0.0,0.0,0.0,0.0,0.0,0.0,0.0,0.0,0.0,0.0
1994-08-29,0.0040999999999999995,0.009300000000000001,0.0,0.0,0.0029,0.0,0.0,0.0,0.0,0.0015,0.0,0.0,0.0,0.006,0.0013,0.0,0.0,0.022000000000000002,0.0,0.0,0.0,0.002,0.0017000000000000001,0.0,0.0,0.0,0.0034999999999999996,0.0,0.0,0.0
1994-08-30,0.0001,0.0026,0.0,0.0049,0.0,0.0,0.0,0.0,0.0,0.0,0.0,0.0,0.0,0.0005,0.0,0.0,0.0,0.0,0.0,0.0,0.001,0.0,0.0,0.0,0.0,0.0,0.0,0.0022,0.0,0.0
1994-08-31,0.0,0.0033,0.0,0.0039000000000000003,0.0003,0.0011,0.0,0.0,0.0005,0.0,0.0,0.0,0.0,0.0052,0.0239,0.0,0.0,0.0,0.0,0.0023,0.0034999999999999996,0.0018,0.013500000000000002,0.0,0.0,0.0001,0.0,0.0,0.0,0.0
1994-09-01,0.0052,0.0,0.0111,0.0066,0.0013,0.0003,0.0,0.0,0.0052,0.0032,0.0006,0.0102,0.0096,0.0,0.0,0.0,0.0,0.0021,0.0022,0.0128,0.0053,0.0115,0.014499999999999999,0.0023,0.0027,0.0049,0.0069,0.0016,0.0033,0.0062
1994-09-02,0.0066,0.0,0.0089,0.0004,0.0039000000000000003,0.006999999999999999,0.0034000000000000002,0.0040999999999999995,0.005,0.0008,0.0069,0.0014000000000000002,0.0018,0.0043,0.0045000000000000005,0.0033,0.0,0.0,0.0025,0.0067,0.0,0.0007000000000000001,0.0036,0.0066,0.0,0.0039000000000000003,0.001,0.0039000000000000003,0.0031,0.0013
1994-09-06,0.0013,0.0063,0.005,0.0,0.0,0.0,0.0,0.0013,0.0,0.0,0.0023,0.0021,0.0032,0.0095,0.0,0.004699999999999999,0.0,0.0,0.0,0.0087,0.0,0.0,0.0,0.0,0.0034000000000000002,0.0,0.0,0.0,0.0,0.0038
1994-09-07,0.0042,0.0,0.0,0.0,0.0032,0.0033,0.0013,0.0003,0.0053,0.0004,0.0024,0.0,0.0019,0.0054,0.0055000000000000005,0.0021,0.0062,0.0,0.0,0.0034999999999999996,0.005,0.0,0.0,0.0,0.0027,0.0,0.0,0.0032,0.0005,0.0021
1994-09-08,0.0,0.0,0.0009,0.0,0.0,0.0011,0.0,0.0,0.0,0.0044,0.0,0.0,0.0,0.0,0.0044,0.0,0.0,0.0032,0.0,0.0,0.0,0.0,0.0,0.0,0.0,0.0,0.0,0.0,0.0,0.0
1994-09-09,0.0106,0.0084,0.0005,0.0070999999999999995,0.006,0.0078000000000000005,0.0068000000000000005,0.0063,0.0086,0.019299999999999998,0.0115,0.011200000000000002,0.0043,0.002,0.0134,0.0115,0.0,0.0,0.008,0.0125,0.0103,0.011399999999999999,0.0111,0.0075,0.0103,0.0085,0.009899999999999999,0.0089,0.0087,0.0127
1994-09-12,0.0,0.001,0.018799999999999997,0.0037,0.0037,0.0038,0.0016,0.0014000000000000002,0.0013,0.0,0.0048,0.005699999999999999,0.0086,0.0014000000000000002,0.0069,0.008199999999999999,0.0,0.0,0.002,0.0096,0.0058,0.0073,0.0064,0.006500000000000001,0.0106,0.0,0.0012,0.0078000000000000005,0.0040999999999999995,0.0079
1994-09-13,0.0018,0.0,0.0124,0.0,0.0,0.0004,0.0012,0.0,0.0,0.0,0.0,0.0,0.0,0.0,0.0028000000000000004,0.0,0.008,0.0052,0.0018,0.0,0.0,0.0,0.0,0.0,0.0,0.0,0.0,0.0,0.0,0.0
1994-09-14,0.0,0.0,0.0,0.0062,0.0024,0.0038,0.0,0.0,0.0014000000000000002,0.0039000000000000003,0.0022,0.0,0.0,0.0,0.0,0.0,0.0063,0.0007000000000000001,0.0019,0.0025,0.0,0.0,0.0,0.0,0.0001,0.0,0.0016,0.0,0.0,0.0
1994-09-15,0.0,0.0,0.0,0.0,0.0,0.0,0.0,0.0,0.0,0.0,0.0,0.0,0.0,0.0,0.0,0.0,0.009399999999999999,0.0,0.0,0.0,0.0,0.0,0.0,0.0,0.0,0.0,0.0,0.0,0.0,0.0
1994-09-16,0.0092,0.0146,0.0,0.0,0.0026,0.0048,0.0,0.005,0.0016,0.0,0.0043,0.0,0.0044,0.005600000000000001,0.014499999999999999,0.0043,0.0,0.0034000000000000002,0.0067,0.0095,0.0077,0.0078000000000000005,0.0,0.0,0.0060999999999999995,0.0036,0.0062,0.0079,0.005,0.0052
1994-09-19,0.0002,0.0,0.015,0.0,0.0,0.0016,0.0075,0.0,0.0,0.006500000000000001,0.0,0.0,0.0029,0.0045000000000000005,0.0063,0.0086,0.0,0.0,0.0072,0.0,0.0,0.0,0.0032,0.0,0.009300000000000001,0.0027,0.0038,0.0052,0.0059,0.0
1994-09-20,0.013600000000000001,0.0124,0.0144,0.021,0.0116,0.012199999999999999,0.0158,0.0129,0.0179,0.013500000000000002,0.0123,0.0098,0.014499999999999999,0.0161,0.010700000000000001,0.0134,0.0,0.0004,0.0132,0.009300000000000001,0.0132,0.0111,0.0128,0.012,0.018500000000000003,0.0079,0.022000000000000002,0.0226,0.017,0.0111
1994-09-21,0.0,0.0,0.0,0.0027,0.0048,0.0074,0.0063,0.0016,0.0059,0.0044,0.0176,0.0078000000000000005,0.0146,0.0013,0.0152,0.0074,0.0036,0.0060999999999999995,0.0064,0.0,0.0087,0.0026,0.008100000000000001,0.004699999999999999,0.0102,0.009000000000000001,0.0101,0.0001,0.0043,0.006500000000000001
1994-09-22,0.0,0.0,0.0,0.0064,0.0027,0.0,0.0012,0.0,0.004,0.006500000000000001,0.0,0.0,0.0012,0.006500000000000001,0.0125,0.0084,0.0,0.0034999999999999996,0.0,0.0,0.0022,0.0,0.0007000000000000001,0.0059,0.0,0.0015,0.002,0.0,0.0034999999999999996,0.0032
1994-09-23,0.004699999999999999,0.001,0.0037,0.0072,0.0063,0.0025,0.0060999999999999995,0.0,0.0,0.011699999999999999,0.0,0.0,0.0017000000000000001,0.0059,0.022400000000000003,0.006,0.0,0.028399999999999998,0.001,0.0,0.0,0.0077,0.0074,0.0,0.0027,0.0032,0.009000000000000001,0.0,0.0040999999999999995,0.0029
1994-09-26,0.0,0.0,0.0,0.0,0.0,0.0,0.0022,0.0,0.0,0.0,0.0001,0.0024,0.0008,0.0,0.0,0.0,0.0031,0.0,0.0,0.0,0.0,0.0005,0.0039000000000000003,0.0,0.0033,0.0025,0.0007000000000000001,0.0,0.0003,0.0
1994-09-27,0.0,0.0072,0.0078000000000000005,0.0022,0.0064,0.0001,0.0029,0.0,0.0,0.0034999999999999996,0.0,0.0,0.0017000000000000001,0.0068000000000000005,0.0,0.0,0.0,0.0,0.0025,0.0,0.0,0.0,0.0,0.0,0.0,0.0,0.0,0.0,0.0026,0.0032
1994-09-28,0.0,0.0,0.009000000000000001,0.0,0.0,0.0,0.0,0.0,0.0,0.0007000000000000001,0.0,0.0,0.0,0.0,0.0,0.0,0.0121,0.0191,0.0,0.0,0.0,0.0,0.0006,0.0,0.0,0.0,0.0,0.0,0.0,0.0
1994-09-29,0.0036,0.0083,0.0,0.0012,0.0043,0.0039000000000000003,0.0034999999999999996,0.0067,0.0001,0.0026,0.0051,0.0024,0.0009,0.0014000000000000002,0.0113,0.0015,0.0,0.0,0.0032,0.0,0.0143,0.0002,0.0,0.006,0.0109,0.0,0.0,0.0109,0.0039000000000000003,0.0
1994-09-30,0.0,0.0055000000000000005,0.0,0.0042,0.0003,0.0,0.0014000000000000002,0.0,0.0,0.0,0.0018,0.0052,0.0,0.0095,0.0,0.0108,0.0032,0.0,0.0,0.0,0.0,0.0,0.0,0.0,0.0,0.0,0.0,0.0021,0.0003,0.0
1994-10-03,0.0017000000000000001,0.0,0.0062,0.0,0.0011,0.0046,0.0032,0.0,0.0073,0.0015,0.0,0.0,0.0009,0.0083,0.0078000000000000005,0.0004,0.0068000000000000005,0.0054,0.0,0.0026,0.0066,0.0,0.0083,0.001,0.0025,0.005600000000000001,0.0,0.006500000000000001,0.004699999999999999,0.0067
1994-10-04,0.0141,0.0191,0.0024,0.024900000000000002,0.0067,0.0083,0.009399999999999999,0.013500000000000002,0.0144,0.005699999999999999,0.0174,0.0242,0.0172,0.0127,0.0176,0.0042,0.0172,0.018600000000000002,0.0143,0.0060999999999999995,0.0171,0.0143,0.0235,0.011200000000000002,0.011200000000000002,0.011399999999999999,0.013999999999999999,0.0108,0.013999999999999999,0.0177
1994-10-05,0.0003,0.0,0.018600000000000002,0.0043,0.0096,0.0031,0.0005,0.0072,0.0060999999999999995,0.0043,0.011899999999999999,0.015600000000000001,0.0054,0.0,0.0,0.0015,0.0181,0.0087,0.0022,0.0039000000000000003,0.0053,0.0003,0.0,0.0101,0.0121,0.0072,0.0,0.0038,0.0059,0.0098
1994-10-06,0.0034999999999999996,0.0013,0.0,0.0,0.0019,0.0,0.0019,0.0028000000000000004,0.0058,0.009300000000000001,0.0060999999999999995,0.0034000000000000002,0.0017000000000000001,0.0051,0.0154,0.0,0.0,0.0,0.0,0.0002,0.0016,0.0058,0.0038,0.0051,0.0025,0.0,0.0059,0.0,0.0001,0.0
1994-10-07,0.0,0.0070999999999999995,0.0,0.0037,0.0,0.0,0.0,0.0,0.0,0.0031,0.0,0.0,0.0,0.0027,0.0012,0.0,0.0088,0.0,0.0,0.0,0.0,0.0,0.0,0.0003,0.0,0.001,0.0,0.0,0.0,0.0
1994-10-10,0.0,0.0,0.0033,0.0,0.0,0.0,0.0,0.0,0.0,0.0,0.0,0.0,0.0,0.0,0.0,0.0,0.0,0.0,0.0,0.0,0.0,0.0,0.0,0.0,0.0,0.0,0.0,0.0,0.0,0.0
1994-10-11,0.0,0.0,0.0,0.0,0.0,0.0,0.0,0.0,0.0,0.0,0.0,0.0,0.0,0.0,0.0,0.0,0.0019,0.0063,0.0,0.0,0.0,0.0,0.0,0.0,0.0,0.0,0.0,0.0,0.0,0.0
1994-10-12,0.0021,0.0101,0.0,0.0064,0.0,0.0034999999999999996,0.0,0.0,0.0036,0.0019,0.0016,0.0004,0.0,0.0,0.0,0.0,0.0,0.0022,0.0042,0.0018,0.0045000000000000005,0.0,0.0,0.0014000000000000002,0.0,0.0013,0.0017000000000000001,0.0,0.0,0.0021
1994-10-13,0.0,0.0,0.0006,0.0023,0.0,0.0,0.0,0.0006,0.0,0.0,0.0,0.0007000000000000001,0.0,0.0011,0.0018,0.0002,0.0091,0.0207,0.0,0.0,0.0,0.0,0.0038,0.0,0.0,0.0,0.0,0.0,0.0,0.0
1994-10-14,0.0,0.0033,0.0002,0.0,0.0,0.0048,0.0,0.0003,0.0,0.006,0.0003,0.0,0.0,0.0,0.0,0.0,0.004699999999999999,0.0,0.0,0.0,0.0,0.0004,0.0,0.0,0.0,0.0033,0.0025,0.0022,0.0,0.0
1994-10-17,0.0,0.0039000000000000003,0.0066,0.0011,0.0015,0.0,0.0,0.0009,0.0,0.0,0.0,0.0,0.0,0.0006,0.005,0.0026,0.0,0.0,0.0,0.0025,0.004,0.0019,0.0017000000000000001,0.0,0.0018,0.0031,0.0007000000000000001,0.0,0.0011,0.0
1994-10-18,0.0025,0.0,0.0029,0.006500000000000001,0.006,0.0,0.0002,0.005,0.0029,0.0029,0.004699999999999999,0.0095,0.0,0.0076,0.0038,0.0055000000000000005,0.0049,0.0034999999999999996,0.0,0.003,0.0062,0.0,0.0,0.002,0.0,0.0039000000000000003,0.0024,0.002,0.0005,0.0036
1994-10-19,0.0,0.0,0.0,0.0,0.0,0.0,0.0,0.0,0.0019,0.0,0.0,0.0,0.0,0.0,0.0,0.0,0.0,0.0103,0.0009,0.0,0.0,0.0,0.0,0.0,0.0,0.0,0.0,0.0,0.0,0.0
1994-10-20,0.0046,0.0121,0.0074,0.006999999999999999,0.0101,0.0129,0.0,0.0009,0.0,0.0017000000000000001,0.0053,0.0,0.011699999999999999,0.0203,0.032,0.0054,0.0,0.0104,0.0016,0.006500000000000001,0.009300000000000001,0.0,0.0007000000000000001,0.0151,0.0069,0.0048,0.0088,0.0079,0.0076,0.0067
1994-10-21,0.0055000000000000005,0.0,0.0108,0.0,0.0048,0.0019,0.0073,0.004699999999999999,0.002,0.0,0.0,0.005600000000000001,0.0,0.024900000000000002,0.016200000000000003,0.0089,0.0126,0.0,0.0007000000000000001,0.001,0.003,0.0039000000000000003,0.0,0.0092,0.006999999999999999,0.004699999999999999,0.0040999999999999995,0.0,0.0048,0.0064
1994-10-24,0.0019,0.0148,0.0,0.0052,0.0064,0.0143,0.0077,0.0087,0.0034999999999999996,0.0043,0.010700000000000001,0.01,0.0,0.0,0.0064,0.0046,0.0044,0.0042,0.0039000000000000003,0.0087,0.011699999999999999,0.0072,0.0068000000000000005,0.0118,0.0084,0.0018,0.011399999999999999,0.0027,0.0088,0.009000000000000001
1994-10-25,0.0,0.0,0.0,0.0,0.0029,0.0,0.0016,0.0046,0.006999999999999999,0.0069,0.004,0.0159,0.0005,0.0034999999999999996,0.0,0.0039000000000000003,0.0076,0.0,0.0,0.0,0.0028000000000000004,0.0026,0.0022,0.0103,0.0005,0.0,0.0,0.011000000000000001,0.0001,0.0032
1994-10-26,0.0,0.0,0.0,0.0,0.0014000000000000002,0.0018,0.0009,0.0,0.0014000000000000002,0.0,0.003,0.0,0.0,0.0,0.0011,0.0034000000000000002,0.01,0.0189,0.0,0.0038,0.0,0.0,0.0,0.0023,0.001,0.001,0.0002,0.0018,0.0,0.0
1994-10-27,0.0,0.0,0.0,0.0072,0.0,0.0,0.0,0.0,0.0,0.0,0.0,0.0,0.0,0.0,0.0072,0.0,0.021400000000000002,0.0,0.0,0.0,0.0,0.0,0.0,0.0,0.0,0.0,0.0,0.0,0.0,0.0008
1994-10-28,0.0,0.0,0.0092,0.0,0.0,0.0,0.0,0.0,0.0,0.0,0.0,0.0,0.0,0.0,0.0,0.0,0.011000000000000001,0.0,0.0,0.0,0.0,0.0,0.0,0.0,0.0,0.0,0.0,0.0,0.0,0.0
1994-10-31,0.0151,0.0021,0.0,0.005600000000000001,0.0016,0.0097,0.0,0.0,0.0053,0.0,0.0022,0.0048,0.0025,0.0077,0.0027,0.0,0.0,0.0,0.0,0.0015,0.0,0.0,0.0023,0.0072,0.003,0.0,0.0018,0.0,0.0025,0.0
1994-11-01,0.0046,0.0,0.0143,0.0043,0.009899999999999999,0.0,0.0025,0.0028000000000000004,0.0202,0.0,0.011899999999999999,0.0168,0.0132,0.0075,0.0149,0.0042,0.0009,0.0069,0.0158,0.0101,0.0118,0.003,0.0014000000000000002,0.0151,0.0013,0.0066,0.0058,0.0008,0.0083,0.0012
1994-11-02,0.0046,0.0060999999999999995,0.0,0.003,0.0028000000000000004,0.0029,0.0054,0.004,0.0115,0.0,0.0048,0.0134,0.0,0.0046,0.0034999999999999996,0.0042,0.0060999999999999995,0.0,0.002,0.0,0.0049,0.0029,0.0,0.003,0.0048,0.0017000000000000001,0.0,0.0,0.002,0.0059
1994-11-03,0.0,0.002,0.0,0.0,0.0,0.0015,0.0022,0.0,0.0042,0.0,0.0014000000000000002,0.0,0.0,0.0,0.0,0.0,0.0072,0.0,0.0,0.0,0.0,0.001,0.0025,0.0,0.0,0.0,0.0,0.0,0.0,0.0
1994-11-04,0.0104,0.001,0.0203,0.0072,0.0126,0.0126,0.0032,0.0097,0.0028000000000000004,0.0012,0.0053,0.006999999999999999,0.0091,0.0078000000000000005,0.008,0.0087,0.001,0.0012,0.012199999999999999,0.0074,0.013500000000000002,0.011399999999999999,0.0158,0.011000000000000001,0.0113,0.0043,0.0036,0.0116,0.0068000000000000005,0.0064
1994-11-07,0.0,0.0,0.0070999999999999995,0.0,0.0037,0.0,0.0,0.0,0.0024,0.0085,0.0005,0.0016,0.0002,0.0,0.006500000000000001,0.0,0.0076,0.0,0.0022,0.0,0.0,0.0028000000000000004,0.0028000000000000004,0.0013,0.0036,0.0002,0.0,0.0007000000000000001,0.0022,0.0022
1994-11-08,0.0,0.0,0.0,0.0,0.0,0.0,0.0034000000000000002,0.0,0.0,0.0,0.0,0.0,0.0,0.0,0.001,0.0,0.0,0.0106,0.0,0.0,0.0,0.0,0.0,0.0,0.0,0.0,0.0,0.0,0.0,0.0
1994-11-09,0.0028000000000000004,0.0021,0.0034999999999999996,0.0028000000000000004,0.0,0.0043,0.0,0.0,0.0001,0.0027,0.0069,0.0128,0.0,0.0063,0.0049,0.0,0.0123,0.0015,0.0078000000000000005,0.0063,0.0009,0.0014000000000000002,0.0,0.0001,0.0033,0.0026,0.0,0.015700000000000002,0.0011,0.0077
1994-11-10,0.0,0.006999999999999999,0.016,0.0,0.0,0.0025,0.0088,0.0,0.0042,0.002,0.0040999999999999995,0.0105,0.005,0.0012,0.0,0.0016,0.0,0.0132,0.0088,0.004699999999999999,0.0034000000000000002,0.0024,0.009899999999999999,0.0023,0.0040999999999999995,0.0014000000000000002,0.0,0.0017000000000000001,0.0018,0.0006
1994-11-11,0.0,0.0,0.0,0.0098,0.0,0.0072,0.0060999999999999995,0.0015,0.008,0.0095,0.006500000000000001,0.0032,0.006500000000000001,0.0017000000000000001,0.0033,0.0087,0.0043,0.022400000000000003,0.0028000000000000004,0.0042,0.0018,0.008100000000000001,0.0002,0.0067,0.0044,0.0022,0.011000000000000001,0.0108,0.0062,0.0087
1994-11-14,0.0,0.0,0.0,0.0,0.0,0.0,0.0,0.0,0.0,0.0,0.0,0.0,0.0,0.0,0.0,0.0,0.0074,0.0,0.0002,0.0,0.0,0.0,0.0,0.0,0.0,0.0,0.0,0.0,0.0,0.0
1994-11-15,0.0003,0.0003,0.0,0.003,0.0051,0.005600000000000001,0.0003,0.0074,0.0,0.0009,0.0019,0.0,0.006500000000000001,0.0007000000000000001,0.0,0.0,0.0,0.016200000000000003,0.0,0.0025,0.0066,0.0,0.0,0.0015,0.0,0.0042,0.0015,0.0,0.0001,0.0079
1994-11-16,0.0,0.0,0.009399999999999999,0.0,0.0007000000000000001,0.0,0.0,0.0,0.001,0.0018,0.0,0.0069,0.0026,0.0,0.0,0.0,0.0016,0.0054,0.0,0.0014000000000000002,0.0044,0.0,0.0,0.0007000000000000001,0.0,0.0058,0.0026,0.0,0.0046,0.0
1994-11-17,0.0,0.002,0.0,0.010700000000000001,0.0,0.0084,0.006,0.0016,0.0031,0.0034000000000000002,0.0084,0.0191,0.0058,0.0072,0.017,0.0007000000000000001,0.0036,0.0,0.0016,0.0033,0.0,0.0068000000000000005,0.0009,0.0068000000000000005,0.0068000000000000005,0.0052,0.0129,0.0,0.009899999999999999,0.0
1994-11-18,0.0007000000000000001,0.0,0.013600000000000001,0.0098,0.0046,0.0,0.0031,0.0,0.0102,0.0,0.0049,0.0,0.0058,0.0009,0.015700000000000002,0.0129,0.0046,0.0069,0.008199999999999999,0.005600000000000001,0.008,0.0,0.0002,0.0026,0.002,0.002,0.002,0.0046,0.009000000000000001,0.0017000000000000001
1994-11-21,0.0101,0.0,0.0091,0.0077,0.0022,0.011200000000000002,0.0066,0.0089,0.0103,0.005699999999999999,0.003,0.0048,0.013300000000000001,0.021099999999999997,0.012,0.0091,0.0207,0.0102,0.0,0.0009,0.0013,0.0101,0.0060999999999999995,0.004,0.009000000000000001,0.004699999999999999,0.003,0.015,0.0138,0.0139
1994-11-22,0.0179,0.0163,0.0194,0.008,0.0132,0.0163,0.011899999999999999,0.0222,0.0255,0.0062,0.0236,0.0236,0.022400000000000003,0.0194,0.0264,0.020099999999999996,0.0209,0.0,0.0091,0.0,0.0108,0.0298,0.0336,0.025099999999999997,0.017,0.0134,0.014199999999999999,0.027999999999999997,0.0173,0.0235
1994-11-23,0.0,0.0097,0.0161,0.0027,0.0141,0.0024,0.0079,0.0069,0.009000000000000001,0.0144,0.0004,0.013300000000000001,0.0111,0.006,0.0,0.008100000000000001,0.009899999999999999,0.011899999999999999,0.0058,0.0,0.0036,0.0092,0.0033,0.005600000000000001,0.0046,0.0069,0.0070999999999999995,0.0095,0.0,0.0069
1994-11-25,0.0,0.0,0.0027,0.0,0.0,0.0,0.0,0.0,0.0,0.0,0.0,0.0,0.0,0.0,0.0,0.0,0.0,0.002,0.0,0.0,0.0,0.0,0.0,0.0,0.0,0.0,0.0,0.0003,0.0,0.0
1994-11-28,0.0,0.0,0.0,0.0,0.0,0.0,0.0,0.0,0.0,0.0014000000000000002,0.0,0.0,0.0,0.0,0.0059,0.0,0.0166,0.0013,0.0,0.0,0.0055000000000000005,0.0,0.0,0.0,0.0,0.0012,0.0,0.0,0.0,0.003
1994-11-29,0.0032,0.0037,0.0045000000000000005,0.0017000000000000001,0.0,0.0007000000000000001,0.0,0.0,0.0,0.0052,0.0,0.0,0.0,0.0102,0.0,0.0012,0.0,0.0,0.0,0.0,0.0034999999999999996,0.0,0.0,0.0,0.0,0.0,0.0,0.0,0.0,0.0
1994-11-30,0.006500000000000001,0.0138,0.0,0.0086,0.0,0.0007000000000000001,0.0,0.0,0.0,0.0023,0.0,0.0,0.0003,0.0098,0.0,0.0,0.013300000000000001,0.019,0.0023,0.0,0.0024,0.0046,0.008199999999999999,0.0,0.0,0.0024,0.0067,0.004699999999999999,0.0039000000000000003,0.0
1994-12-01,0.0051,0.0076,0.012199999999999999,0.0087,0.013000000000000001,0.0105,0.0092,0.0083,0.008199999999999999,0.008100000000000001,0.0144,0.0079,0.0102,0.0079,0.009300000000000001,0.0,0.0021,0.0,0.0106,0.0096,0.0083,0.0098,0.0174,0.0132,0.0076,0.0060999999999999995,0.025,0.0078000000000000005,0.0067,0.0027
1994-12-02,0.0,0.0,0.0,0.0,0.0,0.0,0.0,0.0,0.0,0.0,0.0014000000000000002,0.0,0.0,0.0,0.0,0.0,0.0,0.0,0.0,0.0,0.0,0.0,0.0,0.0,0.0,0.0,0.0,0.0,0.0,0.0
1994-12-05,0.0023,0.0,0.0073,0.0014000000000000002,0.0005,0.0040999999999999995,0.0002,0.0004,0.0002,0.001,0.0,0.0,0.0,0.0036,0.0,0.0,0.0084,0.0178,0.008199999999999999,0.0,0.0025,0.0,0.0,0.0,0.0,0.001,0.0058,0.0033,0.0,0.0
1994-12-06,0.0016,0.0076,0.011000000000000001,0.0068000000000000005,0.0004,0.0036,0.0,0.0,0.0,0.0062,0.001,0.0,0.0053,0.0079,0.0026,0.0,0.0,0.002,0.0022,0.0,0.0013,0.0016,0.0001,0.0,0.0083,0.0069,0.0051,0.0019,0.0009,0.0063
1994-12-07,0.0013,0.0029,0.0063,0.0044,0.011899999999999999,0.0059,0.0085,0.004699999999999999,0.006500000000000001,0.009399999999999999,0.0005,0.0023,0.0105,0.0,0.012199999999999999,0.0002,0.0,0.0,0.0,0.0007000000000000001,0.0067,0.0078000000000000005,0.01,0.0,0.0125,0.002,0.0054,0.0004,0.0077,0.0051
1994-12-08,0.0052,0.0083,0.0223,0.0178,0.004699999999999999,0.0123,0.0218,0.0195,0.01,0.0128,0.0147,0.013999999999999999,0.016,0.0232,0.0223,0.0131,0.0026,0.0069,0.0001,0.0014000000000000002,0.0003,0.017,0.028399999999999998,0.011200000000000002,0.0167,0.0072,0.024700000000000003,0.0154,0.0184,0.0121
1994-12-09,0.0,0.0072,0.0,0.0075,0.0029,0.0,0.0023,0.0,0.0015,0.0105,0.0014000000000000002,0.0018,0.0,0.0,0.0091,0.0091,0.0,0.0,0.0,0.0,0.0,0.0,0.0,0.0,0.0048,0.0040999999999999995,0.0,0.0042,0.0,0.003
1994-12-12,0.0,0.0,0.0,0.0,0.0,0.0,0.0004,0.0,0.0,0.0025,0.0,0.0,0.0,0.0,0.0038,0.0,0.0,0.0032,0.0,0.0,0.0,0.0,0.0036,0.0,0.0004,0.0001,0.0,0.0,0.0,0.0
1994-12-13,0.0,0.0,0.0,0.0,0.0,0.0,0.0,0.0048,0.0,0.0,0.0,0.0024,0.0,0.0,0.0,0.0,0.0017000000000000001,0.0106,0.0017000000000000001,0.0,0.0,0.0005,0.0026,0.005699999999999999,0.0021,0.0014000000000000002,0.0,0.0018,0.0,0.0004
1994-12-14,0.0,0.0,0.0,0.0,0.0,0.0,0.0,0.0,0.0,0.0,0.0,0.0,0.0,0.0,0.0,0.0,0.0,0.0,0.0009,0.0,0.0,0.0,0.0,0.0,0.0,0.0,0.0,0.0,0.0,0.0
1994-12-15,0.0,0.0,0.008199999999999999,0.0,0.0,0.0027,0.0,0.0,0.0,0.0,0.0,0.0,0.0,0.0,0.0,0.0,0.008,0.0039000000000000003,0.0,0.0067,0.0021,0.0,0.0,0.0,0.0,0.0,0.0,0.0,0.0,0.0
1994-12-16,0.0,0.0,0.012,0.0,0.0,0.0,0.0,0.0,0.0,0.002,0.0,0.0,0.0,0.0,0.0,0.0,0.0086,0.0,0.0,0.0,0.0,0.0003,0.0005,0.0,0.0,0.0,0.0,0.0,0.0,0.0
1994-12-19,0.0053,0.0038,0.0008,0.0,0.0021,0.0,0.005600000000000001,0.0,0.0058,0.015,0.0,0.0109,0.0008,0.0043,0.0017000000000000001,0.0,0.0,0.0,0.0029,0.0045000000000000005,0.0043,0.0053,0.0068000000000000005,0.0026,0.0,0.0,0.0077,0.0075,0.0,0.0
1994-12-20,0.0,0.0,0.0,0.0009,0.0,0.0044,0.0,0.0,0.0,0.0,0.0012,0.0125,0.0,0.0049,0.0,0.0,0.0,0.0014000000000000002,0.0031,0.0,0.0024,0.0092,0.0,0.0,0.0079,0.0,0.01,0.0,0.0,0.0055000000000000005
1994-12-21,0.0,0.0,0.0,0.0,0.0,0.0,0.0,0.0,0.0,0.0,0.0,0.0,0.0,0.0,0.0,0.0,0.0022,0.0,0.0,0.0,0.0008,0.0,0.0,0.0,0.0,0.0,0.0,0.0016,0.0,0.0
1994-12-22,0.004,0.017,0.0001,0.0,0.0,0.0,0.0,0.0033,0.0,0.0,0.0019,0.0,0.0004,0.0,0.0,0.0,0.0042,0.0,0.0023,0.0014000000000000002,0.0,0.0,0.0,0.0033,0.0,0.0031,0.0009,0.0,0.0068000000000000005,0.0
1994-12-23,0.0,0.0,0.0005,0.0,0.0,0.0,0.0051,0.0,0.0002,0.0,0.0,0.0,0.0,0.0046,0.0,0.0,0.0,0.0039000000000000003,0.0005,0.003,0.0,0.0,0.0,0.0,0.0,0.0002,0.0,0.0017000000000000001,0.0,0.0015
1994-12-27,0.0,0.0,0.0,0.0,0.0,0.0,0.0,0.0,0.0,0.0,0.0,0.0,0.0,0.0,0.0,0.0,0.0026,0.0,0.0002,0.0,0.0,0.0,0.0,0.0,0.0,0.0,0.0143,0.0,0.0,0.0
1994-12-28,0.0,0.0006,0.0064,0.0049,0.002,0.0064,0.0116,0.0058,0.0036,0.0087,0.0111,0.0067,0.0044,0.0033,0.0123,0.0084,0.0,0.0,0.0026,0.0042,0.0,0.0040999999999999995,0.0069,0.0034000000000000002,0.0049,0.0009,0.006999999999999999,0.0,0.004,0.006500000000000001
1994-12-29,0.0045000000000000005,0.0,0.0006,0.011899999999999999,0.0,0.0009,0.0,0.0,0.0034999999999999996,0.0,0.0,0.0,0.0,0.0,0.0,0.0,0.0,0.0,0.0002,0.0004,0.0042,0.0,0.0,0.0016,0.0,0.0,0.0,0.0,0.0,0.0
1994-12-30,0.0004,0.013300000000000001,0.0048,0.0,0.0,0.0,0.0,0.0033,0.0,0.0,0.0,0.0,0.0,0.0072,0.0018,0.0027,0.0,0.0121,0.0017000000000000001,0.0,0.0070999999999999995,0.0021,0.0073,0.0,0.0,0.0,0.0,0.0,0.0,0.0008
1995-01-03,0.0006,0.0,0.0,0.0,0.0036,0.0,0.0060999999999999995,0.0012,0.004699999999999999,0.0027,0.0,0.0106,0.006999999999999999,0.0018,0.003,0.0039000000000000003,0.0245,0.0,0.0,0.0,0.0016,0.0151,0.011899999999999999,0.0,0.0,0.0037,0.0068000000000000005,0.0017000000000000001,0.0,0.0078000000000000005
1995-01-04,0.0,0.0169,0.0,0.0009,0.0043,0.0037,0.0,0.0,0.0,0.0004,0.0014000000000000002,0.0,0.0,0.0007000000000000001,0.0,0.0,0.0334,0.0040999999999999995,0.0,0.0,0.0,0.0,0.0,0.0003,0.0,0.0,0.0,0.0004,0.0,0.0021
1995-01-05,0.0109,0.0059,0.0,0.0,0.0002,0.0087,0.0064,0.0,0.0026,0.0078000000000000005,0.0,0.0,0.0,0.0,0.0004,0.0,0.0,0.0,0.0,0.0018,0.0,0.0042,0.0,0.0011,0.0,0.001,0.0,0.0,0.0,0.0
1995-01-06,0.0,0.0,0.019799999999999998,0.0005,0.0,0.0005,0.0039000000000000003,0.0031,0.0,0.0159,0.0,0.0,0.0,0.0048,0.0,0.0,0.0097,0.0002,0.0032,0.0,0.0062,0.0,0.0,0.0,0.0,0.0,0.0,0.0,0.0,0.0
1995-01-09,0.0,0.0073,0.005699999999999999,0.0012,0.0024,0.0027,0.0045000000000000005,0.0063,0.0,0.0,0.0,0.0,0.0,0.0060999999999999995,0.0,0.0017000000000000001,0.0,0.0,0.006500000000000001,0.0,0.0,0.0,0.0,0.0,0.0,0.0018,0.0024,0.0,0.0,0.006
1995-01-10,0.0,0.0074,0.0,0.005699999999999999,0.0046,0.0,0.0095,0.0,0.0,0.0023,0.0025,0.0,0.0,0.0,0.0129,0.0,0.0,0.0046,0.002,0.0,0.0,0.0,0.0,0.0012,0.0029,0.0,0.0016,0.0,0.0,0.0
1995-01-11,0.001,0.0017000000000000001,0.0060999999999999995,0.0,0.0015,0.0036,0.0055000000000000005,0.0,0.0,0.0029,0.0,0.0028000000000000004,0.0,0.0,0.0026,0.0043,0.0,0.006500000000000001,0.0097,0.0031,0.0017000000000000001,0.0,0.0022,0.0012,0.0033,0.003,0.0,0.0025,0.0004,0.0
1995-01-12,0.0002,0.0,0.0,0.0,0.0,0.0,0.0,0.004699999999999999,0.0040999999999999995,0.0032,0.0,0.0,0.0004,0.0024,0.0,0.0,0.0,0.0,0.0009,0.0,0.0012,0.0,0.0,0.0049,0.0,0.0002,0.0019,0.0023,0.002,0.0022
1995-01-13,0.0,0.0,0.0,0.0,0.0,0.0,0.0,0.0,0.0,0.0028000000000000004,0.0,0.0,0.0,0.0,0.0,0.0,0.012199999999999999,0.0,0.0,0.0,0.0,0.0,0.0,0.0,0.0,0.0,0.0,0.0,0.0,0.0
1995-01-16,0.0024,0.0,0.0018,0.0,0.0,0.0,0.0,0.0,0.0,0.0,0.0001,0.0013,0.0,0.0,0.0,0.0,0.0075,0.0,0.0006,0.0,0.0,0.0,0.0,0.0,0.0,0.0,0.0003,0.0,0.0,0.0
1995-01-17,0.0006,0.0,0.0002,0.0,0.0,0.0,0.0,0.0,0.0,0.0,0.0,0.0,0.0,0.008199999999999999,0.008199999999999999,0.0,0.0,0.0038,0.0,0.0,0.0,0.0,0.0,0.0,0.0,0.0,0.0,0.0,0.0027,0.0
1995-01-18,0.0011,0.01,0.002,0.0063,0.0044,0.011200000000000002,0.005,0.0,0.0,0.0,0.003,0.0,0.0008,0.0,0.0181,0.0026,0.0,0.0,0.0,0.0007000000000000001,0.0027,0.0003,0.0,0.0024,0.0,0.0034000000000000002,0.0007000000000000001,0.0059,0.006500000000000001,0.0039000000000000003
1995-01-19,0.009399999999999999,0.0,0.013600000000000001,0.0063,0.005,0.0013,0.0029,0.0021,0.0046,0.0,0.006500000000000001,0.0052,0.0148,0.0197,0.012199999999999999,0.004699999999999999,0.0002,0.011000000000000001,0.0006,0.0048,0.0017000000000000001,0.0060999999999999995,0.0045000000000000005,0.006500000000000001,0.004699999999999999,0.0023,0.0070999999999999995,0.0098,0.0085,0.0015
1995-01-20,0.006500000000000001,0.0,0.0,0.0,0.0046,0.0,0.0032,0.0022,0.0058,0.0078000000000000005,0.0014000000000000002,0.015,0.0104,0.0006,0.0255,0.0045000000000000005,0.0059,0.0040999999999999995,0.0,0.0,0.0034000000000000002,0.0148,0.0152,0.0039000000000000003,0.0102,0.0032,0.0037,0.0,0.0053,0.0
1995-01-23,0.0,0.0,0.0,0.0042,0.0023,0.0,0.0,0.0,0.0101,0.0,0.0007000000000000001,0.006,0.0033,0.013300000000000001,0.002,0.0018,0.0189,0.0104,0.0,0.0,0.0,0.0018,0.006,0.0048,0.0,0.0,0.0,0.0,0.0,0.0004
1995-01-24,0.0007000000000000001,0.0052,0.0,0.0,0.0008,0.0,0.005,0.0,0.0,0.0,0.0034999999999999996,0.0014000000000000002,0.0,0.0,0.0118,0.0,0.0,0.0,0.005699999999999999,0.0,0.0,0.0,0.0,0.0023,0.0019,0.0,0.0,0.0,0.0,0.0003
1995-01-25,0.0,0.0,0.0036,0.0108,0.0,0.0,0.0,0.0,0.0024,0.0,0.0,0.0008,0.0,0.0,0.0,0.005699999999999999,0.0025,0.0,0.0,0.0,0.0,0.0026,0.018600000000000002,0.0,0.0,0.0,0.0,0.002,0.0,0.0
1995-01-26,0.0,0.0,0.001,0.0,0.0002,0.0,0.0019,0.0,0.0089,0.002,0.0,0.013500000000000002,0.0022,0.0,0.0218,0.0018,0.0039000000000000003,0.0359,0.0,0.0,0.0,0.0116,0.0070999999999999995,0.0019,0.0048,0.0025,0.0,0.0,0.0,0.0
1995-01-27,0.0,0.0,0.0,0.0,0.0012,0.0,0.0,0.0,0.0132,0.0021,0.0019,0.0235,0.0033,0.008100000000000001,0.0074,0.0002,0.026600000000000002,0.008,0.005699999999999999,0.0,0.0,0.0,0.0,0.011200000000000002,0.0,0.0,0.0,0.0,0.0,0.0021
1995-01-30,0.0042,0.0,0.0031,0.0,0.0036,0.0,0.0043,0.0,0.0187,0.0007000000000000001,0.0036,0.0305,0.0088,0.0,0.0113,0.0106,0.0,0.0088,0.01,0.0,0.0059,0.0101,0.0172,0.0118,0.0092,0.0083,0.0053,0.0,0.0,0.0029
1995-01-31,0.0,0.0,0.0042,0.0,0.0,0.0,0.008,0.0,0.0,0.0040999999999999995,0.0063,0.0038,0.0009,0.0,0.0,0.002,0.0131,0.009399999999999999,0.0027,0.0,0.0,0.0,0.0,0.0,0.0002,0.0004,0.0,0.0,0.0,0.0
1995-02-01,0.0019,0.0026,0.0,0.0,0.0016,0.0121,0.009300000000000001,0.0040999999999999995,0.0,0.002,0.0,0.0,0.0,0.004699999999999999,0.0,0.0,0.0,0.021400000000000002,0.0037,0.0014000000000000002,0.0029,0.0,0.0,0.0,0.0,0.0,0.0,0.0033,0.0,0.0008
1995-02-02,0.0,0.0,0.0,0.0021,0.0,0.0,0.0,0.0,0.0,0.0,0.0025,0.0022,0.0,0.0,0.0,0.0,0.0,0.0048,0.0,0.0,0.0,0.0,0.0,0.0,0.0013,0.0,0.0,0.0,0.0,0.0
1995-02-03,0.0,0.0,0.0,0.0,0.0,0.0,0.0,0.0,0.0,0.0,0.0,0.0,0.0,0.0,0.0,0.0,0.0123,0.0123,0.0,0.0,0.0,0.0,0.0,0.0,0.0,0.0,0.0,0.0,0.0,0.0
1995-02-06,0.0,0.0009,0.0077,0.0,0.0,0.0,0.0,0.0,0.0,0.0,0.0,0.0045000000000000005,0.0,0.0,0.0026,0.0006,0.0032,0.0,0.0,0.0,0.0,0.0,0.0,0.0,0.0,0.0,0.0,0.0,0.0,0.0
1995-02-07,0.0,0.0008,0.0012,0.0005,0.0,0.0021,0.0,0.0027,0.0,0.0,0.0,0.0,0.0025,0.0001,0.0019,0.0,0.0075,0.004699999999999999,0.0033,0.0,0.0009,0.0,0.0034999999999999996,0.0,0.0,0.0014000000000000002,0.0,0.0003,0.0011,0.019299999999999998
1995-02-08,0.0,0.0096,0.0038,0.0,0.0070999999999999995,0.0004,0.0,0.0,0.003,0.0023,0.0,0.006500000000000001,0.0016,0.0001,0.0072,0.0,0.0,0.0175,0.0,0.001,0.0,0.0,0.0,0.0,0.0,0.0,0.0,0.009899999999999999,0.0,0.0012
1995-02-09,0.0026,0.0079,0.0024,0.0013,0.0,0.0013,0.0,0.0048,0.0,0.0,0.0,0.0,0.0,0.0,0.0,0.0034999999999999996,0.0,0.0,0.004699999999999999,0.0097,0.0037,0.0,0.0,0.0,0.0,0.0,0.0015,0.0,0.0037,0.004699999999999999
1995-02-10,0.0,0.0,0.0,0.0,0.0,0.0,0.0,0.0,0.0,0.0,0.0051,0.0,0.0,0.0,0.0,0.0006,0.0005,0.0,0.001,0.0008,0.0,0.0,0.0,0.0,0.0,0.0,0.0022,0.0,0.0037,0.0
1995-02-13,0.0013,0.0111,0.0014000000000000002,0.0,0.0,0.0,0.0,0.0023,0.0,0.0,0.0,0.0,0.0,0.0,0.0,0.0,0.003,0.011899999999999999,0.0,0.0016,0.0032,0.0,0.0016,0.0,0.0,0.0,0.0,0.0,0.0029,0.0
1995-02-14,0.0,0.0,0.0,0.005,0.0011,0.003,0.0,0.0024,0.0,0.0007000000000000001,0.0,0.0,0.0,0.0002,0.0,0.0,0.0,0.0,0.0,0.0002,0.0023,0.005,0.0,0.0,0.0,0.0,0.0006,0.0028000000000000004,0.0,0.0019
1995-02-15,0.0078000000000000005,0.0,0.0108,0.0,0.0,0.0002,0.0002,0.0,0.0,0.0,0.0,0.0,0.0,0.0,0.0,0.0,0.0021,0.0,0.0,0.0,0.0,0.0,0.0,0.0,0.0,0.0,0.0,0.0016,0.0,0.0
1995-02-16,0.0,0.0,0.0,0.0019,0.0,0.0,0.0033,0.0007000000000000001,0.0034999999999999996,0.0037,0.0018,0.0,0.0013,0.0,0.0018,0.0070999999999999995,0.0,0.014499999999999999,0.0,0.0012,0.0111,0.0009,0.0,0.0037,0.0,0.005699999999999999,0.0,0.0049,0.0031,0.0062
1995-02-17,0.008,0.0068000000000000005,0.0022,0.0055000000000000005,0.0015,0.0011,0.0007000000000000001,0.0,0.004699999999999999,0.0066,0.0013,0.0078000000000000005,0.0037,0.009300000000000001,0.0060999999999999995,0.0054,0.0,0.0,0.0,0.0024,0.0113,0.0064,0.0203,0.0058,0.0025,0.0006,0.0066,0.0087,0.0024,0.0108
1995-02-21,0.0097,0.0,0.026600000000000002,0.008199999999999999,0.0,0.0,0.0,0.0029,0.0,0.0022,0.0,0.0012,0.0009,0.0,0.0,0.0,0.0,0.0226,0.0,0.0,0.0011,0.0043,0.0026,0.0,0.0,0.0,0.0027,0.0,0.0022,0.0
1995-02-22,0.0,0.0,0.0027,0.0,0.0,0.0031,0.0021,0.0,0.0024,0.0,0.0,0.0103,0.0,0.0,0.0,0.0,0.0,0.0105,0.0,0.0,0.0,0.0,0.0,0.0,0.0,0.0,0.0002,0.0033,0.0,0.0
1995-02-23,0.0,0.0,0.0,0.0,0.0,0.0,0.0,0.0,0.0,0.0008,0.0,0.0,0.0,0.0,0.0,0.0,0.0115,0.0,0.0009,0.0017000000000000001,0.0,0.0,0.0038,0.0,0.0,0.0,0.0004,0.0,0.0,0.0
1995-02-24,0.0,0.0,0.0,0.0,0.0,0.0,0.0,0.0,0.0006,0.0028000000000000004,0.0028000000000000004,0.0,0.0034000000000000002,0.009000000000000001,0.0002,0.001,0.005699999999999999,0.0,0.0012,0.0,0.0,0.0021,0.0008,0.0,0.0005,0.0,0.0,0.0,0.0,0.0012
1995-02-27,0.009399999999999999,0.009300000000000001,0.0,0.0068000000000000005,0.0051,0.0046,0.0128,0.0076,0.0023,0.0141,0.004699999999999999,0.0096,0.0076,0.0173,0.0091,0.0053,0.0055000000000000005,0.0058,0.0015,0.0055000000000000005,0.012,0.0067,0.0086,0.0038,0.0123,0.006999999999999999,0.0138,0.0084,0.008,0.006500000000000001
1995-02-28,0.0,0.0,0.0001,0.0,0.0,0.0,0.0,0.0,0.0,0.0,0.0,0.0026,0.0,0.0,0.0,0.0,0.0,0.01,0.0,0.0,0.0,0.0,0.0,0.0,0.0,0.0,0.0,0.0,0.0,0.0
1995-03-01,0.0,0.0,0.010700000000000001,0.0,0.0067,0.0032,0.0,0.002,0.0011,0.0022,0.0072,0.013500000000000002,0.0069,0.0029,0.027200000000000002,0.0,0.0172,0.0163,0.0027,0.0113,0.0072,0.0,0.0,0.0042,0.005,0.0011,0.0,0.0045000000000000005,0.0023,0.0033
1995-03-02,0.0,0.0042,0.0,0.0009,0.0012,0.0,0.0,0.0,0.0092,0.013000000000000001,0.0036,0.0005,0.0045000000000000005,0.0143,0.0089,0.0026,0.0,0.0,0.0,0.0085,0.0,0.0,0.0,0.011899999999999999,0.0017000000000000001,0.0004,0.0,0.0,0.0005,0.0013
1995-03-03,0.0,0.0,0.0021,0.0025,0.0009,0.0,0.0027,0.0,0.002,0.0,0.0,0.0,0.0,0.0008,0.0,0.0025,0.0084,0.0,0.0001,0.0014000000000000002,0.0033,0.0,0.0,0.0,0.0019,0.0,0.0004,0.006500000000000001,0.0019,0.0
1995-03-06,0.0,0.0,0.0,0.0,0.005,0.0022,0.0049,0.0,0.0039000000000000003,0.009000000000000001,0.0018,0.016,0.0,0.0053,0.010700000000000001,0.0013,0.0,0.0141,0.0,0.0059,0.0062,0.0,0.0,0.0060999999999999995,0.0044,0.0012,0.0070999999999999995,0.0,0.0049,0.0034000000000000002
1995-03-07,0.0085,0.0113,0.0,0.0161,0.0032,0.0121,0.0102,0.0077,0.0055000000000000005,0.0074,0.0108,0.009899999999999999,0.0075,0.0029,0.0,0.0085,0.0,0.0179,0.0027,0.0064,0.0038,0.005,0.0106,0.0098,0.011399999999999999,0.0097,0.0039000000000000003,0.0062,0.011699999999999999,0.0042
1995-03-08,0.0,0.0005,0.0,0.0,0.0016,0.0023,0.0,0.0005,0.0008,0.0,0.0,0.0,0.0,0.0,0.0,0.0,0.024399999999999998,0.0046,0.0,0.0,0.0,0.0,0.0001,0.0,0.0022,0.0,0.0024,0.0,0.0,0.0017000000000000001
1995-03-09,0.0,0.0001,0.0,0.0005,0.0,0.0,0.006,0.0029,0.0014000000000000002,0.0013,0.0,0.0085,0.0,0.0,0.0,0.0,0.0,0.0055000000000000005,0.0012,0.0011,0.0,0.0,0.0,0.0,0.0036,0.0001,0.0064,0.0011,0.001,0.0
1995-03-10,0.0,0.0,0.0,0.0,0.0,0.0,0.0,0.0,0.0,0.0,0.0,0.0,0.0,0.0,0.0,0.0,0.010700000000000001,0.0,0.0,0.0,0.0,0.0,0.0,0.0,0.0,0.0,0.0,0.0,0.0,0.0
1995-03-13,0.0,0.0,0.0,0.0141,0.0,0.0,0.0,0.0,0.0,0.0,0.0063,0.0064,0.0002,0.0018,0.0,0.0,0.0,0.0,0.0031,0.0026,0.0085,0.0,0.0,0.005699999999999999,0.0,0.0,0.0,0.0,0.0,0.0
1995-03-14,0.0,0.0,0.0019,0.0,0.0,0.0,0.003,0.0,0.0,0.0,0.0,0.0,0.0,0.0,0.0092,0.0,0.0,0.008,0.0046,0.0,0.0,0.0,0.0,0.0,0.0,0.0,0.0,0.0,0.0,0.0
1995-03-15,0.0011,0.0,0.0,0.0049,0.0027,0.0,0.0072,0.0001,0.0,0.0062,0.0076,0.0,0.0,0.0191,0.0036,0.0103,0.0,0.0,0.0033,0.003,0.0023,0.0040999999999999995,0.0038,0.0016,0.0069,0.0044,0.0,0.009300000000000001,0.0,0.0023
1995-03-16,0.0,0.0,0.008199999999999999,0.0,0.0,0.0,0.0,0.0,0.0,0.0,0.0,0.0007000000000000001,0.0,0.0,0.0,0.0,0.0028000000000000004,0.0072,0.0,0.0,0.0,0.0,0.0,0.0067,0.0,0.0,0.0,0.0,0.0,0.0
1995-03-17,0.0,0.0019,0.0,0.0,0.0011,0.0,0.0018,0.0,0.0,0.0254,0.0,0.008100000000000001,0.0,0.0077,0.0102,0.0,0.0,0.0,0.0,0.004,0.0022,0.0023,0.0055000000000000005,0.0,0.0,0.0,0.0019,0.0,0.0039000000000000003,0.0
1995-03-20,0.0,0.004699999999999999,0.0,0.0,0.0,0.0,0.0076,0.0,0.0,0.0039000000000000003,0.0,0.0096,0.0,0.0023,0.0086,0.0048,0.0,0.0021,0.0017000000000000001,0.0073,0.003,0.0,0.0,0.0,0.0,0.0,0.0,0.0,0.0006,0.0
1995-03-21,0.0032,0.0,0.0,0.0,0.0,0.0,0.0048,0.0,0.0028000000000000004,0.0,0.0043,0.0109,0.0023,0.0,0.0069,0.0,0.0092,0.0085,0.0063,0.003,0.009899999999999999,0.0,0.0016,0.0,0.0079,0.001,0.0015,0.0,0.0034999999999999996,0.0016
1995-03-22,0.0029,0.0,0.0069,0.0,0.0060999999999999995,0.0019,0.0,0.002,0.0006,0.002,0.002,0.0,0.0005,0.0,0.0,0.0036,0.0,0.0113,0.0,0.0008,0.0,0.0038,0.0,0.0005,0.0034000000000000002,0.0044,0.0006,0.004699999999999999,0.0,0.0017000000000000001
1995-03-23,0.0012,0.008100000000000001,0.0028000000000000004,0.0,0.0022,0.0,0.0,0.0,0.0,0.0014000000000000002,0.0,0.0024,0.0,0.0015,0.0,0.0,0.0,0.0054,0.0,0.001,0.0,0.0,0.0,0.0,0.0022,0.0,0.006,0.0,0.0,0.0002
1995-03-24,0.0,0.005,0.0,0.0,0.0,0.0,0.0,0.0,0.0,0.0,0.0,0.0,0.0,0.0,0.0,0.0,0.0052,0.0,0.0,0.0,0.0,0.0,0.0,0.0,0.0,0.0,0.0,0.0,0.0,0.0
1995-03-27,0.0,0.0009,0.0,0.0,0.0,0.0029,0.0,0.0,0.0,0.0016,0.0037,0.0,0.0,0.0046,0.0,0.0,0.0,0.0,0.0,0.0,0.0,0.0,0.0,0.0023,0.0,0.0,0.0,0.0076,0.0,0.0
1995-03-28,0.004699999999999999,0.0053,0.0062,0.0005,0.0032,0.0,0.0,0.0,0.0,0.0013,0.0,0.0,0.0017000000000000001,0.0,0.0004,0.0,0.0,0.0036,0.0044,0.0034999999999999996,0.0,0.0,0.0,0.0026,0.0002,0.0024,0.0,0.0,0.0,0.0
1995-03-29,0.0060999999999999995,0.0,0.0,0.0062,0.0,0.0087,0.0018,0.0105,0.0,0.0,0.0,0.0,0.0,0.0,0.0,0.0,0.0039000000000000003,0.0129,0.0,0.0,0.0037,0.009899999999999999,0.0132,0.0,0.0028000000000000004,0.0022,0.0,0.0025,0.0006,0.0
1995-03-30,0.0075,0.0146,0.0,0.0,0.0,0.0043,0.0,0.0126,0.0,0.0,0.0,0.0,0.0,0.0039000000000000003,0.0,0.0,0.0,0.0,0.0,0.0,0.0049,0.005600000000000001,0.0131,0.0,0.0,0.0,0.0,0.0,0.0001,0.0
1995-03-31,0.009300000000000001,0.0031,0.0137,0.0060999999999999995,0.0005,0.0034000000000000002,0.0,0.0013,0.0040999999999999995,0.0,0.0,0.005600000000000001,0.0,0.012199999999999999,0.0178,0.0,0.0,0.0,0.0,0.0,0.0102,0.0048,0.002,0.0017000000000000001,0.0078000000000000005,0.0006,0.0,0.011200000000000002,0.0046,0.0
1995-04-03,0.0,0.0,0.0011,0.0,0.001,0.006500000000000001,0.0,0.0,0.0017000000000000001,0.0123,0.0,0.004699999999999999,0.0014000000000000002,0.0,0.0,0.0036,0.0,0.0,0.0104,0.0,0.0,0.0015,0.0,0.0028000000000000004,0.0,0.0009,0.0,0.0019,0.0,0.0005
1995-04-04,0.0,0.0,0.0,0.0,0.0,0.0,0.0,0.0,0.0,0.0,0.0,0.0009,0.0,0.0,0.018500000000000003,0.0,0.0103,0.037000000000000005,0.0,0.0,0.0,0.008,0.0070999999999999995,0.0,0.0,0.0,0.0,0.0,0.0,0.0
1995-04-05,0.0,0.0007000000000000001,0.018000000000000002,0.0023,0.0034999999999999996,0.0027,0.0,0.0025,0.0,0.0,0.0,0.0,0.0015,0.0,0.0,0.0066,0.0,0.0024,0.0,0.0,0.0,0.0015,0.0,0.0016,0.0060999999999999995,0.0,0.0,0.0025,0.0,0.0014000000000000002
1995-04-06,0.0,0.0,0.0,0.0005,0.0022,0.0,0.0,0.0,0.0,0.0,0.006,0.0042,0.0,0.0,0.0,0.0,0.009899999999999999,0.0,0.011200000000000002,0.0005,0.0,0.008199999999999999,0.001,0.0,0.0,0.0,0.011000000000000001,0.0,0.0,0.0
1995-04-07,0.0,0.0,0.0124,0.0,0.0,0.0003,0.0028000000000000004,0.0028000000000000004,0.0103,0.0,0.0,0.0022,0.0,0.0049,0.0,0.0,0.0046,0.0059,0.0064,0.0,0.0,0.0,0.0,0.0,0.0031,0.0014000000000000002,0.0034999999999999996,0.0002,0.0002,0.0019
1995-04-10,0.0,0.0001,0.0037,0.0,0.0048,0.0,0.0,0.0,0.0,0.0,0.0,0.0,0.0,0.0,0.0,0.0,0.0126,0.0079,0.0,0.0026,0.0,0.0,0.0,0.0007000000000000001,0.0,0.0,0.0,0.0040999999999999995,0.0,0.0032
1995-04-11,0.0016,0.0063,0.0040999999999999995,0.0,0.0038,0.0084,0.0011,0.0,0.0005,0.0,0.005699999999999999,0.0006,0.0034999999999999996,0.0037,0.0028000000000000004,0.0016,0.0,0.0,0.0014000000000000002,0.0022,0.0032,0.0,0.0,0.0048,0.0,0.0004,0.009399999999999999,0.0053,0.003,0.0
1995-04-12,0.0,0.0,0.0,0.0036,0.0,0.0,0.0,0.0,0.0,0.0023,0.0,0.0,0.0,0.0,0.0,0.0,0.0,0.0040999999999999995,0.0,0.0026,0.0,0.0,0.0,0.0,0.0,0.0,0.0025,0.0,0.0,0.0
1995-04-13,0.0,0.0005,0.0068000000000000005,0.0027,0.0008,0.0,0.0,0.0,0.0045000000000000005,0.0,0.0009,0.0,0.0,0.0,0.0074,0.0,0.0121,0.0109,0.0,0.0,0.0,0.0,0.0,0.0,0.0,0.0,0.0,0.0,0.0,0.0
1995-04-17,0.0085,0.0165,0.0155,0.0083,0.0019,0.0037,0.008100000000000001,0.004,0.0031,0.0103,0.0077,0.0042,0.0032,0.0163,0.0,0.0,0.0,0.0148,0.0001,0.0104,0.013500000000000002,0.0,0.0037,0.0146,0.0054,0.0068000000000000005,0.0060999999999999995,0.0053,0.0018,0.0
1995-04-18,0.0089,0.0,0.0121,0.0003,0.0064,0.0,0.009899999999999999,0.0032,0.0097,0.0026,0.0,0.0033,0.0009,0.0,0.0123,0.0176,0.0,0.0083,0.0,0.0,0.0067,0.0070999999999999995,0.0022,0.0121,0.006500000000000001,0.0067,0.0075,0.009000000000000001,0.0009,0.0118
1995-04-19,0.0,0.0074,0.0084,0.0068000000000000005,0.0051,0.0,0.017,0.0155,0.0005,0.001,0.0,0.005699999999999999,0.0,0.0,0.0,0.0,0.011899999999999999,0.0,0.0,0.0,0.0,0.0102,0.0129,0.0,0.0034999999999999996,0.0,0.0027,0.0,0.0052,0.0
1995-04-20,0.0,0.008,0.011699999999999999,0.0,0.0002,0.0,0.0013,0.0008,0.0,0.0,0.0,0.0,0.0,0.0104,0.0051,0.0,0.0141,0.0,0.0,0.0,0.0038,0.0,0.0,0.0,0.0,0.0,0.0029,0.004,0.0025,0.0
1995-04-21,0.0,0.0,0.0,0.0,0.0,0.0,0.0,0.0,0.0,0.0,0.0,0.0,0.0,0.0,0.0024,0.0,0.0007000000000000001,0.005600000000000001,0.0,0.0,0.0,0.0,0.0,0.0,0.0,0.0,0.0,0.0,0.0,0.0
1995-04-24,0.0,0.0,0.0,0.0,0.0,0.0,0.0,0.0,0.0,0.0,0.0,0.0,0.0,0.0,0.0,0.0,0.0,0.0,0.0,0.0,0.0,0.0,0.0,0.0,0.0,0.0,0.0,0.0,0.0,0.0
1995-04-25,0.0,0.0028000000000000004,0.0124,0.0,0.0,0.0137,0.0011,0.008,0.0,0.001,0.0,0.011699999999999999,0.0,0.0,0.0,0.0083,0.0,0.0069,0.0,0.0002,0.0,0.0,0.0,0.0062,0.0,0.0022,0.0138,0.0011,0.0017000000000000001,0.0025
1995-04-26,0.0038,0.0009,0.0,0.0,0.013500000000000002,0.0,0.0,0.0,0.0,0.0,0.0,0.024700000000000003,0.0,0.0,0.0154,0.0,0.0208,0.0183,0.0027,0.0005,0.0,0.0,0.0,0.0,0.0,0.0011,0.0,0.0,0.0,0.0032
1995-04-27,0.0031,0.006500000000000001,0.0,0.0,0.0,0.0051,0.0,0.0026,0.0,0.0055000000000000005,0.0,0.0,0.0,0.0,0.0013,0.0007000000000000001,0.0,0.0,0.0,0.0002,0.0,0.0,0.0,0.0,0.0,0.0,0.0,0.0,0.0,0.0
1995-04-28,0.0,0.0,0.0006,0.0102,0.0,0.0,0.0048,0.0,0.0016,0.0,0.0,0.0,0.0,0.0051,0.0,0.0084,0.0101,0.0048,0.0009,0.0,0.0,0.0,0.0014000000000000002,0.0015,0.0,0.0,0.0,0.0017000000000000001,0.003,0.0043
1995-05-01,0.0001,0.0016,0.0,0.011000000000000001,0.0007000000000000001,0.005600000000000001,0.0004,0.0031,0.0,0.0,0.0,0.0044,0.0003,0.0,0.0026,0.0,0.0,0.0026,0.0,0.0028000000000000004,0.0014000000000000002,0.0028000000000000004,0.0084,0.0008,0.0033,0.004699999999999999,0.0144,0.0002,0.0002,0.0
1995-05-02,0.0,0.0,0.0,0.0,0.0,0.0,0.0007000000000000001,0.0,0.0,0.0028000000000000004,0.0,0.0,0.0,0.0013,0.0096,0.0,0.0,0.0,0.0038,0.0009,0.0,0.0045000000000000005,0.0,0.0,0.0049,0.0,0.0,0.0,0.0,0.0013
1995-05-03,0.0,0.0,0.0,0.0,0.0,0.0,0.0,0.0,0.0,0.0,0.0,0.0,0.0,0.0,0.0001,0.0,0.0034000000000000002,0.016200000000000003,0.0,0.0,0.0,0.0,0.0,0.0,0.0,0.0,0.0,0.0,0.0,0.0
1995-05-04,0.0097,0.0,0.0103,0.0048,0.0036,0.0,0.008100000000000001,0.0028000000000000004,0.0038,0.0026,0.0027,0.0125,0.0017000000000000001,0.0,0.013300000000000001,0.0,0.0,0.0118,0.0,0.0,0.0012,0.0001,0.0,0.0,0.0129,0.0,0.0021,0.0075,0.0,0.0
1995-05-05,0.0,0.0,0.0,0.0022,0.0,0.004,0.0045000000000000005,0.0021,0.0,0.0,0.0,0.0173,0.0059,0.0,0.0,0.0052,0.0118,0.008,0.0,0.0,0.0011,0.0118,0.008199999999999999,0.010700000000000001,0.0152,0.0026,0.0011,0.0,0.0,0.0023
1995-05-08,0.0,0.0,0.0,0.0,0.0,0.0,0.0,0.0,0.0,0.0,0.0,0.0,0.0,0.0,0.0,0.0004,0.0,0.012199999999999999,0.0,0.0,0.0,0.0,0.0,0.0,0.0,0.0,0.0,0.0,0.0,0.0
1995-05-09,0.0012,0.0002,0.0,0.0,0.0,0.0031,0.0008,0.0025,0.0,0.0,0.0,0.0077,0.0,0.0,0.0,0.0,0.029500000000000002,0.0,0.0033,0.0,0.0,0.0005,0.0003,0.0,0.0015,0.0004,0.0014000000000000002,0.0,0.0,0.0
1995-05-10,0.003,0.0,0.0,0.0073,0.0003,0.005699999999999999,0.0,0.002,0.0,0.0,0.001,0.0,0.0,0.0,0.0,0.0074,0.0089,0.0,0.0,0.0,0.0069,0.0001,0.0,0.0,0.0011,0.0,0.0,0.0,0.0,0.0
1995-05-11,0.0,0.0066,0.0,0.0,0.0,0.0,0.0,0.0,0.0,0.0,0.0011,0.0,0.0,0.0096,0.0124,0.0,0.0058,0.0014000000000000002,0.008100000000000001,0.0040999999999999995,0.0009,0.0,0.0,0.0,0.0,0.0,0.0,0.0,0.0,0.0
1995-05-12,0.004,0.025699999999999997,0.0102,0.0,0.0,0.008100000000000001,0.0,0.018500000000000003,0.0,0.0,0.0,0.0,0.0,0.0,0.0,0.0,0.0,0.0,0.0003,0.0,0.0,0.0,0.0,0.0,0.0,0.0,0.0,0.0,0.0,0.0
1995-05-15,0.0005,0.0027,0.0,0.0,0.0,0.0,0.0,0.006,0.0,0.0,0.0,0.0,0.0,0.0179,0.0,0.0,0.0,0.0,0.0,0.0,0.0,0.0,0.0,0.0005,0.0,0.0002,0.0,0.0,0.0,0.0
1995-05-16,0.0044,0.0074,0.0001,0.0,0.0,0.0,0.0008,0.0,0.0,0.0,0.0,0.0,0.0,0.009000000000000001,0.0008,0.0,0.0017000000000000001,0.0,0.0,0.0,0.012,0.0,0.0,0.0,0.0,0.0,0.0097,0.006,0.0,0.0
1995-05-17,0.0043,0.0,0.009300000000000001,0.0034000000000000002,0.0,0.0012,0.001,0.0,0.0139,0.0048,0.0025,0.0066,0.0,0.0,0.0083,0.0012,0.0,0.0,0.0,0.0040999999999999995,0.0079,0.0,0.0,0.0073,0.0101,0.0033,0.0084,0.0,0.004,0.0018
1995-05-18,0.013500000000000002,0.015,0.0194,0.0199,0.0097,0.0131,0.0085,0.014199999999999999,0.013600000000000001,0.0054,0.0184,0.008199999999999999,0.016,0.015300000000000001,0.024700000000000003,0.019,0.0,0.005,0.0102,0.009899999999999999,0.0146,0.0167,0.011699999999999999,0.021099999999999997,0.0072,0.0089,0.0095,0.0177,0.009399999999999999,0.0152
1995-05-19,0.0,0.0,0.0002,0.0004,0.0043,0.0001,0.0001,0.0,0.0,0.0033,0.0013,0.0,0.0067,0.0013,0.0,0.0070999999999999995,0.0058,0.0040999999999999995,0.0066,0.0009,0.0,0.0005,0.0018,0.0025,0.0058,0.0026,0.0,0.0077,0.0044,0.0083
1995-05-22,0.0,0.0,0.0,0.0,0.0,0.0,0.0,0.0,0.0,0.0,0.0,0.0,0.0,0.0,0.0,0.0,0.0091,0.0026,0.0,0.0,0.0,0.0,0.0,0.0,0.0,0.0,0.0,0.0,0.0,0.0
1995-05-23,0.0,0.0,0.0,0.0,0.0,0.0,0.0,0.0,0.0,0.0,0.0,0.0,0.0005,0.0,0.0,0.0,0.0,0.0,0.0,0.0,0.0021,0.0,0.0,0.0,0.0,0.0,0.0,0.0,0.0,0.0
1995-05-24,0.0,0.0,0.0,0.0,0.003,0.0,0.0089,0.0,0.0028000000000000004,0.0069,0.0,0.004,0.0016,0.0064,0.013500000000000002,0.0,0.0,0.0,0.0,0.0,0.0067,0.0024,0.009000000000000001,0.0015,0.0034999999999999996,0.0,0.005699999999999999,0.0070999999999999995,0.0,0.0058
1995-05-25,0.0,0.0,0.0,0.0022,0.005699999999999999,0.0,0.0076,0.0,0.0045000000000000005,0.0015,0.0113,0.0166,0.0055000000000000005,0.0083,0.0066,0.0064,0.0013,0.0,0.003,0.0,0.0,0.0,0.0002,0.0131,0.008199999999999999,0.0005,0.003,0.0,0.0023,0.0009
1995-05-26,0.0137,0.0038,0.0018,0.0033,0.0,0.0067,0.0049,0.0072,0.0070999999999999995,0.0,0.0089,0.0073,0.0158,0.0033,0.0040999999999999995,0.005,0.0,0.0,0.013600000000000001,0.0016,0.0046,0.013999999999999999,0.015600000000000001,0.006,0.008,0.0054,0.0127,0.0042,0.005600000000000001,0.006
1995-05-30,0.0,0.0,0.0029,0.0037,0.0036,0.0024,0.0021,0.0004,0.0008,0.0055000000000000005,0.0014000000000000002,0.0039000000000000003,0.0031,0.0,0.0,0.0,0.0169,0.015,0.0,0.0,0.0,0.025699999999999997,0.0279,0.0,0.0,0.0027,0.0,0.0,0.0001,0.0
1995-05-31,0.0,0.0,0.0,0.0,0.0,0.0,0.0,0.0,0.0,0.0,0.0,0.0,0.0,0.0,0.0,0.0,0.0,0.0104,0.0,0.0,0.0,0.0,0.0,0.0,0.0,0.0,0.0,0.0,0.0,0.0
1995-06-01,0.0040999999999999995,0.0118,0.0055000000000000005,0.0,0.0004,0.0003,0.0,0.0,0.0009,0.0,0.0002,0.0,0.0,0.0,0.0,0.0,0.0,0.0,0.0,0.0032,0.0048,0.0,0.0,0.0006,0.0042,0.0,0.0017000000000000001,0.002,0.0,0.0053
1995-06-02,0.0,0.004699999999999999,0.0019,0.0049,0.0,0.0072,0.0,0.0,0.0116,0.0014000000000000002,0.0074,0.0144,0.0072,0.0174,0.0053,0.0019,0.0182,0.0,0.0096,0.0,0.003,0.0019,0.0,0.0042,0.0177,0.0037,0.0,0.01,0.0,0.001
1995-06-05,0.0,0.0084,0.006500000000000001,0.0,0.0,0.0,0.0,0.0,0.0,0.0,0.0,0.0,0.0,0.0,0.0,0.0,0.0,0.0,0.0,0.0,0.0,0.0,0.0,0.0,0.0,0.0,0.0,0.0018,0.0,0.0
1995-06-06,0.0009,0.0021,0.0129,0.0,0.0049,0.0,0.0,0.0,0.0,0.0,0.0,0.0,0.0006,0.0025,0.0018,0.0022,0.0072,0.002,0.0,0.001,0.0039000000000000003,0.0062,0.006500000000000001,0.0,0.0,0.0,0.0,0.004,0.0006,0.0
1995-06-07,0.0024,0.0001,0.012,0.0063,0.0033,0.002,0.0,0.0026,0.0021,0.009300000000000001,0.0037,0.0,0.0042,0.0034999999999999996,0.0076,0.0029,0.0,0.0167,0.0013,0.011200000000000002,0.0068000000000000005,0.0,0.0017000000000000001,0.001,0.0,0.0003,0.0,0.003,0.0075,0.0
1995-06-08,0.0043,0.0,0.0,0.0034000000000000002,0.0,0.0,0.0019,0.0,0.0029,0.006,0.0,0.0002,0.0,0.0063,0.0023,0.0,0.0,0.0,0.0025,0.010700000000000001,0.0,0.0,0.0,0.0,0.0039000000000000003,0.0009,0.0,0.0014000000000000002,0.0077,0.0
1995-06-09,0.011000000000000001,0.008199999999999999,0.005699999999999999,0.0007000000000000001,0.0051,0.009300000000000001,0.0017000000000000001,0.0068000000000000005,0.0087,0.0027,0.0078000000000000005,0.006500000000000001,0.0051,0.0189,0.0105,0.0089,0.0,0.0,0.0046,0.010700000000000001,0.0038,0.0,0.0014000000000000002,0.0079,0.0009,0.0078000000000000005,0.0052,0.0,0.0126,0.0189
1995-06-12,0.0,0.0,0.0,0.0,0.0,0.0,0.0,0.0,0.0,0.0,0.0,0.0001,0.0,0.0,0.0,0.0,0.0073,0.0,0.0,0.0,0.0,0.0,0.0,0.0,0.0,0.0,0.0,0.0,0.0,0.0
1995-06-13,0.0,0.0,0.0026,0.0,0.0,0.0,0.0,0.0,0.0028000000000000004,0.014199999999999999,0.0,0.0,0.0,0.0,0.0,0.0,0.0001,0.0165,0.0,0.0,0.0,0.0,0.0,0.0,0.0,0.0,0.0,0.0,0.0,0.0
1995-06-14,0.0,0.0,0.0031,0.0066,0.0011,0.0,0.0029,0.0014000000000000002,0.008199999999999999,0.0052,0.0028000000000000004,0.0,0.0,0.0,0.0,0.0014000000000000002,0.0,0.0,0.0,0.0034999999999999996,0.0,0.0,0.0,0.0,0.0008,0.0025,0.0,0.0,0.0033,0.0
1995-06-15,0.0,0.0,0.0013,0.0027,0.0,0.0,0.0,0.0,0.0,0.0036,0.0085,0.0,0.0,0.0,0.0011,0.0,0.0,0.0075,0.0,0.003,0.0,0.0,0.0,0.0087,0.0002,0.0008,0.004,0.0,0.001,0.0
1995-06-16,0.0,0.0,0.0025,0.0037,0.0,0.0,0.0,0.0,0.0,0.0,0.0,0.0,0.0,0.003,0.0037,0.0,0.0001,0.0086,0.0,0.0013,0.0,0.0,0.0,0.0,0.0,0.0,0.0,0.0016,0.0011,0.0
1995-06-19,0.0,0.0,0.0,0.0,0.0,0.0,0.0,0.0,0.0,0.0076,0.0,0.0,0.0,0.0,0.0,0.0,0.0,0.009899999999999999,0.0033,0.0,0.0,0.0,0.0,0.0,0.0,0.0,0.0,0.0,0.0,0.0
1995-06-20,0.0,0.0,0.0,0.006999999999999999,0.0102,0.0066,0.0023,0.0029,0.002,0.003,0.0018,0.0,0.0032,0.009000000000000001,0.0,0.0,0.0151,0.0,0.0166,0.001,0.0044,0.0,0.0,0.0037,0.0012,0.0007000000000000001,0.0033,0.0059,0.0,0.0026
1995-06-21,0.0013,0.0,0.0,0.0,0.0043,0.0018,0.0,0.0,0.004,0.0,0.0,0.003,0.008100000000000001,0.0016,0.0,0.0034999999999999996,0.0,0.0126,0.016,0.0016,0.0013,0.0032,0.0087,0.0,0.0,0.0016,0.0,0.0,0.0,0.0
1995-06-22,0.0,0.0,0.0,0.0,0.0,0.0,0.0,0.0,0.0,0.0,0.0,0.0,0.0,0.0,0.0032,0.0,0.0,0.0115,0.0002,0.0,0.0,0.0,0.0,0.0,0.0,0.0,0.0,0.0,0.0,0.0
1995-06-23,0.0045000000000000005,0.0,0.0070999999999999995,0.0,0.0,0.013000000000000001,0.0098,0.0031,0.0009,0.0063,0.0091,0.0,0.0019,0.0028000000000000004,0.0033,0.0005,0.0,0.0,0.0,0.006999999999999999,0.008199999999999999,0.0026,0.0,0.0,0.0003,0.0001,0.0016,0.0064,0.005,0.0053
1995-06-26,0.0066,0.0,0.0051,0.027000000000000003,0.0086,0.0023,0.0018,0.0116,0.008100000000000001,0.0111,0.0028000000000000004,0.0028000000000000004,0.0075,0.004699999999999999,0.0027,0.0141,0.015600000000000001,0.0144,0.005600000000000001,0.0060999999999999995,0.0155,0.0141,0.013000000000000001,0.0070999999999999995,0.011000000000000001,0.0034999999999999996,0.018000000000000002,0.0084,0.0097,0.0016
1995-06-27,0.0,0.0161,0.0051,0.009300000000000001,0.0034999999999999996,0.0,0.0036,0.0118,0.0004,0.0004,0.0052,0.0,0.0,0.0001,0.0,0.0026,0.0009,0.0,0.0,0.0,0.0,0.0121,0.0158,0.0044,0.0,0.0,0.0008,0.0,0.0076,0.0
1995-06-28,0.0006,0.002,0.0,0.0,0.0,0.0002,0.0,0.0,0.0,0.0,0.0,0.0,0.0013,0.0,0.0,0.0,0.010700000000000001,0.0,0.0,0.0,0.0,0.0001,0.003,0.0003,0.0,0.0,0.0,0.0,0.0,0.0032
1995-06-29,0.0034999999999999996,0.0031,0.0051,0.0049,0.0005,0.0046,0.0003,0.0,0.0,0.0,0.0,0.0,0.0,0.0098,0.0032,0.0,0.0,0.0172,0.006,0.0073,0.004699999999999999,0.0,0.0,0.0,0.0048,0.0,0.0021,0.0,0.0043,0.0
1995-06-30,0.0,0.0022,0.0009,0.0001,0.0,0.0,0.0,0.0012,0.0,0.0,0.0,0.0,0.0,0.0,0.005,0.0,0.009300000000000001,0.0,0.009399999999999999,0.0031,0.0,0.0,0.0,0.0,0.0,0.0,0.0,0.0,0.0,0.0
1995-07-03,0.0,0.0,0.0,0.0,0.0002,0.0,0.0,0.0,0.0,0.0028000000000000004,0.0,0.0,0.0,0.0,0.0,0.0066,0.0,0.0052,0.0,0.0,0.0,0.0,0.0,0.0,0.0,0.0,0.0012,0.0001,0.0,0.0
1995-07-05,0.0018,0.015300000000000001,0.0016,0.0,0.0,0.0046,0.0,0.0069,0.0,0.0,0.0,0.0,0.0,0.0,0.0,0.0,0.0,0.0,0.0058,0.0022,0.0,0.0,0.0,0.0,0.0,0.0,0.0,0.0,0.0,0.0
1995-07-06,0.0,0.0,0.0,0.0,0.0,0.0036,0.0,0.0,0.0,0.0,0.0,0.0,0.0,0.0,0.0,0.0,0.0,0.0,0.0,0.0,0.0,0.0,0.0,0.0,0.0,0.0,0.0,0.0022,0.0,0.0
1995-07-07,0.0084,0.0132,0.006999999999999999,0.0023,0.0,0.0007000000000000001,0.0,0.019299999999999998,0.0,0.0,0.0,0.0,0.0,0.0,0.0,0.0,0.0,0.0,0.0,0.0068000000000000005,0.0,0.0,0.0,0.0,0.0,0.0,0.0,0.0028000000000000004,0.0,0.0
1995-07-10,0.0087,0.0,0.0019,0.0128,0.0018,0.0,0.0,0.0,0.0,0.0,0.0,0.008199999999999999,0.0,0.0029,0.0,0.0,0.0,0.0038,0.0045000000000000005,0.0027,0.010700000000000001,0.0,0.0,0.0,0.0,0.0002,0.0036,0.0,0.0,0.0
1995-07-11,0.0,0.0,0.004,0.0070999999999999995,0.0015,0.0,0.0026,0.0,0.009300000000000001,0.0021,0.0101,0.0106,0.0051,0.011200000000000002,0.0148,0.0,0.0,0.0027,0.0,0.002,0.0004,0.0088,0.0106,0.0141,0.0134,0.0031,0.0036,0.0011,0.0014000000000000002,0.0
1995-07-12,0.0,0.0,0.0034999999999999996,0.0,0.0,0.0,0.0027,0.0,0.0,0.0,0.0,0.0,0.0,0.0,0.0,0.0,0.0,0.0015,0.0,0.0,0.0,0.0,0.0,0.0,0.0,0.0,0.0,0.0,0.0,0.0
1995-07-13,0.0053,0.001,0.009000000000000001,0.0,0.0016,0.0058,0.0,0.0,0.0043,0.005600000000000001,0.005600000000000001,0.0,0.0,0.0079,0.0055000000000000005,0.0,0.0143,0.013500000000000002,0.0,0.0033,0.0066,0.0,0.0,0.0054,0.0,0.0006,0.0038,0.0,0.0,0.0
1995-07-14,0.0064,0.0070999999999999995,0.0014000000000000002,0.0,0.0007000000000000001,0.0062,0.0,0.0,0.0048,0.0032,0.0067,0.0021,0.0009,0.0055000000000000005,0.001,0.0051,0.0,0.0,0.0039000000000000003,0.0046,0.0032,0.0,0.0,0.0044,0.0083,0.0023,0.0,0.0015,0.0040999999999999995,0.0026
1995-07-17,0.0,0.0011,0.0,0.0,0.0,0.0029,0.0007000000000000001,0.0,0.0,0.0,0.0,0.0062,0.0,0.0,0.0005,0.0,0.0,0.0,0.0,0.0,0.0,0.0,0.0,0.0,0.0,0.0007000000000000001,0.0,0.0,0.0025,0.0072
1995-07-18,0.0040999999999999995,0.0,0.0059,0.0076,0.0046,0.0113,0.0039000000000000003,0.0,0.0086,0.0049,0.0128,0.0195,0.0129,0.0077,0.0175,0.0053,0.0128,0.0091,0.0044,0.0,0.0027,0.0285,0.0235,0.0147,0.0074,0.0031,0.0013,0.0098,0.0040999999999999995,0.0074
1995-07-19,0.0031,0.0,0.0095,0.013600000000000001,0.0092,0.0143,0.0178,0.0087,0.0139,0.0134,0.016200000000000003,0.0219,0.0231,0.0166,0.0197,0.019799999999999998,0.0268,0.024,0.0001,0.0069,0.0004,0.0407,0.050499999999999996,0.0144,0.0204,0.0178,0.0074,0.015,0.0146,0.0111
1995-07-20,0.0,0.0106,0.0,0.0,0.0,0.0038,0.0,0.004,0.0,0.0,0.0,0.0,0.0,0.0,0.0005,0.0,0.006500000000000001,0.0,0.0,0.0,0.0,0.0,0.0,0.0,0.0,0.0,0.0,0.0,0.0,0.0007000000000000001
1995-07-21,0.0,0.0,0.0092,0.0,0.0,0.0009,0.0,0.0,0.0,0.0,0.0,0.0166,0.0,0.0,0.0039000000000000003,0.0,0.0,0.0037,0.0,0.0023,0.0016,0.0055000000000000005,0.0,0.0077,0.0,0.0,0.0002,0.0,0.0049,0.0
1995-07-24,0.0013,0.0,0.0,0.0008,0.0027,0.0,0.0,0.0,0.0,0.0,0.0,0.0,0.0,0.0022,0.0,0.0,0.0,0.0040999999999999995,0.0,0.0,0.0,0.0,0.0,0.0,0.0,0.0,0.0022,0.0,0.0,0.0
1995-07-25,0.0,0.0,0.0032,0.0,0.0,0.0,0.0,0.0,0.0,0.0001,0.0,0.0,0.0,0.0,0.0,0.0,0.008,0.0018,0.0039000000000000003,0.0,0.0,0.0,0.0,0.0,0.0,0.0,0.0,0.0,0.0,0.0
1995-07-26,0.0,0.0,0.0078000000000000005,0.0,0.0006,0.0,0.0,0.0,0.0095,0.0,0.0,0.012199999999999999,0.0,0.0046,0.0052,0.0034999999999999996,0.0,0.0,0.0,0.0006,0.0,0.0,0.0,0.013600000000000001,0.0,0.0,0.0,0.002,0.0,0.0005
1995-07-27,0.0116,0.0043,0.0,0.0,0.0,0.0,0.0,0.0,0.0,0.0,0.0,0.0,0.0,0.0003,0.0,0.0,0.017,0.01,0.0,0.0,0.0,0.0,0.0,0.0,0.0,0.0,0.0,0.0,0.0,0.0
1995-07-28,0.0002,0.0033,0.0034000000000000002,0.0,0.0006,0.0045000000000000005,0.0,0.0,0.0027,0.0012,0.0028000000000000004,0.0,0.0019,0.0079,0.0074,0.0,0.0,0.0,0.0097,0.004699999999999999,0.0,0.009899999999999999,0.0092,0.0,0.0016,0.0,0.0037,0.0032,0.0,0.0046
1995-07-31,0.0037,0.0014000000000000002,0.0003,0.0,0.0,0.005600000000000001,0.0062,0.0,0.002,0.0,0.0055000000000000005,0.0,0.0,0.0,0.0013,0.0113,0.0018,0.0,0.0,0.0,0.0,0.0060999999999999995,0.011899999999999999,0.0,0.004,0.0022,0.0063,0.0028000000000000004,0.0,0.0
1995-08-01,0.0,0.0,0.0,0.0,0.0,0.0018,0.0,0.0027,0.0016,0.0001,0.0,0.0068000000000000005,0.009300000000000001,0.0051,0.0087,0.0,0.0,0.0,0.0067,0.002,0.0078000000000000005,0.006999999999999999,0.0173,0.0,0.0027,0.0036,0.0091,0.0017000000000000001,0.005699999999999999,0.0040999999999999995
1995-08-02,0.0,0.0078000000000000005,0.0,0.0011,0.0,0.0,0.0,0.0036,0.0,0.0,0.0,0.0,0.008,0.0171,0.0,0.008100000000000001,0.0046,0.0009,0.0012,0.0,0.0,0.0067,0.022099999999999998,0.0,0.0088,0.0023,0.0016,0.0109,0.0,0.002
1995-08-03,0.0,0.0037,0.0,0.0116,0.0058,0.0022,0.0015,0.0038,0.0,0.0,0.0014000000000000002,0.0,0.0048,0.0002,0.0027,0.0,0.0,0.0,0.0,0.0005,0.0,0.0,0.0,0.0,0.0,0.0097,0.008,0.0075,0.0016,0.015
1995-08-04,0.0,0.0,0.0,0.0085,0.0,0.0,0.0,0.0,0.0,0.0063,0.0,0.0,0.0,0.0,0.0012,0.0043,0.0038,0.0,0.0017000000000000001,0.0,0.0026,0.0,0.0,0.0045000000000000005,0.0,0.0,0.0027,0.0021,0.0012,0.0003
1995-08-07,0.0,0.0,0.0,0.001,0.0,0.0003,0.0,0.0,0.0,0.0,0.0,0.0,0.0014000000000000002,0.0,0.0,0.0,0.0009,0.0,0.0,0.0,0.0009,0.0,0.0,0.0,0.0075,0.0018,0.0,0.0,0.0,0.0
1995-08-08,0.0,0.0,0.0,0.0,0.0,0.0036,0.0048,0.0011,0.0026,0.0,0.0017000000000000001,0.0014000000000000002,0.0,0.0,0.0044,0.0038,0.0,0.015,0.0046,0.0011,0.0003,0.0,0.0,0.0034999999999999996,0.0015,0.0034999999999999996,0.0,0.0,0.0,0.0029
1995-08-09,0.0089,0.0,0.0019,0.004,0.0,0.0034000000000000002,0.0,0.0,0.0034000000000000002,0.0022,0.0051,0.0053,0.0018,0.0051,0.0052,0.0008,0.0085,0.0,0.0,0.003,0.0,0.0,0.0,0.0064,0.0037,0.0008,0.0032,0.004,0.0028000000000000004,0.0025
1995-08-10,0.0002,0.0011,0.0,0.0,0.0025,0.0004,0.0007000000000000001,0.0,0.0024,0.0,0.0044,0.0072,0.0054,0.0078000000000000005,0.0040999999999999995,0.0086,0.0045000000000000005,0.0,0.0048,0.0007000000000000001,0.0016,0.0042,0.0086,0.0070999999999999995,0.008199999999999999,0.0,0.0,0.0026,0.0,0.004
1995-08-11,0.0104,0.0073,0.0129,0.0121,0.0033,0.0014000000000000002,0.005,0.006,0.0013,0.0012,0.006500000000000001,0.0026,0.0018,0.0054,0.0062,0.0044,0.0055000000000000005,0.0095,0.0059,0.0016,0.0054,0.0,0.0,0.0045000000000000005,0.0045000000000000005,0.0025,0.0029,0.0053,0.004699999999999999,0.0051
1995-08-14,0.0,0.0,0.0,0.0,0.0,0.0,0.0,0.0,0.0,0.0,0.0,0.0,0.0,0.0,0.0,0.0,0.0,0.0046,0.0,0.0,0.0,0.0,0.0,0.0,0.0,0.0,0.0,0.0,0.0,0.0
1995-08-15,0.0,0.009399999999999999,0.0048,0.0,0.0002,0.003,0.0005,0.0063,0.0034999999999999996,0.0003,0.0091,0.0055000000000000005,0.0001,0.0,0.0029,0.0044,0.0,0.0,0.005600000000000001,0.001,0.0,0.0,0.0,0.006500000000000001,0.0,0.0031,0.003,0.0129,0.0,0.0017000000000000001
1995-08-16,0.0,0.0144,0.0,0.0,0.0002,0.0078000000000000005,0.0,0.0029,0.0,0.0,0.0,0.0,0.0,0.0038,0.0,0.0,0.0086,0.0,0.0075,0.0,0.0,0.0,0.0,0.0,0.0,0.0,0.0,0.0012,0.0,0.0
1995-08-17,0.0064,0.0044,0.0053,0.0,0.001,0.0,0.0,0.0029,0.0001,0.0,0.0,0.0,0.0025,0.0073,0.0088,0.0007000000000000001,0.0,0.0,0.0,0.0,0.002,0.0,0.0,0.0,0.0,0.0,0.0,0.0,0.0,0.0036
1995-08-18,0.0015,0.0113,0.0,0.0,0.0,0.0032,0.0,0.0,0.0,0.0,0.0,0.0043,0.0016,0.0045000000000000005,0.0045000000000000005,0.0,0.0011,0.0,0.0,0.0,0.0,0.0042,0.0015,0.0,0.0067,0.0,0.0,0.0034000000000000002,0.0,0.0
1995-08-21,0.0,0.0003,0.0,0.0051,0.0,0.0,0.0,0.0,0.0,0.0,0.0,0.0,0.005600000000000001,0.0,0.0032,0.0,0.0,0.0,0.0,0.0,0.0,0.010700000000000001,0.0327,0.0,0.0,0.0,0.0014000000000000002,0.0014000000000000002,0.0,0.0
1995-08-22,0.0,0.0003,0.0002,0.0036,0.0015,0.0,0.0015,0.0,0.0023,0.0116,0.0,0.0,0.0,0.0004,0.0022,0.0,0.005,0.0012,0.0001,0.0,0.0,0.0,0.0,0.0006,0.0019,0.0,0.0013,0.0,0.0,0.0072
1995-08-23,0.0005,0.0076,0.0092,0.0062,0.0001,0.0,0.0019,0.0,0.001,0.0011,0.006999999999999999,0.0089,0.0024,0.004699999999999999,0.0,0.0092,0.0,0.0078000000000000005,0.0018,0.0016,0.0070999999999999995,0.0,0.0,0.006999999999999999,0.0038,0.0001,0.0115,0.0004,0.0039000000000000003,0.004699999999999999
1995-08-24,0.0,0.0,0.0,0.0095,0.0,0.0,0.0,0.0,0.0015,0.0022,0.0,0.006500000000000001,0.0092,0.0,0.0,0.0051,0.0043,0.0108,0.0036,0.0,0.0,0.0084,0.0084,0.0023,0.0009,0.0048,0.0,0.0,0.0,0.0014000000000000002
1995-08-25,0.0,0.0,0.0,0.0,0.0,0.0,0.0022,0.0,0.0,0.0002,0.0,0.0,0.0,0.0,0.0051,0.0,0.0,0.0,0.0,0.0,0.0,0.0042,0.0092,0.0,0.0,0.0,0.0,0.005,0.0,0.0008
1995-08-28,0.0036,0.0,0.0,0.0034999999999999996,0.0006,0.0,0.0,0.003,0.0,0.0012,0.0,0.0026,0.0036,0.0,0.002,0.0025,0.0042,0.0042,0.0027,0.0015,0.0025,0.0169,0.0217,0.0012,0.0,0.0031,0.0123,0.0039000000000000003,0.0,0.0008
1995-08-29,0.0,0.0005,0.006,0.0049,0.0036,0.0,0.0072,0.0002,0.0025,0.0003,0.0,0.0018,0.0027,0.0,0.0,0.0013,0.009300000000000001,0.0017000000000000001,0.0013,0.0029,0.0,0.0049,0.0015,0.0,0.0009,0.0011,0.0,0.0025,0.0,0.0
1995-08-30,0.0,0.0004,0.0121,0.0,0.0,0.0028000000000000004,0.0005,0.0,0.0,0.0045000000000000005,0.0,0.0023,0.0,0.0,0.0011,0.0,0.0115,0.0036,0.0,0.0017000000000000001,0.0,0.0,0.0,0.0018,0.005600000000000001,0.0002,0.0003,0.0,0.0,0.0
1995-08-31,0.0015,0.0031,0.0038,0.0,0.0,0.0,0.0063,0.0,0.0,0.0045000000000000005,0.0,0.0113,0.0,0.0,0.0,0.0,0.0,0.0,0.0,0.0,0.0,0.0,0.0,0.0,0.0,0.0,0.0022,0.001,0.0,0.0
1995-09-01,0.0,0.0,0.0,0.0032,0.0,0.0,0.0012,0.0024,0.0,0.0016,0.0,0.0,0.0,0.0018,0.0,0.0,0.003,0.0,0.0,0.0,0.0024,0.0054,0.0033,0.0,0.0,0.0,0.0,0.0038,0.0,0.0
1995-09-05,0.0,0.0,0.0014000000000000002,0.0060999999999999995,0.0,0.0,0.0,0.0,0.0,0.0,0.0,0.0,0.0,0.0,0.0,0.0,0.0,0.0004,0.0,0.0,0.0,0.0,0.0,0.0,0.0,0.0,0.0,0.0,0.0,0.0
1995-09-06,0.0,0.0,0.0,0.0,0.0,0.0,0.0,0.0,0.0,0.0,0.0,0.0,0.0,0.0,0.002,0.0,0.0,0.0,0.0060999999999999995,0.0014000000000000002,0.0026,0.0,0.0,0.0,0.0,0.0,0.0,0.0,0.0,0.0
1995-09-07,0.0012,0.0068000000000000005,0.0005,0.0,0.0,0.0012,0.0,0.0,0.0,0.0,0.0,0.0,0.0,0.0034000000000000002,0.0045000000000000005,0.0079,0.0,0.0126,0.0,0.0,0.0019,0.0,0.0,0.0031,0.0,0.0,0.0,0.0012,0.0017000000000000001,0.0
1995-09-08,0.0,0.0036,0.0060999999999999995,0.0,0.0002,0.0,0.0,0.0,0.0,0.0,0.0005,0.0,0.0,0.0045000000000000005,0.0,0.0,0.0,0.0,0.0,0.0,0.0,0.0,0.0,0.0,0.0,0.0,0.0,0.0,0.0,0.0
1995-09-11,0.0,0.0,0.0,0.0,0.0,0.0,0.0,0.0,0.0,0.0046,0.0,0.0,0.0,0.0,0.0012,0.0,0.0,0.0,0.0,0.0004,0.0023,0.0,0.0,0.0,0.0121,0.0015,0.0,0.0021,0.0,0.0
1995-09-12,0.0,0.0,0.004699999999999999,0.0,0.0,0.0,0.0,0.0,0.0,0.0,0.0,0.013000000000000001,0.0022,0.0,0.0143,0.0,0.0,0.0,0.0,0.0,0.0,0.0013,0.0068000000000000005,0.0,0.002,0.0,0.0,0.0,0.0,0.0
1995-09-13,0.0,0.0,0.0,0.0,0.0,0.0,0.0,0.0,0.0,0.006500000000000001,0.0,0.012199999999999999,0.0,0.0,0.0105,0.0,0.0043,0.004,0.0,0.0013,0.0,0.0,0.0,0.0008,0.0,0.0,0.0,0.0,0.0,0.0008
1995-09-14,0.0,0.0,0.0019,0.0016,0.0,0.0,0.0,0.0,0.0,0.0,0.0,0.004,0.005,0.0,0.0,0.0,0.0,0.0,0.0,0.0,0.0,0.0,0.008,0.0,0.0,0.0,0.0007000000000000001,0.0,0.0,0.0001
1995-09-15,0.0,0.0,0.0,0.0076,0.0013,0.0021,0.0204,0.0008,0.0022,0.0085,0.0040999999999999995,0.013300000000000001,0.0073,0.0,0.0,0.0058,0.0028000000000000004,0.0,0.0,0.0,0.0,0.0212,0.0232,0.0040999999999999995,0.0031,0.008199999999999999,0.0,0.0,0.0,0.0024
1995-09-18,0.0,0.0,0.0,0.0032,0.0011,0.0034999999999999996,0.0,0.0,0.0026,0.013999999999999999,0.0073,0.006500000000000001,0.0,0.0179,0.0063,0.0,0.0042,0.0045000000000000005,0.0111,0.0,0.0031,0.0,0.0,0.0054,0.002,0.0034000000000000002,0.0024,0.0033,0.0072,0.0034000000000000002
1995-09-19,0.0,0.0,0.0,0.0002,0.0,0.0,0.0,0.0,0.0051,0.0008,0.0051,0.0148,0.0137,0.0049,0.0055000000000000005,0.0,0.0096,0.0055000000000000005,0.0,0.0,0.0017000000000000001,0.0,0.0,0.0103,0.01,0.0,0.0,0.0,0.0,0.0068000000000000005
1995-09-20,0.0,0.0,0.0,0.0,0.0,0.008199999999999999,0.0,0.0,0.0074,0.0006,0.0,0.0,0.0,0.0,0.0,0.0,0.0084,0.0101,0.0012,0.0,0.0,0.0,0.0,0.0036,0.0,0.0,0.0,0.0,0.0,0.0
1995-09-21,0.0005,0.0016,0.0042,0.0055000000000000005,0.005600000000000001,0.0012,0.0053,0.0,0.010700000000000001,0.0055000000000000005,0.0031,0.0054,0.0102,0.0,0.011200000000000002,0.004,0.0,0.0,0.0058,0.0032,0.009399999999999999,0.0106,0.0143,0.009000000000000001,0.0079,0.0062,0.0084,0.0,0.01,0.0077
1995-09-22,0.0,0.0,0.0,0.0048,0.0052,0.0022,0.0003,0.0,0.0064,0.0027,0.0058,0.010700000000000001,0.0085,0.0,0.0129,0.0105,0.0095,0.0,0.0079,0.0,0.0,0.0051,0.0060999999999999995,0.0043,0.006500000000000001,0.009899999999999999,0.0032,0.0,0.0053,0.0031
1995-09-25,0.0,0.0,0.025099999999999997,0.0011,0.0,0.0,0.0,0.0,0.0013,0.0014000000000000002,0.0036,0.0139,0.0070999999999999995,0.0,0.0,0.0023,0.0084,0.0,0.0025,0.0,0.0021,0.003,0.0113,0.0046,0.0024,0.0,0.0027,0.0006,0.0,0.0115
1995-09-26,0.0,0.0022,0.0078000000000000005,0.0062,0.0022,0.0,0.0048,0.0,0.0051,0.0,0.0,0.009399999999999999,0.0069,0.0029,0.0096,0.0054,0.005600000000000001,0.0137,0.0127,0.0,0.0,0.0089,0.008199999999999999,0.0003,0.0,0.0024,0.0,0.0,0.0,0.0
1995-09-27,0.0,0.0022,0.0,0.008199999999999999,0.0025,0.0072,0.0040999999999999995,0.0027,0.0040999999999999995,0.013500000000000002,0.0087,0.0,0.011399999999999999,0.0076,0.0019,0.0014000000000000002,0.0038,0.0040999999999999995,0.0009,0.0,0.0,0.0066,0.0078000000000000005,0.0044,0.0077,0.0088,0.0086,0.0132,0.0003,0.0066
1995-09-28,0.0,0.0108,0.0,0.0,0.0,0.0,0.0,0.0003,0.0,0.0,0.0,0.0,0.0,0.0013,0.0,0.0,0.0025,0.0,0.0,0.0,0.0,0.0,0.0,0.0,0.0,0.0,0.0,0.0116,0.0,0.0
1995-09-29,0.004,0.0,0.0137,0.0058,0.0,0.0,0.0003,0.0,0.0,0.0015,0.0,0.0,0.0,0.0,0.0054,0.0,0.0,0.0,0.003,0.0,0.0005,0.0025,0.0128,0.0,0.0,0.0,0.0039000000000000003,0.0095,0.0,0.0033
1995-10-02,0.0003,0.0,0.0,0.010700000000000001,0.0018,0.0,0.0,0.005699999999999999,0.011000000000000001,0.0067,0.0026,0.0095,0.011200000000000002,0.0051,0.0060999999999999995,0.013300000000000001,0.009899999999999999,0.0168,0.0053,0.0,0.0067,0.0121,0.0154,0.0024,0.0040999999999999995,0.0008,0.0077,0.0063,0.0032,0.0113
1995-10-03,0.0,0.0,0.0,0.0101,0.0054,0.0,0.0087,0.0,0.011000000000000001,0.0016,0.0009,0.0129,0.0088,0.0034999999999999996,0.0149,0.013999999999999999,0.009000000000000001,0.0070999999999999995,0.0,0.0,0.0021,0.0073,0.0067,0.011000000000000001,0.0089,0.005699999999999999,0.0072,0.0,0.0,0.01
1995-10-04,0.0,0.0,0.0,0.006,0.009300000000000001,0.0007000000000000001,0.016399999999999998,0.0,0.0095,0.0055000000000000005,0.002,0.0139,0.0159,0.0,0.015700000000000002,0.0183,0.0013,0.0025,0.0,0.001,0.0,0.0174,0.03,0.0088,0.0121,0.0085,0.0132,0.0,0.0,0.0169
1995-10-05,0.0,0.015,0.0,0.0,0.0,0.001,0.0046,0.0027,0.0,0.0043,0.0,0.0,0.0,0.0073,0.0,0.0,0.005,0.0027,0.0045000000000000005,0.0019,0.0,0.0,0.0,0.0,0.0,0.0018,0.0,0.0018,0.0,0.0
1995-10-06,0.0,0.0008,0.0008,0.0,0.0,0.0,0.0,0.0,0.0003,0.0,0.0004,0.0,0.0,0.0003,0.0,0.0,0.0,0.0,0.0015,0.0027,0.003,0.0013,0.0121,0.0043,0.0,0.0004,0.0025,0.0,0.0,0.0044
1995-10-09,0.0038,0.0,0.01,0.0174,0.0029,0.0007000000000000001,0.0016,0.0126,0.0073,0.0111,0.011200000000000002,0.0181,0.0203,0.0032,0.0179,0.0092,0.0,0.0023,0.0034999999999999996,0.0,0.0,0.028399999999999998,0.0339,0.0131,0.0172,0.012199999999999999,0.0070999999999999995,0.0016,0.0053,0.0123
1995-10-10,0.0006,0.0005,0.0005,0.0096,0.0043,0.0028000000000000004,0.0038,0.009000000000000001,0.0018,0.0089,0.0008,0.0018,0.0015,0.0043,0.0,0.0017000000000000001,0.0,0.0084,0.001,0.0,0.0025,0.0022,0.0022,0.0,0.0024,0.0026,0.0040999999999999995,0.004,0.0032,0.0049
1995-10-11,0.0,0.0036,0.0103,0.0,0.0015,0.006,0.0,0.0,0.0,0.0,0.0,0.0022,0.0,0.0046,0.0,0.0,0.0,0.0038,0.005699999999999999,0.0,0.0,0.0,0.0,0.0,0.0,0.0,0.0,0.0,0.0,0.0
1995-10-12,0.0021,0.0023,0.0013,0.0,0.0,0.0,0.0,0.0,0.0,0.0098,0.0,0.0,0.0,0.0,0.0,0.0,0.0111,0.0265,0.0029,0.0025,0.0,0.0,0.0,0.0,0.0,0.0,0.0,0.0,0.0,0.0
1995-10-13,0.0,0.0013,0.0,0.0,0.0,0.0,0.0,0.0,0.0,0.0,0.0,0.0,0.0,0.0,0.0013,0.0,0.0,0.0,0.0,0.0023,0.0042,0.0005,0.0,0.0,0.0,0.0,0.0004,0.0002,0.0,0.0
1995-10-16,0.0017000000000000001,0.0,0.0,0.0031,0.0003,0.0068000000000000005,0.0116,0.0,0.0,0.0,0.0015,0.0,0.0,0.0021,0.0084,0.005,0.013300000000000001,0.0092,0.0024,0.0015,0.009000000000000001,0.0,0.0,0.0001,0.0028000000000000004,0.0,0.012,0.0026,0.0,0.0
1995-10-17,0.0004,0.009300000000000001,0.0,0.0,0.0015,0.0,0.0031,0.0,0.0,0.005,0.0,0.0086,0.0,0.0,0.0029,0.0025,0.006,0.0,0.0,0.0,0.0,0.0,0.0,0.0025,0.0013,0.0,0.0007000000000000001,0.0052,0.0,0.0
1995-10-18,0.0055000000000000005,0.0,0.0,0.0,0.0,0.0,0.0,0.0,0.0085,0.0084,0.0,0.0139,0.0053,0.0,0.0105,0.0014000000000000002,0.01,0.0,0.0007000000000000001,0.0,0.0042,0.0,0.0,0.0,0.0,0.0,0.0060999999999999995,0.0062,0.0,0.0
1995-10-19,0.0,0.0,0.0005,0.0,0.0007000000000000001,0.0,0.006999999999999999,0.0,0.0,0.0165,0.0,0.0016,0.0011,0.0,0.0029,0.0,0.0095,0.054900000000000004,0.0,0.0,0.0,0.0,0.0017000000000000001,0.0053,0.0043,0.0,0.0,0.0,0.0052,0.0027
1995-10-20,0.0007000000000000001,0.0108,0.0017000000000000001,0.0029,0.0053,0.0029,0.011200000000000002,0.0023,0.004,0.0,0.0070999999999999995,0.0066,0.0088,0.0087,0.0019,0.0,0.0,0.02,0.0,0.0,0.0033,0.010700000000000001,0.0195,0.005600000000000001,0.0013,0.0,0.0001,0.0,0.012,0.0
1995-10-23,0.0095,0.0055000000000000005,0.013600000000000001,0.004,0.006999999999999999,0.0012,0.0,0.0018,0.0123,0.0034000000000000002,0.0087,0.0169,0.002,0.0146,0.0106,0.012199999999999999,0.0141,0.0149,0.0085,0.0036,0.0029,0.0,0.0,0.010700000000000001,0.0111,0.0054,0.0127,0.0111,0.0027,0.006500000000000001
1995-10-24,0.0015,0.0,0.0,0.0018,0.0028000000000000004,0.0,0.0,0.0,0.0004,0.0128,0.0,0.0,0.0,0.005600000000000001,0.0019,0.0,0.0022,0.0,0.0,0.0,0.0,0.0,0.0033,0.0,0.0,0.0,0.0060999999999999995,0.0,0.0069,0.0023
1995-10-25,0.0,0.006,0.0,0.0034000000000000002,0.0076,0.0097,0.0052,0.0,0.0184,0.0018,0.0059,0.0143,0.018600000000000002,0.0017000000000000001,0.0072,0.0,0.0,0.0083,0.0014000000000000002,0.0,0.0028000000000000004,0.0054,0.0197,0.0070999999999999995,0.012,0.0078000000000000005,0.0125,0.0,0.0175,0.0127
1995-10-26,0.0104,0.0068000000000000005,0.002,0.0166,0.011200000000000002,0.0121,0.0097,0.0126,0.0102,0.0126,0.0123,0.0091,0.0109,0.0069,0.014199999999999999,0.0060999999999999995,0.0174,0.0151,0.0158,0.0029,0.0105,0.0022,0.0,0.0068000000000000005,0.013500000000000002,0.012,0.0128,0.0197,0.009399999999999999,0.0149
1995-10-27,0.0,0.0,0.0,0.0046,0.0,0.0,0.0,0.0083,0.0,0.0,0.0,0.0,0.0,0.0054,0.0,0.0,0.009300000000000001,0.0,0.0029,0.0060999999999999995,0.0,0.0,0.0,0.0,0.0016,0.0,0.0,0.0,0.0,0.0
1995-10-30,0.0018,0.0,0.0,0.0,0.0,0.0008,0.0,0.0,0.0,0.0032,0.0,0.0,0.0,0.0,0.0,0.0021,0.0,0.0172,0.0,0.0,0.0,0.0,0.0,0.0,0.0,0.0,0.0,0.0016,0.0023,0.0
1995-10-31,0.0,0.0024,0.0,0.0,0.0076,0.0012,0.0,0.0028000000000000004,0.0058,0.009000000000000001,0.002,0.0022,0.0,0.0,0.0123,0.0067,0.006,0.0,0.0,0.0055000000000000005,0.0,0.0062,0.0084,0.0,0.0,0.0027,0.008,0.0008,0.0037,0.0
1995-11-01,0.0,0.0038,0.0060999999999999995,0.0,0.0,0.0,0.0,0.0,0.0,0.0052,0.0,0.0,0.0,0.012199999999999999,0.0052,0.0,0.0,0.0,0.0,0.0,0.0,0.0,0.0,0.0066,0.0076,0.0,0.0,0.0,0.0,0.0
1995-11-02,0.0,0.0007000000000000001,0.0016,0.0,0.0,0.0,0.0,0.0042,0.0,0.0,0.0,0.0,0.0,0.0,0.0,0.0,0.0,0.0,0.0042,0.0,0.0,0.0,0.0,0.0,0.0,0.0,0.0,0.0,0.0,0.0
1995-11-03,0.0,0.0032,0.0,0.0013,0.0,0.0,0.0,0.0,0.0,0.0053,0.0,0.0,0.0,0.0083,0.0011,0.0,0.0014000000000000002,0.0,0.0,0.0,0.0013,0.0007000000000000001,0.0,0.0,0.0,0.0,0.0017000000000000001,0.0048,0.0,0.0
1995-11-06,0.0038,0.0098,0.0088,0.004699999999999999,0.0,0.005600000000000001,0.0012,0.002,0.0011,0.0,0.0,0.0043,0.0,0.0,0.0,0.0,0.0,0.0,0.0015,0.006500000000000001,0.0031,0.0060999999999999995,0.011200000000000002,0.0,0.0,0.0017000000000000001,0.0,0.0,0.0015,0.0
1995-11-07,0.0022,0.0,0.005,0.0,0.0004,0.008100000000000001,0.0007000000000000001,0.0,0.0,0.0,0.0005,0.0026,0.014499999999999999,0.0,0.0,0.0019,0.0,0.0052,0.0005,0.0024,0.0038,0.015,0.0286,0.0044,0.0042,0.0036,0.0,0.0,0.0052,0.0013
1995-11-08,0.0,0.0,0.0,0.0,0.0,0.0,0.0,0.0,0.0,0.0,0.0,0.0001,0.0029,0.0,0.0058,0.0,0.0,0.0,0.0,0.0,0.0,0.0,0.0011,0.0,0.0,0.0,0.0,0.0,0.0,0.0
1995-11-09,0.0028000000000000004,0.0108,0.0059,0.0015,0.0,0.0,0.0003,0.0,0.0,0.0,0.0040999999999999995,0.0018,0.0,0.0,0.0,0.0,0.0,0.0124,0.0066,0.0037,0.0036,0.0,0.0,0.0034000000000000002,0.0060999999999999995,0.0,0.0,0.0,0.0,0.0
1995-11-10,0.0053,0.0,0.0,0.0038,0.006999999999999999,0.0,0.006500000000000001,0.004699999999999999,0.0,0.0,0.0,0.0,0.0,0.0,0.0,0.0,0.0,0.0036,0.0032,0.0033,0.0052,0.0,0.0,0.0019,0.0,0.0,0.0026,0.0,0.0024,0.0
1995-11-13,0.0,0.0,0.0,0.010700000000000001,0.0014000000000000002,0.0,0.0,0.0,0.0,0.0027,0.0,0.0005,0.0055000000000000005,0.0,0.0031,0.0,0.0154,0.0084,0.0,0.0,0.0,0.0070999999999999995,0.0116,0.0,0.003,0.0,0.0,0.0,0.0049,0.0044
1995-11-14,0.0,0.0037,0.0,0.0096,0.002,0.002,0.0007000000000000001,0.0,0.0,0.0012,0.0075,0.005,0.0159,0.0021,0.0,0.001,0.0141,0.019799999999999998,0.001,0.0016,0.0005,0.016,0.030899999999999997,0.0,0.0108,0.011399999999999999,0.0058,0.0118,0.0083,0.0
1995-11-15,0.0,0.0,0.0,0.0,0.0,0.0,0.0,0.0,0.0,0.0053,0.0,0.0055000000000000005,0.0006,0.0,0.0,0.0,0.006,0.0,0.0,0.0,0.0,0.0,0.0,0.0079,0.0,0.0,0.0,0.0,0.0,0.0
1995-11-16,0.0,0.0,0.0,0.0,0.0,0.0,0.0015,0.0031,0.0027,0.0,0.0,0.0,0.0,0.0,0.0027,0.0,0.0,0.0,0.0,0.0,0.0,0.0,0.0,0.0,0.0,0.0,0.0,0.0,0.0,0.0
1995-11-17,0.0001,0.0,0.0,0.0,0.0,0.0,0.0096,0.0,0.0,0.0,0.0,0.0,0.0,0.0073,0.0,0.0092,0.0,0.0,0.0,0.0,0.0,0.0,0.0062,0.0,0.0,0.0,0.0,0.0,0.0,0.0
1995-11-20,0.0019,0.0,0.0,0.0,0.0,0.0032,0.0016,0.0042,0.0,0.0085,0.0,0.002,0.0092,0.0063,0.0,0.0046,0.0060999999999999995,0.0,0.0032,0.0054,0.0034999999999999996,0.018000000000000002,0.0279,0.0,0.0023,0.003,0.0,0.0052,0.0040999999999999995,0.0
1995-11-21,0.0,0.0,0.0,0.0,0.0,0.0058,0.0102,0.0,0.0,0.0,0.0,0.0,0.0,0.0,0.0,0.0,0.0,0.0,0.0,0.0,0.0,0.005,0.0046,0.0,0.004,0.0040999999999999995,0.0,0.0,0.0,0.0
1995-11-22,0.0051,0.0167,0.0,0.0,0.0017000000000000001,0.0051,0.0042,0.0049,0.0,0.0,0.0,0.0,0.0,0.0132,0.0,0.0,0.0043,0.0,0.011200000000000002,0.0051,0.0025,0.0058,0.009399999999999999,0.0,0.0,0.0043,0.002,0.0116,0.0,0.0
1995-11-24,0.0008,0.0,0.0074,0.0,0.0,0.0,0.0,0.0005,0.0013,0.0,0.0,0.0,0.0,0.0027,0.0,0.0008,0.0,0.0,0.001,0.0,0.0,0.0,0.0,0.0,0.0,0.0,0.0,0.0012,0.0,0.0
1995-11-27,0.0,0.009000000000000001,0.0,0.0,0.0,0.0,0.0,0.0,0.0,0.0,0.0,0.0023,0.0,0.006500000000000001,0.0063,0.0,0.0,0.0033,0.0,0.0,0.0,0.0,0.0075,0.0,0.0,0.0,0.0059,0.0,0.0,0.0
1995-11-28,0.0,0.0,0.0001,0.0072,0.0,0.0123,0.0,0.0,0.0017000000000000001,0.0033,0.0042,0.0059,0.0,0.0,0.0018,0.0016,0.0,0.0,0.0,0.0009,0.0,0.0,0.0,0.0,0.0,0.0,0.0003,0.0,0.0,0.0017000000000000001
1995-11-29,0.0,0.0,0.0,0.0,0.0,0.0,0.0,0.0,0.0,0.0,0.0,0.0,0.0,0.0,0.0,0.0,0.0023,0.0038,0.0018,0.0,0.0,0.0,0.0,0.0,0.0,0.0,0.0,0.0,0.0,0.0
1995-11-30,0.0034000000000000002,0.0,0.0161,0.0075,0.004699999999999999,0.0,0.0125,0.0,0.0084,0.0,0.0011,0.001,0.0,0.005,0.0055000000000000005,0.0032,0.0,0.042800000000000005,0.0066,0.0025,0.0097,0.0,0.0037,0.0,0.0014000000000000002,0.0,0.0088,0.0,0.0,0.0
1995-12-01,0.0,0.0011,0.0,0.0,0.0,0.0088,0.0,0.0023,0.0,0.0,0.0,0.0,0.0023,0.0,0.0,0.0,0.0,0.0,0.0,0.0,0.0,0.0066,0.013000000000000001,0.004,0.0,0.0,0.0027,0.0,0.0,0.0
1995-12-04,0.0,0.0,0.0,0.0,0.0,0.0,0.0024,0.0,0.0,0.0053,0.0,0.0,0.0,0.0,0.0,0.0006,0.0,0.0,0.0,0.0,0.0,0.0,0.0,0.0011,0.0,0.0,0.0,0.0032,0.0,0.0
1995-12-05,0.0,0.0,0.0,0.0,0.0,0.0,0.0,0.0,0.0,0.002,0.0,0.0,0.0,0.0,0.0004,0.0,0.0,0.0092,0.0,0.0,0.0038,0.001,0.0069,0.0,0.0,0.0,0.0,0.0,0.0,0.0
1995-12-06,0.0,0.0,0.0,0.0063,0.0,0.0,0.0,0.0,0.0019,0.0,0.0,0.005,0.0014000000000000002,0.0,0.0025,0.0,0.0,0.0040999999999999995,0.0,0.0,0.0027,0.0,0.0111,0.0,0.0031,0.0,0.0,0.0,0.0,0.0
1995-12-07,0.006500000000000001,0.0048,0.006500000000000001,0.0128,0.0101,0.0029,0.0028000000000000004,0.0054,0.0077,0.0118,0.009000000000000001,0.0109,0.0067,0.0060999999999999995,0.013000000000000001,0.012199999999999999,0.0044,0.0,0.0,0.0078000000000000005,0.0032,0.010700000000000001,0.0032,0.0,0.002,0.0040999999999999995,0.0063,0.0118,0.0101,0.0066
1995-12-08,0.0013,0.0,0.0,0.0025,0.0,0.0014000000000000002,0.0,0.0004,0.0023,0.0002,0.0,0.0039000000000000003,0.0005,0.0051,0.0,0.0037,0.0,0.0,0.0,0.0007000000000000001,0.0037,0.0,0.0,0.005,0.0008,0.0,0.0,0.0,0.0006,0.0021
1995-12-11,0.0,0.0,0.0,0.0,0.0002,0.0,0.0116,0.0001,0.0,0.0,0.0003,0.0070999999999999995,0.0,0.0,0.0,0.0026,0.0,0.0125,0.0,0.0,0.0,0.0051,0.0,0.004699999999999999,0.0,0.0,0.0025,0.0,0.001,0.0015
1995-12-12,0.0,0.0,0.0002,0.0003,0.0054,0.0096,0.0012,0.0,0.005699999999999999,0.0037,0.0068000000000000005,0.0051,0.0085,0.0,0.0062,0.0,0.0076,0.0197,0.0,0.0,0.0,0.0115,0.015600000000000001,0.004,0.0045000000000000005,0.0,0.0017000000000000001,0.0,0.0029,0.0
1995-12-13,0.0,0.0,0.0,0.0014000000000000002,0.0,0.0,0.0,0.0,0.0005,0.0,0.0,0.0,0.0,0.0,0.0,0.0,0.009300000000000001,0.0,0.0,0.0,0.0,0.0,0.0040999999999999995,0.0,0.0,0.0004,0.0014000000000000002,0.0,0.0,0.0
1995-12-14,0.0,0.01,0.0,0.006999999999999999,0.0014000000000000002,0.0005,0.0026,0.0,0.0,0.0,0.0016,0.0054,0.005,0.0089,0.0049,0.0129,0.0,0.0,0.0165,0.0,0.0104,0.0195,0.0302,0.0055000000000000005,0.005699999999999999,0.0003,0.0004,0.0,0.0098,0.0051
1995-12-15,0.0,0.0013,0.0,0.0,0.0031,0.0003,0.0,0.0024,0.0045000000000000005,0.0,0.0040999999999999995,0.0,0.009399999999999999,0.0,0.0,0.0,0.0,0.0004,0.0054,0.0,0.0,0.0046,0.0222,0.0076,0.0129,0.0025,0.005,0.011699999999999999,0.0,0.0076
1995-12-18,0.013500000000000002,0.0123,0.036000000000000004,0.0264,0.011699999999999999,0.019299999999999998,0.0206,0.0155,0.0152,0.0154,0.018600000000000002,0.019,0.025699999999999997,0.0011,0.0068000000000000005,0.0144,0.0002,0.009399999999999999,0.0213,0.0,0.0139,0.0315,0.024700000000000003,0.013300000000000001,0.0172,0.018000000000000002,0.018600000000000002,0.0241,0.018000000000000002,0.0181
1995-12-19,0.0021,0.0021,0.0,0.0,0.0044,0.0,0.0,0.009000000000000001,0.0,0.0,0.0,0.0,0.0,0.0055000000000000005,0.0,0.0,0.0045000000000000005,0.0,0.0,0.0,0.0,0.0,0.0,0.0,0.0,0.0,0.0,0.005600000000000001,0.0,0.0
1995-12-20,0.026600000000000002,0.0365,0.018600000000000002,0.0001,0.0,0.0088,0.0,0.0034999999999999996,0.0,0.0,0.0028000000000000004,0.0044,0.0,0.021400000000000002,0.0,0.0,0.0,0.0,0.0,0.0049,0.0064,0.0118,0.012199999999999999,0.0036,0.0,0.0033,0.0079,0.0015,0.0004,0.0
1995-12-21,0.0,0.011699999999999999,0.0,0.0,0.0,0.0005,0.0,0.0,0.0,0.0045000000000000005,0.0,0.0058,0.0,0.0,0.0,0.0,0.0014000000000000002,0.0,0.0,0.0,0.0,0.0,0.0,0.0,0.008100000000000001,0.0018,0.0,0.0,0.0,0.0
1995-12-22,0.0,0.0,0.0031,0.0,0.0005,0.0,0.0058,0.0,0.0001,0.009300000000000001,0.0,0.0014000000000000002,0.0,0.0,0.0,0.0,0.0019,0.0,0.0,0.0,0.0,0.0,0.0,0.0017000000000000001,0.0,0.0,0.0017000000000000001,0.0052,0.0,0.0
1995-12-26,0.0,0.0,0.0,0.0,0.0,0.0,0.0003,0.0,0.0,0.0,0.0,0.0073,0.0,0.0,0.0,0.0,0.0021,0.0098,0.0,0.0,0.0,0.0,0.0,0.0,0.0,0.0,0.0072,0.0,0.0,0.0
1995-12-27,0.0,0.0,0.0,0.0031,0.0,0.0,0.0,0.0034999999999999996,0.0,0.0028000000000000004,0.0,0.0042,0.0,0.0,0.0105,0.001,0.0089,0.0,0.0,0.0,0.0,0.001,0.0051,0.0,0.0,0.0,0.0,0.0,0.0,0.0024
1995-12-28,0.0024,0.0,0.0,0.0036,0.0,0.0018,0.0,0.0,0.0003,0.0,0.0,0.0,0.0033,0.0053,0.0024,0.0,0.0,0.0055000000000000005,0.0,0.0,0.0,0.0045000000000000005,0.013999999999999999,0.0003,0.0,0.0,0.0004,0.006999999999999999,0.0,0.0
1995-12-29,0.0,0.006500000000000001,0.0167,0.0,0.0,0.0,0.0,0.0,0.0,0.0002,0.0,0.0,0.0,0.0,0.0,0.0,0.0,0.0,0.0088,0.0,0.0,0.0,0.0,0.0,0.0,0.0,0.0,0.0,0.0,0.0
1996-01-02,0.0,0.0,0.0,0.0,0.0,0.0,0.0,0.0088,0.0,0.0,0.0,0.0,0.0,0.0,0.0,0.0,0.0,0.0051,0.0,0.0,0.0,0.0,0.0,0.0,0.0,0.0,0.0,0.0,0.0,0.0
1996-01-03,0.0,0.0,0.0,0.0,0.0,0.0,0.0095,0.0003,0.0,0.0001,0.0,0.0,0.0098,0.0,0.0,0.0072,0.0,0.0,0.0026,0.0,0.0,0.0184,0.0233,0.0,0.0,0.002,0.0,0.0,0.0,0.0
1996-01-04,0.0068000000000000005,0.0058,0.0066,0.0059,0.0098,0.0,0.010700000000000001,0.001,0.0045000000000000005,0.0002,0.0092,0.0070999999999999995,0.0068000000000000005,0.0105,0.009899999999999999,0.0128,0.005,0.0121,0.0,0.0023,0.0095,0.0181,0.0187,0.008100000000000001,0.0,0.011399999999999999,0.0033,0.0040999999999999995,0.013300000000000001,0.0
1996-01-05,0.013999999999999999,0.0054,0.0031,0.0053,0.006500000000000001,0.0052,0.0124,0.0043,0.0007000000000000001,0.0019,0.0036,0.0037,0.0,0.0019,0.0102,0.0,0.0,0.0,0.0,0.0,0.0,0.0,0.0,0.0001,0.0089,0.0001,0.0038,0.0124,0.0058,0.002
1996-01-08,0.0,0.0,0.0,0.0,0.0,0.0,0.0,0.0,0.0,0.0,0.0,0.013600000000000001,0.0,0.0,0.0,0.0,0.0,0.005,0.0,0.0,0.0015,0.0,0.0,0.001,0.001,0.0,0.0048,0.0,0.0,0.0
1996-01-09,0.0025,0.0116,0.011200000000000002,0.0138,0.0039000000000000003,0.0036,0.013000000000000001,0.0104,0.0015,0.0166,0.0037,0.0194,0.023,0.0158,0.016,0.0147,0.0,0.0012,0.011699999999999999,0.0,0.0121,0.0401,0.0536,0.0125,0.0123,0.011399999999999999,0.0137,0.022799999999999997,0.0141,0.0096
1996-01-10,0.0184,0.0125,0.013000000000000001,0.0239,0.018000000000000002,0.0182,0.013000000000000001,0.023799999999999998,0.019,0.0177,0.0252,0.018799999999999997,0.0172,0.023399999999999997,0.0233,0.0149,0.0,0.0124,0.0268,0.0087,0.0191,0.001,0.0008,0.0118,0.021099999999999997,0.0173,0.0109,0.0168,0.0172,0.0182
1996-01-11,0.0,0.0,0.0,0.0,0.0,0.004,0.0,0.0,0.0,0.005699999999999999,0.0,0.0,0.0,0.0,0.0,0.0,0.0106,0.0137,0.0,0.0,0.0,0.0,0.0,0.0,0.0,0.0,0.0,0.0,0.0,0.0
1996-01-12,0.0,0.0,0.0012,0.014199999999999999,0.0,0.0,0.0036,0.0,0.0,0.0009,0.0066,0.0044,0.004,0.0023,0.0001,0.0,0.0187,0.0021,0.013300000000000001,0.004699999999999999,0.0,0.0044,0.01,0.0025,0.0,0.0,0.0066,0.0,0.0,0.0
1996-01-15,0.0034000000000000002,0.0,0.0,0.0015,0.0,0.0,0.0052,0.0,0.0046,0.0128,0.0068000000000000005,0.0070999999999999995,0.013000000000000001,0.0016,0.0009,0.0026,0.0019,0.0,0.0078000000000000005,0.0,0.0,0.0241,0.0348,0.0042,0.0044,0.0074,0.0059,0.009399999999999999,0.0028000000000000004,0.0016
1996-01-16,0.0,0.0,0.0018,0.0004,0.0,0.0,0.0,0.0,0.0,0.0,0.0,0.008,0.0,0.0,0.0,0.0,0.0023,0.0022,0.0,0.0,0.0,0.0,0.0,0.0,0.0040999999999999995,0.0027,0.0,0.0,0.0,0.0
1996-01-17,0.0,0.011899999999999999,0.0092,0.0038,0.0013,0.0076,0.0064,0.0007000000000000001,0.0028000000000000004,0.0109,0.006,0.0036,0.0029,0.0,0.0045000000000000005,0.0006,0.0,0.0127,0.0,0.0,0.0031,0.0,0.002,0.0121,0.0,0.0001,0.0315,0.0,0.0,0.0
1996-01-18,0.0,0.0,0.0,0.0006,0.0029,0.0019,0.0,0.0,0.0078000000000000005,0.0,0.0,0.0,0.0,0.0,0.0139,0.0,0.0089,0.0,0.0,0.0007000000000000001,0.0012,0.0,0.0,0.0049,0.0091,0.0011,0.0095,0.0,0.0,0.0
1996-01-19,0.0,0.0015,0.0062,0.0,0.0,0.0,0.0,0.001,0.0,0.0046,0.0,0.0,0.0006,0.0,0.0,0.0,0.0,0.0042,0.0,0.0014000000000000002,0.015,0.0,0.0,0.0005,0.0,0.0,0.0,0.0027,0.0,0.0
1996-01-22,0.0,0.0046,0.0048,0.0006,0.0,0.0,0.0048,0.0,0.0,0.0,0.0,0.0,0.0,0.0004,0.0,0.0017000000000000001,0.0,0.0027,0.0078000000000000005,0.0042,0.012,0.0,0.0,0.0,0.0008,0.0,0.0,0.002,0.0,0.0
1996-01-23,0.0036,0.0,0.0,0.0,0.0,0.0,0.0048,0.0,0.004699999999999999,0.0038,0.0106,0.0,0.0,0.0118,0.0,0.012199999999999999,0.0018,0.0024,0.0113,0.0,0.0029,0.0058,0.0,0.005600000000000001,0.0,0.0,0.0,0.0,0.0013,0.0
1996-01-24,0.0,0.0,0.0,0.0,0.0,0.0,0.0,0.0,0.0,0.0,0.0,0.0,0.0,0.0,0.0,0.0,0.0191,0.0003,0.0,0.0,0.0,0.0,0.0,0.0,0.0,0.0,0.0,0.0,0.0,0.0
1996-01-25,0.0139,0.0101,0.0,0.0,0.0075,0.0131,0.0063,0.0026,0.0016,0.0045000000000000005,0.0,0.005600000000000001,0.0060999999999999995,0.0,0.0055000000000000005,0.0021,0.0,0.0,0.0,0.0046,0.0083,0.011399999999999999,0.0137,0.0,0.0078000000000000005,0.0024,0.003,0.0,0.0,0.0
1996-01-26,0.0,0.0,0.0052,0.0,0.0,0.0,0.0,0.0,0.0,0.0,0.0,0.0,0.0,0.0,0.0,0.0,0.0,0.005,0.0,0.0,0.0,0.0,0.0,0.0,0.0,0.0,0.0,0.0,0.0,0.0
1996-01-29,0.0,0.0,0.0,0.0,0.0003,0.0068000000000000005,0.0006,0.0,0.0,0.0,0.0,0.0,0.0,0.006,0.0,0.0,0.0,0.0024,0.0,0.0,0.0,0.0,0.0003,0.0,0.0,0.0,0.0,0.0004,0.0,0.0008
1996-01-30,0.0,0.0,0.0,0.0,0.0,0.0,0.0,0.0,0.0,0.0,0.0,0.0,0.0,0.0,0.0,0.0,0.0,0.0,0.0049,0.0,0.0,0.0,0.0,0.0,0.0001,0.0,0.0,0.0,0.0,0.0
1996-01-31,0.0068000000000000005,0.0002,0.0,0.0,0.0,0.0017000000000000001,0.0,0.0,0.0,0.0024,0.0,0.0022,0.0,0.0,0.0032,0.0,0.0,0.0,0.0,0.0,0.0,0.0,0.0,0.0,0.0,0.0,0.0,0.0,0.0,0.0
1996-02-01,0.0,0.0,0.0062,0.0139,0.0,0.0,0.0006,0.0001,0.0,0.0,0.0,0.0,0.0,0.0,0.0,0.0,0.0,0.0,0.0,0.0013,0.0,0.0,0.0,0.0,0.0013,0.0,0.0,0.0,0.0051,0.0
1996-02-02,0.008,0.0064,0.0,0.0054,0.0023,0.004699999999999999,0.0,0.0036,0.0055000000000000005,0.0108,0.0002,0.0,0.0,0.0,0.0187,0.0,0.0,0.0019,0.005,0.004,0.0024,0.0027,0.0,0.0005,0.0,0.0015,0.0059,0.0005,0.004699999999999999,0.0
1996-02-05,0.0,0.0,0.0,0.0,0.0,0.0,0.0,0.0,0.0,0.0,0.0055000000000000005,0.0031,0.0,0.0,0.0,0.0,0.0,0.0,0.0015,0.0,0.0,0.0,0.0,0.0,0.0,0.0,0.0,0.0,0.0,0.0
1996-02-06,0.0,0.0,0.0,0.0,0.0,0.0,0.0,0.0043,0.0,0.0,0.0,0.0,0.0,0.0,0.0,0.0,0.0023,0.005600000000000001,0.0005,0.0,0.0,0.0,0.0,0.0,0.0,0.0,0.0,0.0,0.0,0.0089
1996-02-07,0.0,0.0,0.0042,0.0,0.0,0.0,0.0021,0.0,0.0,0.0,0.0,0.0,0.0092,0.0072,0.0,0.0,0.030600000000000002,0.0069,0.0008,0.0,0.0,0.0,0.0104,0.0,0.0002,0.0013,0.0,0.0,0.0,0.0040999999999999995
1996-02-08,0.0,0.0,0.0,0.0,0.0,0.0,0.0,0.0,0.0,0.0,0.0,0.0,0.0,0.0,0.008,0.0,0.0139,0.0015,0.0,0.0,0.0027,0.0,0.0,0.0,0.0,0.0,0.0,0.0,0.0,0.0
1996-02-09,0.0,0.0011,0.0,0.0036,0.0,0.0,0.0037,0.0,0.0046,0.0,0.0,0.0075,0.0021,0.0005,0.0,0.0,0.0079,0.0175,0.0,0.0,0.0003,0.0,0.0017000000000000001,0.0,0.0,0.0,0.0,0.01,0.0001,0.0
1996-02-12,0.0,0.0004,0.0,0.0015,0.0,0.0121,0.0016,0.0,0.0,0.0,0.0,0.0,0.0,0.0,0.0,0.0,0.006999999999999999,0.0,0.0,0.0,0.0,0.0009,0.0,0.0,0.0,0.0,0.0,0.0,0.0,0.0
1996-02-13,0.0029,0.0,0.0060999999999999995,0.0,0.0,0.0,0.0,0.0005,0.0009,0.0014000000000000002,0.0021,0.011399999999999999,0.0031,0.0,0.0,0.0,0.0,0.0,0.0,0.0,0.0072,0.0031,0.0143,0.004699999999999999,0.0,0.004,0.005600000000000001,0.0165,0.0,0.0
1996-02-14,0.0053,0.0024,0.0104,0.0,0.0009,0.006500000000000001,0.0066,0.005699999999999999,0.005,0.0054,0.0078000000000000005,0.005699999999999999,0.0,0.0101,0.0019,0.0017000000000000001,0.0,0.0,0.0078000000000000005,0.006500000000000001,0.0191,0.0,0.0031,0.0022,0.0,0.0003,0.0,0.0187,0.0018,0.0037
1996-02-15,0.0054,0.0008,0.0,0.0036,0.0033,0.0011,0.0,0.0046,0.0013,0.0004,0.0006,0.0095,0.0,0.008100000000000001,0.023399999999999997,0.0052,0.019299999999999998,0.0,0.0,0.0,0.017,0.0,0.0,0.0045000000000000005,0.0084,0.0,0.0077,0.0,0.0,0.0058
1996-02-16,0.0015,0.0104,0.0,0.0017000000000000001,0.0,0.005699999999999999,0.009000000000000001,0.0084,0.005600000000000001,0.0018,0.0076,0.004,0.0046,0.0048,0.0,0.0059,0.0,0.0,0.0076,0.0043,0.0077,0.002,0.0,0.0084,0.0,0.0,0.0074,0.0076,0.0066,0.0031
1996-02-20,0.0089,0.0026,0.0,0.0073,0.008,0.013600000000000001,0.0046,0.0171,0.0089,0.004,0.013600000000000001,0.0172,0.0066,0.005699999999999999,0.0105,0.0053,0.0202,0.0248,0.005600000000000001,0.0165,0.016399999999999998,0.0074,0.0,0.0064,0.0032,0.008,0.0106,0.0088,0.0148,0.0059
1996-02-21,0.0,0.0,0.0008,0.0,0.0,0.0,0.0,0.0,0.0,0.0,0.0,0.0,0.0,0.0,0.0,0.0,0.0,0.0,0.0,0.0,0.0,0.0,0.0,0.0002,0.0,0.0,0.0,0.0,0.0,0.0
1996-02-22,0.0,0.0,0.0,0.0,0.0,0.0,0.0,0.0,0.0,0.0,0.0,0.0,0.0,0.0,0.0,0.0,0.0023,0.0,0.0,0.0,0.0,0.0,0.0,0.0,0.0,0.0,0.0,0.0,0.0,0.0
1996-02-23,0.0,0.0,0.008,0.0025,0.0024,0.0,0.0,0.0008,0.0,0.0052,0.0015,0.0,0.0,0.0,0.0087,0.0,0.0,0.0,0.011699999999999999,0.0059,0.0032,0.0,0.0,0.0009,0.0015,0.0,0.0,0.0077,0.0,0.0
1996-02-26,0.0008,0.0174,0.0073,0.0092,0.0037,0.005600000000000001,0.0124,0.0137,0.008100000000000001,0.0,0.0125,0.011200000000000002,0.009000000000000001,0.014199999999999999,0.0,0.0181,0.0,0.0,0.0184,0.009300000000000001,0.018000000000000002,0.0109,0.0067,0.013500000000000002,0.0083,0.0066,0.0174,0.0175,0.008,0.0028000000000000004
1996-02-27,0.0074,0.0019,0.0067,0.0034999999999999996,0.0025,0.0055000000000000005,0.0,0.0053,0.0,0.0031,0.0077,0.0074,0.0074,0.0084,0.0,0.0076,0.0045000000000000005,0.0236,0.0070999999999999995,0.0,0.0077,0.0078000000000000005,0.0032,0.0008,0.0040999999999999995,0.003,0.0015,0.0,0.0034000000000000002,0.0033
1996-02-28,0.0027,0.0073,0.0,0.0,0.0007000000000000001,0.0079,0.0,0.0,0.003,0.003,0.0049,0.0060999999999999995,0.0019,0.0152,0.0,0.0,0.0,0.0,0.0104,0.0045000000000000005,0.0006,0.0,0.005,0.0019,0.008199999999999999,0.0006,0.0023,0.005699999999999999,0.0,0.0048
1996-02-29,0.0105,0.0062,0.0043,0.0052,0.0083,0.0024,0.0,0.0025,0.0083,0.0036,0.0,0.0,0.0088,0.006500000000000001,0.005,0.006500000000000001,0.0,0.0054,0.0,0.009300000000000001,0.0042,0.0077,0.020499999999999997,0.0102,0.0,0.0059,0.0013,0.0,0.0063,0.0
1996-03-01,0.0,0.0,0.0,0.0,0.0,0.0,0.0,0.0,0.0,0.0,0.0,0.0,0.0,0.0,0.0,0.0,0.0070999999999999995,0.0,0.0,0.0,0.0032,0.0195,0.0364,0.0,0.0,0.0,0.0,0.0,0.0,0.0024
1996-03-04,0.0,0.0,0.0,0.0,0.0,0.0,0.0,0.0,0.0,0.0,0.0,0.0,0.0,0.0,0.0,0.0,0.0335,0.0,0.0031,0.0,0.0,0.0005,0.009000000000000001,0.0,0.0,0.0,0.0,0.0,0.0,0.0
1996-03-05,0.0,0.0,0.0,0.0,0.0022,0.0,0.0,0.0,0.0,0.0,0.0,0.0,0.0012,0.0,0.0,0.0026,0.0,0.0,0.0,0.0029,0.0,0.0,0.0,0.001,0.0045000000000000005,0.0,0.0,0.0,0.0,0.0017000000000000001
1996-03-06,0.0006,0.0196,0.0169,0.0006,0.0011,0.0023,0.0,0.0073,0.001,0.0,0.0,0.0,0.0,0.0048,0.0002,0.005,0.0,0.0,0.0,0.0043,0.0029,0.004699999999999999,0.0197,0.0,0.0,0.0007000000000000001,0.0006,0.0051,0.0039000000000000003,0.0
1996-03-07,0.0,0.0,0.0021,0.0,0.0,0.0,0.0,0.0,0.0052,0.0068000000000000005,0.0,0.0,0.0045000000000000005,0.0002,0.0,0.0048,0.0,0.0004,0.0,0.0,0.0029,0.0,0.001,0.0,0.0036,0.0008,0.001,0.0,0.0002,0.0
1996-03-08,0.0326,0.0368,0.023399999999999997,0.0276,0.031200000000000002,0.0262,0.0263,0.0365,0.0197,0.0232,0.0246,0.0175,0.018600000000000002,0.0373,0.027200000000000002,0.024399999999999998,0.0137,0.0276,0.030299999999999997,0.0242,0.033,0.025699999999999997,0.019299999999999998,0.0175,0.020499999999999997,0.0179,0.024399999999999998,0.0354,0.0373,0.0197
1996-03-11,0.0,0.0,0.0,0.0,0.0,0.0,0.0,0.0,0.0,0.0052,0.0,0.0,0.0,0.0,0.0,0.0,0.0,0.0,0.0,0.0029,0.0,0.0,0.0,0.0,0.0,0.0,0.0,0.0,0.0039000000000000003,0.0
1996-03-12,0.0,0.0,0.0,0.0,0.0025,0.0042,0.0,0.0106,0.0,0.0,0.0026,0.0025,0.0003,0.015600000000000001,0.0,0.0033,0.0053,0.0001,0.0,0.0104,0.016399999999999998,0.004699999999999999,0.0111,0.0,0.0037,0.0033,0.0,0.0,0.0068000000000000005,0.0
1996-03-13,0.011200000000000002,0.0069,0.0165,0.0,0.0,0.0026,0.0,0.005600000000000001,0.0,0.0,0.0,0.0,0.0,0.004699999999999999,0.0,0.0021,0.0,0.0,0.0,0.0009,0.0,0.0,0.0,0.0,0.0,0.0,0.0,0.0,0.0,0.0
1996-03-14,0.018000000000000002,0.0,0.012199999999999999,0.0,0.0,0.0,0.0,0.0004,0.0,0.0,0.0,0.0,0.0,0.0,0.0,0.0,0.0,0.0059,0.0,0.0,0.0083,0.0,0.0,0.0027,0.0,0.0,0.0,0.0,0.0,0.0
1996-03-15,0.0,0.0046,0.0078000000000000005,0.0029,0.0,0.005600000000000001,0.0,0.0,0.0,0.0,0.0,0.0059,0.0,0.0,0.0102,0.006,0.0,0.0,0.0154,0.0021,0.0,0.0,0.0,0.0,0.0073,0.0,0.0,0.0,0.0011,0.0008
1996-03-18,0.0108,0.0,0.0066,0.0014000000000000002,0.0,0.0,0.0,0.0,0.0,0.0,0.0,0.0,0.0,0.0,0.0,0.0,0.0032,0.0027,0.0,0.0,0.0,0.0,0.0,0.0,0.0,0.0,0.0,0.0,0.0,0.0
1996-03-19,0.019,0.0015,0.020499999999999997,0.009899999999999999,0.0,0.0007000000000000001,0.0019,0.0040999999999999995,0.0,0.0,0.0027,0.0009,0.0032,0.0085,0.0,0.0,0.0,0.0,0.0,0.0032,0.0,0.0,0.0085,0.0,0.0,0.0,0.0086,0.015600000000000001,0.0005,0.0
1996-03-20,0.0,0.0,0.0,0.0,0.0013,0.0,0.0025,0.0,0.0098,0.0,0.004699999999999999,0.0131,0.0089,0.0001,0.0042,0.0,0.0053,0.0,0.0171,0.0,0.0,0.006999999999999999,0.0278,0.0049,0.009399999999999999,0.0,0.0006,0.0,0.0,0.0011
1996-03-21,0.0103,0.0058,0.0,0.0064,0.0086,0.0,0.0001,0.0,0.0,0.0,0.0008,0.0,0.0,0.0,0.0,0.0024,0.0,0.016,0.0,0.0,0.0,0.015600000000000001,0.0098,0.0054,0.0034999999999999996,0.0,0.0025,0.011000000000000001,0.0026,0.0004
1996-03-22,0.0,0.0,0.0,0.0,0.0009,0.0,0.0,0.0039000000000000003,0.0017000000000000001,0.0,0.0,0.0019,0.0,0.0,0.0,0.0,0.0,0.0022,0.0,0.0,0.0025,0.0,0.0,0.0005,0.0,0.0,0.0,0.0,0.0,0.0
1996-03-25,0.0,0.0,0.0109,0.0064,0.0,0.0059,0.0,0.0073,0.0028000000000000004,0.0,0.0,0.0012,0.0062,0.0,0.0,0.005699999999999999,0.0,0.0091,0.0,0.0,0.0,0.013600000000000001,0.024399999999999998,0.0002,0.0159,0.0039000000000000003,0.0078000000000000005,0.0079,0.0,0.0
1996-03-26,0.0,0.0,0.0,0.0,0.003,0.0,0.0,0.0,0.0046,0.0004,0.0,0.0,0.0,0.0,0.0045000000000000005,0.0,0.0,0.0,0.0,0.0,0.0,0.0,0.0004,0.0,0.0,0.0,0.0029,0.0007000000000000001,0.0,0.0
1996-03-27,0.0106,0.0074,0.0038,0.004699999999999999,0.006,0.011399999999999999,0.0005,0.010700000000000001,0.005699999999999999,0.0025,0.006,0.0019,0.0013,0.0021,0.0059,0.0018,0.0044,0.0,0.0055000000000000005,0.0,0.0059,0.0,0.0,0.0078000000000000005,0.0124,0.0052,0.0,0.004,0.003,0.0073
1996-03-28,0.0013,0.0,0.006500000000000001,0.002,0.0053,0.003,0.0005,0.0,0.0,0.0,0.002,0.0,0.0034999999999999996,0.005699999999999999,0.0,0.0044,0.024900000000000002,0.0,0.0,0.0031,0.006500000000000001,0.0,0.0009,0.0,0.0,0.0,0.0,0.0012,0.0,0.0
1996-03-29,0.0052,0.011200000000000002,0.0208,0.0,0.0,0.0101,0.0039000000000000003,0.0,0.0,0.0031,0.0042,0.004699999999999999,0.0054,0.004,0.0049,0.016,0.0,0.0,0.0158,0.0062,0.0022,0.0,0.0,0.0033,0.0069,0.0007000000000000001,0.0083,0.0078000000000000005,0.0,0.0
1996-04-01,0.0,0.0,0.0,0.0,0.0,0.0,0.0,0.0,0.0,0.0,0.0,0.0028000000000000004,0.0,0.0,0.0,0.0003,0.0084,0.0,0.0,0.0,0.0,0.0,0.0,0.0,0.0012,0.0,0.0,0.0,0.0,0.0
1996-04-02,0.0,0.0015,0.0,0.0,0.0,0.0005,0.0076,0.0,0.0,0.0032,0.0,0.0,0.0026,0.0,0.0,0.0,0.0,0.0,0.0,0.0015,0.0,0.0,0.0,0.0022,0.0,0.0002,0.0113,0.0,0.0,0.008100000000000001
1996-04-03,0.0,0.0,0.0,0.0,0.0,0.0,0.0031,0.0023,0.0021,0.0,0.0,0.0029,0.0,0.0,0.005600000000000001,0.0,0.0,0.0042,0.0,0.0023,0.0,0.0015,0.0,0.0015,0.0,0.0019,0.0,0.0066,0.0009,0.0
1996-04-04,0.0,0.0014000000000000002,0.0002,0.0,0.0023,0.0,0.0,0.0,0.0,0.006,0.0006,0.0,0.0,0.0,0.0,0.0098,0.0087,0.0001,0.0,0.0025,0.0116,0.0007000000000000001,0.0004,0.0002,0.0,0.0,0.0005,0.0,0.0003,0.0001
1996-04-08,0.020499999999999997,0.0172,0.0325,0.0097,0.0131,0.022400000000000003,0.015600000000000001,0.0168,0.0116,0.0184,0.018799999999999997,0.0,0.0123,0.0098,0.013300000000000001,0.0191,0.0,0.0134,0.0166,0.0255,0.0282,0.016200000000000003,0.0,0.0118,0.0161,0.0143,0.0195,0.013500000000000002,0.024399999999999998,0.0195
1996-04-09,0.006,0.0105,0.0060999999999999995,0.0031,0.0034000000000000002,0.0069,0.0,0.008100000000000001,0.0,0.0,0.0,0.0,0.0,0.011699999999999999,0.0,0.0025,0.0078000000000000005,0.0,0.0,0.0,0.0003,0.0079,0.0,0.0,0.0,0.0,0.0,0.0019,0.0063,0.0
1996-04-10,0.0195,0.0318,0.02,0.0195,0.0096,0.0137,0.0025,0.026600000000000002,0.0083,0.013600000000000001,0.0068000000000000005,0.0,0.0095,0.019,0.0058,0.0158,0.0,0.004,0.0084,0.0115,0.0,0.0018,0.0,0.0021,0.012,0.0026,0.0134,0.0023,0.021400000000000002,0.005
1996-04-11,0.0,0.0,0.0032,0.0141,0.0091,0.0,0.0,0.0046,0.0076,0.0066,0.0055000000000000005,0.0054,0.0012,0.0121,0.011899999999999999,0.0123,0.0,0.0,0.0,0.0078000000000000005,0.0055000000000000005,0.0060999999999999995,0.0098,0.0021,0.0111,0.0002,0.0,0.0163,0.0095,0.0028000000000000004
1996-04-12,0.0,0.0,0.0034999999999999996,0.0,0.0,0.0,0.0,0.0,0.0,0.0,0.0,0.0,0.0001,0.0,0.0,0.0,0.0241,0.0027,0.008100000000000001,0.0,0.0,0.0,0.0123,0.0002,0.0,0.0,0.0,0.0,0.0,0.0037
1996-04-15,0.0,0.0,0.0,0.0,0.0,0.0,0.0,0.0,0.0,0.0,0.0064,0.0,0.0,0.0,0.0,0.0,0.0027,0.0033,0.0,0.0,0.0,0.0,0.0,0.0,0.0,0.0,0.0,0.0,0.0,0.0
1996-04-16,0.0,0.0004,0.0,0.0,0.0,0.0,0.0,0.0004,0.0,0.0,0.0,0.0,0.0,0.006,0.0,0.003,0.0103,0.0,0.0,0.0,0.0,0.0,0.0,0.0,0.0,0.0,0.0,0.0,0.0074,0.0
1996-04-17,0.008,0.013300000000000001,0.0059,0.0,0.0033,0.0038,0.0,0.0072,0.0033,0.0,0.0058,0.0069,0.0087,0.0,0.0,0.0036,0.0106,0.0173,0.008,0.0038,0.0,0.0028000000000000004,0.0192,0.0044,0.0,0.0,0.0058,0.014499999999999999,0.0022,0.0
1996-04-18,0.0023,0.0028000000000000004,0.0,0.0,0.0,0.0,0.0034999999999999996,0.0,0.0,0.0,0.0,0.0,0.0,0.0,0.004699999999999999,0.0,0.0,0.0,0.0143,0.0004,0.0,0.0,0.0,0.0022,0.0,0.0,0.0054,0.0,0.0,0.0
1996-04-19,0.0007000000000000001,0.008,0.0023,0.0,0.0,0.0012,0.0,0.0,0.0,0.0,0.0,0.0051,0.0,0.0005,0.0025,0.0006,0.0212,0.006500000000000001,0.0,0.0018,0.0,0.0,0.0,0.0052,0.0002,0.0,0.0,0.0038,0.0,0.0
1996-04-22,0.0,0.0,0.0032,0.0002,0.0,0.0,0.0023,0.0046,0.0019,0.0,0.0,0.011000000000000001,0.0,0.0,0.0,0.0,0.0,0.0016,0.0,0.0,0.0,0.0,0.0,0.0,0.0,0.0,0.0,0.0,0.0,0.0001
1996-04-23,0.0,0.0,0.0,0.0,0.0,0.0,0.0,0.0,0.0001,0.0,0.0021,0.0013,0.0,0.0,0.0,0.0,0.0,0.0,0.0,0.0,0.0012,0.0,0.0,0.0,0.0085,0.0,0.0,0.0016,0.0,0.0019
1996-04-24,0.0085,0.008199999999999999,0.014199999999999999,0.0034000000000000002,0.003,0.0009,0.0039000000000000003,0.011899999999999999,0.0040999999999999995,0.0,0.0031,0.005,0.0,0.0028000000000000004,0.0034000000000000002,0.0040999999999999995,0.0024,0.0,0.0,0.0,0.0026,0.0,0.0,0.0,0.0,0.0,0.0008,0.0,0.0036,0.0
1996-04-25,0.0,0.0,0.0,0.0,0.0,0.0,0.001,0.0,0.0076,0.0,0.0,0.0,0.0,0.0074,0.0,0.0004,0.0,0.015700000000000002,0.0001,0.0,0.0,0.0,0.0,0.0,0.0027,0.0,0.0,0.0,0.0,0.0
1996-04-26,0.0,0.0002,0.0002,0.0,0.0004,0.0,0.0,0.0,0.0014000000000000002,0.0,0.0,0.0,0.0031,0.0008,0.0,0.0,0.006999999999999999,0.0,0.0005,0.0,0.0026,0.0,0.0017000000000000001,0.0019,0.0,0.0,0.0,0.0,0.0,0.0
1996-04-29,0.0,0.0,0.0,0.0,0.0,0.0019,0.0,0.0,0.0,0.0046,0.0,0.0,0.0087,0.0015,0.0,0.0042,0.0023,0.0004,0.0,0.0,0.0,0.0,0.0055000000000000005,0.0,0.0008,0.0,0.0044,0.0,0.0006,0.0
1996-04-30,0.0,0.0,0.0103,0.0007000000000000001,0.0,0.0006,0.0,0.0,0.0,0.0,0.0,0.0053,0.0016,0.0039000000000000003,0.0006,0.0,0.0,0.012,0.011000000000000001,0.0,0.0021,0.0,0.0015,0.0042,0.0,0.0018,0.0,0.004,0.0,0.0
1996-05-01,0.0,0.0,0.0,0.0,0.0,0.0,0.0,0.0,0.0001,0.0,0.0,0.0,0.0,0.0,0.0,0.003,0.0009,0.0,0.0116,0.0,0.0013,0.0,0.0,0.0,0.0,0.0,0.0,0.0,0.0,0.0
1996-05-02,0.0163,0.016,0.0169,0.0106,0.0076,0.0116,0.0097,0.0254,0.0042,0.0111,0.015700000000000002,0.0036,0.0077,0.005600000000000001,0.0076,0.021,0.0055000000000000005,0.011699999999999999,0.009399999999999999,0.0106,0.023399999999999997,0.0199,0.0118,0.0086,0.006999999999999999,0.0074,0.0182,0.0222,0.0215,0.0101
1996-05-03,0.0032,0.0059,0.0,0.0036,0.0053,0.0,0.0,0.005699999999999999,0.0,0.0,0.0,0.0,0.0031,0.0039000000000000003,0.0015,0.0024,0.0091,0.0,0.0034999999999999996,0.006999999999999999,0.0,0.0,0.0,0.0,0.0064,0.0018,0.0,0.0059,0.0028000000000000004,0.0
1996-05-06,0.0023,0.0,0.0075,0.0,0.0,0.0059,0.0,0.0046,0.0017000000000000001,0.0,0.0,0.0,0.0005,0.0055000000000000005,0.0037,0.0077,0.0,0.0019,0.005,0.0,0.0009,0.0,0.0,0.0,0.0040999999999999995,0.0,0.0043,0.0,0.006999999999999999,0.0004
1996-05-07,0.0111,0.0,0.0,0.0060999999999999995,0.0087,0.0021,0.0,0.0,0.0092,0.0004,0.0123,0.01,0.0066,0.010700000000000001,0.0008,0.010700000000000001,0.0,0.0034000000000000002,0.0104,0.0006,0.006500000000000001,0.0011,0.008199999999999999,0.0072,0.0091,0.0076,0.001,0.008,0.0,0.0066
1996-05-08,0.0,0.0,0.0001,0.0108,0.0,0.0,0.0,0.0,0.0001,0.0063,0.0,0.0,0.0,0.0,0.0031,0.0,0.0,0.011699999999999999,0.0,0.0,0.0,0.0015,0.0,0.0044,0.0,0.0,0.0,0.0,0.0,0.0
1996-05-09,0.0,0.0,0.004,0.0,0.0,0.0,0.0,0.0034000000000000002,0.0028000000000000004,0.0,0.0,0.0,0.0,0.0,0.0007000000000000001,0.0,0.0021,0.0,0.0,0.0,0.0,0.0,0.001,0.0028000000000000004,0.0,0.0,0.0,0.0062,0.0,0.0
1996-05-10,0.0,0.0,0.0,0.0,0.0,0.0,0.0,0.0,0.0,0.0,0.0,0.0,0.0,0.0,0.0042,0.0,0.0076,0.0,0.0,0.0,0.0,0.0,0.0,0.0,0.0,0.0,0.0,0.0,0.0,0.0
1996-05-13,0.0,0.0,0.0,0.0,0.0,0.0,0.0,0.0,0.0,0.0,0.0,0.0,0.0,0.0,0.0,0.0,0.0,0.0,0.0,0.0,0.0,0.0,0.0,0.0,0.0,0.0,0.0,0.0,0.0,0.0
1996-05-14,0.0,0.0,0.0022,0.0,0.0021,0.0,0.0,0.0,0.0,0.0,0.0,0.0,0.0,0.0,0.0,0.0,0.0,0.0,0.0,0.0,0.0,0.0,0.0,0.0,0.0,0.0,0.0,0.0,0.0,0.0
1996-05-15,0.0,0.0,0.0,0.0034999999999999996,0.0,0.0,0.0083,0.0,0.006999999999999999,0.0029,0.0005,0.0,0.0016,0.0026,0.0,0.0009,0.0012,0.0,0.0,0.0028000000000000004,0.0017000000000000001,0.0,0.0,0.0,0.0,0.0,0.006,0.006999999999999999,0.0022,0.0008
1996-05-16,0.0,0.0,0.0086,0.0,0.0,0.0,0.0006,0.0,0.0022,0.0,0.0,0.001,0.0001,0.0,0.0,0.0,0.004,0.0,0.0118,0.0046,0.0,0.0,0.0044,0.0,0.0054,0.0,0.0,0.0003,0.0034999999999999996,0.0013
1996-05-17,0.0,0.0,0.0,0.0,0.0,0.0004,0.0,0.0,0.0,0.0,0.0,0.0,0.0,0.0,0.0,0.0,0.0032,0.0,0.0,0.0,0.0044,0.0025,0.0,0.0,0.0,0.0,0.0,0.0,0.0,0.001
1996-05-20,0.0,0.0,0.0,0.0,0.0,0.0,0.0,0.0,0.0,0.0,0.0,0.011699999999999999,0.0,0.0,0.0016,0.0031,0.0169,0.0,0.0,0.0003,0.0022,0.0,0.0,0.0,0.0042,0.0,0.0,0.0,0.0,0.0
1996-05-21,0.0,0.0003,0.0,0.0013,0.0029,0.0,0.0,0.0038,0.0,0.0,0.0,0.0,0.002,0.0101,0.0,0.0,0.0,0.0,0.009899999999999999,0.0003,0.0,0.0034999999999999996,0.0078000000000000005,0.0,0.0,0.0005,0.0,0.0,0.0,0.0
1996-05-22,0.0,0.0,0.0,0.0,0.0,0.0,0.0013,0.0,0.0016,0.0,0.0,0.0072,0.0,0.0,0.0,0.0,0.0051,0.0,0.0,0.0,0.0,0.0,0.0009,0.0,0.0,0.0,0.0,0.0,0.0,0.0
1996-05-23,0.0,0.0089,0.0,0.0098,0.0,0.0059,0.0,0.0,0.004699999999999999,0.0,0.0091,0.0027,0.0083,0.0033,0.0066,0.0005,0.0063,0.0,0.0,0.0023,0.0088,0.0,0.0019,0.0029,0.0085,0.0011,0.0060999999999999995,0.0108,0.0038,0.0062
1996-05-24,0.0,0.0,0.0,0.0,0.0,0.0,0.001,0.0,0.0,0.0,0.0,0.0,0.002,0.0,0.0103,0.006,0.0052,0.0109,0.0051,0.0,0.0,0.0024,0.004,0.0,0.0001,0.0,0.0,0.0,0.0,0.0
1996-05-28,0.0173,0.0258,0.0319,0.0040999999999999995,0.005600000000000001,0.0097,0.0151,0.0091,0.0031,0.004,0.0098,0.0102,0.009399999999999999,0.0225,0.0,0.0015,0.0,0.006,0.01,0.006500000000000001,0.0026,0.0111,0.0058,0.0095,0.0045000000000000005,0.0125,0.0009,0.0109,0.0102,0.0101
1996-05-29,0.0,0.0015,0.0,0.016200000000000003,0.0048,0.008,0.0039000000000000003,0.0053,0.0086,0.0073,0.0055000000000000005,0.0077,0.008199999999999999,0.006500000000000001,0.008199999999999999,0.0087,0.0013,0.0042,0.0106,0.0044,0.0029,0.0091,0.011699999999999999,0.011899999999999999,0.0042,0.0091,0.0032,0.0001,0.0039000000000000003,0.003
1996-05-30,0.0,0.0,0.0,0.0,0.0,0.0,0.0,0.0,0.0,0.0,0.0,0.0,0.0,0.0,0.0,0.0,0.0,0.0,0.0,0.0,0.0084,0.0,0.0,0.0,0.0075,0.0,0.0,0.0,0.0,0.0
1996-05-31,0.0070999999999999995,0.0116,0.0235,0.0014000000000000002,0.0028000000000000004,0.008199999999999999,0.0,0.0016,0.0076,0.0,0.0044,0.0044,0.0,0.0034999999999999996,0.0017000000000000001,0.0,0.0,0.0,0.0098,0.01,0.0049,0.0,0.0,0.005600000000000001,0.0023,0.0011,0.001,0.0028000000000000004,0.0031,0.0
1996-06-03,0.002,0.0,0.0,0.0001,0.0022,0.0018,0.0,0.0,0.0,0.0,0.002,0.0075,0.008199999999999999,0.0,0.0,0.0052,0.0058,0.0002,0.0062,0.0048,0.0129,0.008100000000000001,0.0062,0.0014000000000000002,0.0,0.0003,0.0,0.0,0.0,0.004
1996-06-04,0.0,0.0,0.0,0.0,0.0,0.0,0.0,0.0,0.0,0.0,0.0,0.0058,0.0,0.0,0.0,0.0,0.0208,0.0,0.0,0.0,0.0,0.0,0.0,0.0,0.0003,0.0,0.0,0.0,0.0,0.0
1996-06-05,0.0,0.0,0.0097,0.0,0.0,0.0,0.0,0.0,0.0,0.0,0.0,0.0079,0.0011,0.0,0.0,0.0,0.0337,0.0,0.0,0.0,0.0,0.0,0.0,0.0,0.0,0.0,0.0,0.0,0.0,0.0
1996-06-06,0.0008,0.0123,0.0003,0.0,0.0027,0.0014000000000000002,0.0032,0.0053,0.009399999999999999,0.0,0.0070999999999999995,0.0171,0.015700000000000002,0.0,0.0111,0.0087,0.0199,0.0063,0.0086,0.0005,0.0097,0.0104,0.0226,0.0103,0.004699999999999999,0.0079,0.0069,0.0033,0.0027,0.0074
1996-06-07,0.0,0.0,0.0,0.0018,0.0064,0.0,0.0005,0.0,0.0,0.006999999999999999,0.0019,0.0,0.0,0.0034999999999999996,0.0059,0.0,0.0034000000000000002,0.0106,0.0,0.0083,0.0015,0.0,0.0,0.0,0.0053,0.0,0.0026,0.0075,0.0124,0.006500000000000001
1996-06-10,0.0054,0.0028000000000000004,0.0,0.0018,0.0,0.0007000000000000001,0.0,0.0,0.0054,0.0044,0.002,0.0,0.006500000000000001,0.0,0.0012,0.0,0.0049,0.0,0.0051,0.0018,0.0,0.0004,0.0002,0.0027,0.0004,0.0,0.0,0.0006,0.003,0.0018
1996-06-11,0.0,0.0,0.0060999999999999995,0.0013,0.0019,0.0037,0.0005,0.0058,0.0031,0.0,0.0,0.0038,0.0006,0.0138,0.001,0.0104,0.0102,0.0,0.001,0.0,0.0016,0.0,0.0009,0.0,0.0007000000000000001,0.0014000000000000002,0.0018,0.0,0.0,0.0
1996-06-12,0.0,0.0086,0.0096,0.0043,0.0,0.0023,0.0,0.003,0.0,0.0,0.0,0.0039000000000000003,0.0016,0.0,0.0,0.008199999999999999,0.0064,0.0,0.004,0.0048,0.0075,0.0,0.0,0.0,0.0014000000000000002,0.0004,0.0002,0.0,0.0,0.0034999999999999996
1996-06-13,0.0,0.0,0.0,0.0054,0.0,0.0,0.006,0.0,0.0022,0.0,0.004699999999999999,0.0045000000000000005,0.0040999999999999995,0.0,0.0053,0.0075,0.0,0.0,0.003,0.0,0.0,0.0053,0.013300000000000001,0.01,0.0048,0.0,0.0034999999999999996,0.0060999999999999995,0.0,0.0054
1996-06-14,0.0,0.010700000000000001,0.008,0.0025,0.0098,0.0058,0.0044,0.0,0.005,0.0077,0.002,0.0069,0.0074,0.0014000000000000002,0.0069,0.0037,0.0031,0.0,0.0021,0.0,0.0018,0.011000000000000001,0.015700000000000002,0.0,0.0059,0.0074,0.0025,0.0046,0.0009,0.0075
1996-06-17,0.0025,0.0,0.0,0.002,0.0017000000000000001,0.0054,0.0027,0.0068000000000000005,0.0,0.003,0.0,0.0,0.0027,0.0,0.0076,0.002,0.0,0.0,0.0,0.002,0.0,0.004,0.0077,0.0,0.005,0.0008,0.0007000000000000001,0.0,0.0,0.0
1996-06-18,0.0085,0.0,0.0,0.0053,0.0028000000000000004,0.005600000000000001,0.0034999999999999996,0.0115,0.0034000000000000002,0.0,0.0025,0.0,0.0067,0.0083,0.0027,0.004,0.0,0.0553,0.0013,0.0,0.004699999999999999,0.016,0.0255,0.0040999999999999995,0.0,0.0067,0.011399999999999999,0.0085,0.0014000000000000002,0.0067
1996-06-19,0.0001,0.0,0.0,0.0032,0.0066,0.0,0.0036,0.0004,0.006500000000000001,0.0015,0.0,0.0008,0.0024,0.0005,0.0,0.0,0.0,0.0,0.0,0.0001,0.005699999999999999,0.0009,0.0,0.0,0.0070999999999999995,0.0006,0.0087,0.005,0.0040999999999999995,0.0038
1996-06-20,0.0,0.0,0.0,0.0031,0.0,0.0,0.013999999999999999,0.0,0.0,0.0069,0.0,0.0043,0.0038,0.0007000000000000001,0.0059,0.0,0.0018,0.0217,0.0,0.0,0.0,0.0027,0.0064,0.0,0.002,0.0128,0.0042,0.006500000000000001,0.0123,0.0036
1996-06-21,0.0,0.0,0.0,0.0,0.0033,0.0,0.0,0.0,0.0,0.0,0.0,0.0,0.0,0.0,0.0005,0.0,0.0086,0.0023,0.0,0.0,0.0,0.0,0.0,0.0,0.0,0.0,0.0,0.0,0.0,0.0
1996-06-24,0.0,0.0,0.0,0.0046,0.0,0.0,0.0018,0.0018,0.0,0.0023,0.0,0.0066,0.0,0.0,0.0106,0.0,0.0,0.0,0.0,0.0,0.0,0.0,0.0,0.0,0.0,0.0,0.0,0.0,0.0,0.0
1996-06-25,0.0,0.0008,0.017,0.0044,0.0048,0.0,0.009899999999999999,0.0,0.0079,0.003,0.0002,0.0060999999999999995,0.0129,0.0,0.0174,0.0,0.0109,0.0,0.0,0.0,0.0101,0.0085,0.012199999999999999,0.009000000000000001,0.0048,0.0088,0.008,0.0,0.0,0.0027
1996-06-26,0.0032,0.0,0.0,0.0182,0.0048,0.008,0.0089,0.0101,0.009899999999999999,0.0075,0.0019,0.005699999999999999,0.0074,0.0105,0.0148,0.0116,0.016,0.0,0.0,0.0,0.0031,0.0173,0.018799999999999997,0.0038,0.0105,0.0155,0.0124,0.008199999999999999,0.0028000000000000004,0.0063
1996-06-27,0.0,0.0,0.0018,0.0,0.0,0.006999999999999999,0.0,0.0012,0.0007000000000000001,0.0,0.0033,0.011000000000000001,0.0,0.0,0.0,0.0,0.005,0.0049,0.0,0.0,0.0,0.0,0.0,0.0085,0.0,0.0,0.0,0.0031,0.0,0.0004
1996-06-28,0.0004,0.0,0.0077,0.0,0.0,0.0,0.0,0.0,0.0,0.0,0.0,0.0,0.0,0.0060999999999999995,0.0,0.0098,0.0,0.0,0.0002,0.0,0.0,0.0,0.0,0.0,0.0,0.0,0.0,0.0,0.0,0.0
1996-07-01,0.0,0.0,0.0,0.0,0.0,0.0,0.0003,0.0,0.0,0.0,0.0026,0.0,0.0,0.0,0.0,0.0,0.0,0.0053,0.0,0.0015,0.0,0.0,0.0,0.0,0.0,0.0,0.0022,0.0,0.0,0.0063
1996-07-02,0.0021,0.0007000000000000001,0.0024,0.0139,0.001,0.0075,0.0,0.0023,0.005600000000000001,0.0,0.0014000000000000002,0.0037,0.0,0.0,0.0,0.0,0.0,0.0,0.0,0.0026,0.0074,0.0044,0.01,0.013600000000000001,0.0043,0.0007000000000000001,0.0002,0.0053,0.001,0.0021
1996-07-03,0.0029,0.011200000000000002,0.0,0.0064,0.0006,0.0,0.0,0.0007000000000000001,0.0019,0.0011,0.0055000000000000005,0.004,0.0017000000000000001,0.0032,0.0268,0.0034999999999999996,0.0024,0.0098,0.0,0.0024,0.0,0.0095,0.0128,0.0015,0.0,0.0042,0.0007000000000000001,0.0098,0.0011,0.0
1996-07-05,0.0151,0.026099999999999998,0.0264,0.0217,0.0161,0.0206,0.0177,0.0233,0.0171,0.0083,0.0183,0.0147,0.0175,0.0171,0.0215,0.0158,0.0,0.015300000000000001,0.0131,0.024,0.018500000000000003,0.0216,0.0207,0.014499999999999999,0.0254,0.0171,0.0171,0.016399999999999998,0.0252,0.0139
1996-07-08,0.0075,0.005600000000000001,0.006500000000000001,0.0113,0.0033,0.0036,0.0131,0.0046,0.0091,0.0076,0.0068000000000000005,0.0043,0.0022,0.018000000000000002,0.0096,0.0039000000000000003,0.0098,0.0,0.0005,0.0,0.015300000000000001,0.0058,0.0040999999999999995,0.0039000000000000003,0.0064,0.0070999999999999995,0.0178,0.0182,0.0144,0.0104
1996-07-09,0.0,0.0,0.0,0.0124,0.0024,0.0,0.0,0.0005,0.0,0.0027,0.0,0.0,0.0,0.0,0.0,0.0,0.0,0.0051,0.0,0.0,0.0,0.0022,0.0016,0.0,0.0,0.0,0.0,0.0,0.0,0.0
1996-07-10,0.0,0.0,0.0,0.006500000000000001,0.005600000000000001,0.0,0.009000000000000001,0.0039000000000000003,0.0,0.0131,0.0,0.0007000000000000001,0.0091,0.0,0.0,0.0040999999999999995,0.0062,0.0,0.0,0.0,0.0,0.0083,0.0121,0.0,0.0051,0.0042,0.0086,0.0073,0.0,0.0042
1996-07-11,0.004,0.0113,0.0028000000000000004,0.0276,0.0123,0.027000000000000003,0.0292,0.015300000000000001,0.0106,0.0096,0.0163,0.0222,0.018799999999999997,0.018500000000000003,0.0175,0.018799999999999997,0.015600000000000001,0.016,0.0006,0.0032,0.0121,0.0347,0.0453,0.0048,0.014199999999999999,0.022799999999999997,0.0213,0.017,0.019,0.0126
1996-07-12,0.0032,0.0042,0.0023,0.0,0.0031,0.0054,0.0,0.0026,0.0046,0.0,0.0,0.0,0.0062,0.0,0.0143,0.0,0.0196,0.0024,0.0,0.0,0.0,0.008,0.0045000000000000005,0.0039000000000000003,0.0007000000000000001,0.0016,0.0,0.0036,0.0,0.0018
1996-07-15,0.0174,0.0318,0.013500000000000002,0.0434,0.0282,0.032400000000000005,0.039599999999999996,0.022099999999999998,0.0302,0.0291,0.022400000000000003,0.0281,0.0405,0.028999999999999998,0.0151,0.0242,0.012,0.0161,0.0174,0.0068000000000000005,0.0311,0.0426,0.048600000000000004,0.02,0.029900000000000003,0.026099999999999998,0.0313,0.0256,0.016399999999999998,0.030299999999999997
1996-07-16,0.005699999999999999,0.0,0.0023,0.0113,0.0173,0.0,0.0124,0.0073,0.005,0.022400000000000003,0.0189,0.0101,0.0074,0.009300000000000001,0.0058,0.0191,0.025,0.0169,0.0208,0.0085,0.0002,0.0003,0.0,0.0008,0.015700000000000002,0.014199999999999999,0.0146,0.005699999999999999,0.0014000000000000002,0.021400000000000002
1996-07-17,0.0,0.0032,0.009899999999999999,0.0,0.0,0.0,0.0,0.0,0.0046,0.0,0.0,0.0,0.0,0.0,0.0,0.0,0.008199999999999999,0.0083,0.0077,0.0042,0.0,0.0,0.0,0.0,0.0,0.0,0.0,0.0,0.0,0.0
1996-07-18,0.0,0.0,0.0,0.0,0.0,0.0,0.0,0.0,0.0,0.0,0.0,0.0,0.0,0.0,0.0,0.0,0.0,0.0073,0.0,0.0,0.0,0.0,0.0,0.0,0.0,0.0,0.0,0.0,0.0,0.0
1996-07-19,0.0049,0.0052,0.0037,0.0108,0.0087,0.0008,0.0179,0.004699999999999999,0.0022,0.0,0.0,0.0038,0.0121,0.0182,0.0067,0.0073,0.0,0.0189,0.0018,0.0072,0.0084,0.0092,0.0189,0.0025,0.0032,0.005,0.0111,0.0073,0.0075,0.0062
1996-07-22,0.0037,0.0,0.0070999999999999995,0.0187,0.0079,0.0059,0.0015,0.005699999999999999,0.0085,0.0,0.003,0.0111,0.0118,0.0123,0.0001,0.0116,0.008199999999999999,0.0106,0.0053,0.0034999999999999996,0.020099999999999996,0.017,0.0175,0.0068000000000000005,0.015,0.013500000000000002,0.0179,0.008199999999999999,0.0038,0.0113
1996-07-23,0.0,0.0023,0.0034999999999999996,0.012,0.0084,0.0004,0.0034999999999999996,0.020499999999999997,0.008100000000000001,0.01,0.0146,0.0155,0.0165,0.0168,0.0074,0.0181,0.010700000000000001,0.0,0.0098,0.0026,0.0167,0.0321,0.0392,0.0085,0.0016,0.0096,0.0152,0.0178,0.0070999999999999995,0.0115
1996-07-24,0.0033,0.0218,0.0,0.0176,0.0115,0.008,0.0079,0.0008,0.0,0.0049,0.014499999999999999,0.0049,0.0075,0.0,0.0148,0.0,0.0143,0.0105,0.008199999999999999,0.0006,0.0,0.0,0.0,0.008100000000000001,0.015,0.01,0.0,0.0053,0.0028000000000000004,0.0103
1996-07-25,0.0,0.0038,0.0,0.0,0.0,0.0,0.0,0.0,0.0,0.0,0.0,0.0,0.0,0.0,0.0,0.0,0.0,0.0,0.0,0.0008,0.0,0.0,0.0,0.0,0.0,0.0,0.0,0.0,0.0,0.0
1996-07-26,0.0,0.0,0.0,0.0,0.0,0.0,0.0,0.0,0.0,0.0,0.0,0.0,0.0,0.0,0.0,0.0,0.0,0.0,0.0054,0.0005,0.0,0.0,0.0,0.0,0.0,0.0,0.0,0.0,0.0,0.0
1996-07-29,0.0103,0.011899999999999999,0.0032,0.0108,0.0066,0.0045000000000000005,0.0,0.0105,0.0063,0.0017000000000000001,0.0060999999999999995,0.004699999999999999,0.0028000000000000004,0.014499999999999999,0.01,0.0154,0.0085,0.0,0.0033,0.0070999999999999995,0.0078000000000000005,0.013999999999999999,0.0169,0.0004,0.006500000000000001,0.0024,0.0040999999999999995,0.009300000000000001,0.0033,0.0
1996-07-30,0.0,0.0,0.0,0.0,0.0,0.0,0.0,0.0,0.0,0.0,0.0,0.0,0.0022,0.0,0.0,0.0,0.0096,0.016399999999999998,0.0123,0.0009,0.0,0.0,0.0,0.0,0.0,0.0,0.0,0.0,0.0,0.0
1996-07-31,0.0,0.0,0.0,0.0,0.0,0.0,0.0017000000000000001,0.0,0.0,0.0,0.0,0.0,0.0,0.0,0.0,0.0,0.0,0.0,0.0,0.0003,0.0,0.0,0.0,0.0,0.0,0.0,0.0004,0.0,0.0,0.0
1996-08-01,0.0,0.0,0.0,0.0,0.0,0.0,0.0,0.0,0.0,0.0,0.0,0.0,0.0,0.0,0.0,0.0,0.0,0.0043,0.0,0.0,0.0,0.0,0.0,0.0,0.0,0.0,0.0,0.0,0.0,0.0
1996-08-02,0.0,0.0,0.0,0.0,0.0,0.0,0.0,0.0,0.0,0.0,0.0,0.0,0.0,0.0,0.0,0.0,0.0,0.0,0.0,0.0,0.0,0.0,0.0,0.0,0.0,0.0,0.0,0.0,0.0,0.0
1996-08-05,0.0040999999999999995,0.0046,0.0148,0.0,0.0,0.0,0.006500000000000001,0.0,0.0,0.0033,0.0026,0.0,0.0,0.002,0.0,0.0077,0.0,0.0,0.0,0.0015,0.0,0.0066,0.012,0.0004,0.0,0.0007000000000000001,0.0028000000000000004,0.0077,0.0064,0.0
1996-08-06,0.0013,0.0,0.0,0.0,0.0,0.0015,0.0,0.0,0.0,0.005,0.0,0.0,0.0,0.0,0.0004,0.0,0.0104,0.008,0.0,0.0036,0.0,0.0,0.0,0.0,0.0064,0.0,0.0,0.0,0.0,0.0
1996-08-07,0.0,0.0069,0.0,0.0038,0.0,0.0,0.0,0.0,0.0,0.0,0.0,0.0,0.0,0.0058,0.002,0.0,0.006500000000000001,0.0,0.0084,0.0,0.0023,0.0,0.0,0.0,0.0,0.0,0.0,0.0,0.0,0.0
1996-08-08,0.0009,0.0102,0.0023,0.0069,0.0,0.0168,0.0,0.0018,0.0,0.0,0.0037,0.0014000000000000002,0.0038,0.0088,0.0015,0.0,0.0,0.0146,0.0,0.0003,0.0105,0.0018,0.0007000000000000001,0.0,0.0,0.004,0.0,0.0034999999999999996,0.0,0.0
1996-08-09,0.009000000000000001,0.013500000000000002,0.1244,0.0086,0.0018,0.0,0.0064,0.0,0.0013,0.0022,0.0028000000000000004,0.0043,0.0037,0.0113,0.0,0.0008,0.0138,0.0181,0.008,0.0,0.0003,0.0028000000000000004,0.0054,0.0,0.004,0.0,0.0,0.0,0.0,0.0012
1996-08-12,0.0001,0.0,0.0,0.0,0.0,0.0,0.0,0.0,0.0,0.0,0.0,0.0,0.0,0.0,0.0,0.0,0.0,0.0,0.0,0.0,0.0,0.0013,0.0029,0.0,0.0,0.0,0.0,0.0,0.0,0.0006
1996-08-13,0.0095,0.0,0.036000000000000004,0.011899999999999999,0.0022,0.0032,0.0054,0.004699999999999999,0.006,0.0014000000000000002,0.0003,0.0052,0.0015,0.0006,0.0152,0.004699999999999999,0.0103,0.0,0.0013,0.004,0.012199999999999999,0.009300000000000001,0.0204,0.0038,0.0034999999999999996,0.004,0.0088,0.011000000000000001,0.008199999999999999,0.0029
1996-08-14,0.0,0.0,0.0,0.0,0.0,0.0,0.0,0.0012,0.0,0.0,0.0,0.0,0.0,0.0,0.0,0.0,0.008,0.0,0.0001,0.0,0.002,0.0,0.0,0.0,0.0005,0.0,0.0,0.0,0.0,0.0
1996-08-15,0.0,0.0,0.0103,0.0037,0.0007000000000000001,0.0,0.0,0.0,0.0,0.0,0.0006,0.0022,0.0004,0.0051,0.0,0.0,0.0,0.0,0.0,0.0007000000000000001,0.0,0.0013,0.0036,0.0,0.001,0.0,0.0,0.0,0.0,0.0
1996-08-16,0.0,0.0,0.015,0.0,0.0,0.0,0.0,0.0002,0.0,0.0,0.0,0.0,0.0,0.0,0.0,0.0026,0.012,0.0,0.0,0.0,0.0,0.0,0.0051,0.0,0.0,0.0,0.0,0.0011,0.0,0.0
1996-08-19,0.0,0.0097,0.0,0.0078000000000000005,0.0014000000000000002,0.0,0.0,0.0,0.0,0.0,0.0016,0.0,0.0,0.0,0.0,0.0003,0.0,0.001,0.0,0.0,0.0023,0.0043,0.0011,0.0,0.0,0.0007000000000000001,0.0055000000000000005,0.0,0.0,0.0009
1996-08-20,0.0019,0.009000000000000001,0.0,0.0048,0.0,0.006,0.0,0.004,0.0,0.0,0.0,0.0,0.0,0.0006,0.0,0.0,0.0,0.0002,0.0,0.0,0.0055000000000000005,0.0066,0.0066,0.0,0.0,0.0007000000000000001,0.001,0.0033,0.0007000000000000001,0.0
1996-08-21,0.0,0.0008,0.0381,0.0018,0.0034000000000000002,0.0045000000000000005,0.003,0.0,0.0034000000000000002,0.0034999999999999996,0.0,0.0,0.0,0.0085,0.0,0.0052,0.01,0.0039000000000000003,0.0048,0.0,0.0,0.0051,0.0,0.0058,0.0,0.004,0.0004,0.0042,0.0019,0.0018
1996-08-22,0.0,0.0,0.0083,0.0,0.0,0.0,0.0,0.0,0.0,0.0021,0.0,0.0,0.0,0.0,0.0,0.0012,0.0,0.0,0.0,0.0,0.0,0.0,0.0,0.0,0.0011,0.0,0.0,0.0,0.0,0.0
1996-08-23,0.0037,0.0072,0.0,0.0,0.0052,0.0018,0.0048,0.0069,0.0045000000000000005,0.0,0.0,0.0,0.0066,0.0,0.0051,0.0,0.0053,0.0017000000000000001,0.008,0.0024,0.0027,0.0015,0.0008,0.0,0.0046,0.0011,0.0058,0.0,0.0062,0.0029
1996-08-26,0.0003,0.0017000000000000001,0.0,0.0,0.0016,0.0036,0.0045000000000000005,0.0053,0.0070999999999999995,0.0,0.0045000000000000005,0.0103,0.0027,0.0018,0.0046,0.0,0.0,0.0105,0.0068000000000000005,0.0,0.0066,0.0031,0.0067,0.0,0.0032,0.0025,0.005600000000000001,0.0003,0.0036,0.0039000000000000003
1996-08-27,0.0,0.0,0.0,0.0015,0.0,0.0,0.0,0.0,0.0,0.0006,0.0,0.0,0.0,0.0,0.0008,0.0,0.0,0.008100000000000001,0.0,0.0,0.0042,0.0,0.0,0.0002,0.0,0.0,0.0,0.0,0.0,0.0
1996-08-28,0.003,0.0118,0.0045000000000000005,0.0014000000000000002,0.0,0.0,0.0,0.0016,0.0,0.0,0.0,0.0,0.0,0.0004,0.0032,0.0,0.004,0.0,0.0044,0.0018,0.0064,0.0,0.0,0.0,0.0,0.0,0.0,0.0,0.0016,0.0
1996-08-29,0.0058,0.0226,0.011200000000000002,0.0073,0.008199999999999999,0.013500000000000002,0.0063,0.0103,0.0024,0.0033,0.0148,0.0043,0.0069,0.0163,0.0086,0.0086,0.0083,0.0,0.011699999999999999,0.0070999999999999995,0.0074,0.0146,0.0051,0.0088,0.0062,0.0067,0.0101,0.0042,0.0091,0.008100000000000001
1996-08-30,0.0103,0.0015,0.008,0.0078000000000000005,0.0029,0.008199999999999999,0.0069,0.0086,0.0044,0.0007000000000000001,0.0066,0.0013,0.0045000000000000005,0.0174,0.0,0.0069,0.0087,0.0003,0.0,0.0083,0.0059,0.008,0.009300000000000001,0.0031,0.0015,0.0001,0.004699999999999999,0.0064,0.0066,0.004
1996-09-03,0.0,0.0,0.0011,0.006,0.006,0.0,0.0029,0.0,0.0,0.0009,0.0,0.0,0.0,0.0,0.0039000000000000003,0.0,0.0,0.0,0.0,0.0022,0.0064,0.0,0.0,0.0026,0.0075,0.0005,0.0013,0.0051,0.0,0.0
1996-09-04,0.0,0.0,0.0,0.0,0.0,0.0012,0.0,0.0,0.0,0.0,0.0022,0.0,0.0,0.0,0.0053,0.0,0.0004,0.0,0.0036,0.0022,0.0012,0.0,0.0,0.0,0.0045000000000000005,0.0,0.0,0.0005,0.0,0.0031
1996-09-05,0.0,0.0126,0.0014000000000000002,0.0085,0.0040999999999999995,0.0017000000000000001,0.0096,0.0054,0.0042,0.006500000000000001,0.0002,0.0089,0.0068000000000000005,0.0106,0.011699999999999999,0.006999999999999999,0.0,0.0131,0.0033,0.0068000000000000005,0.0121,0.0165,0.022799999999999997,0.0063,0.0101,0.0073,0.0216,0.0040999999999999995,0.0078000000000000005,0.005699999999999999
1996-09-06,0.0,0.0,0.0,0.0,0.0,0.0,0.0,0.0,0.0,0.0,0.0,0.0,0.0,0.0,0.0,0.0,0.0,0.0,0.0,0.0,0.0,0.0,0.0,0.0,0.0,0.0051,0.0,0.0,0.0,0.0
1996-09-09,0.0,0.0,0.0,0.0,0.0,0.0,0.0,0.0,0.0,0.0,0.0,0.0,0.0,0.0,0.0,0.0,0.013500000000000002,0.0034000000000000002,0.0,0.0,0.0,0.0,0.0,0.0,0.0,0.0,0.0,0.0,0.0,0.0
1996-09-10,0.0,0.0,0.0031,0.0,0.0,0.0,0.0,0.0,0.0002,0.0,0.0,0.01,0.0016,0.0,0.0064,0.0045000000000000005,0.0,0.0,0.0034000000000000002,0.0,0.0019,0.0003,0.0,0.0,0.003,0.0,0.0,0.011699999999999999,0.0016,0.0
1996-09-11,0.0014000000000000002,0.0026,0.0,0.0,0.0,0.0,0.0,0.0,0.0,0.0,0.0022,0.0023,0.0,0.0,0.0013,0.0,0.0,0.0088,0.0,0.0,0.0,0.0,0.0,0.0,0.0,0.0,0.0,0.0,0.0,0.0
1996-09-12,0.0,0.0002,0.0015,0.0,0.0,0.0042,0.0,0.0,0.0,0.0,0.0,0.0,0.0,0.0,0.0,0.0,0.0069,0.0,0.0048,0.0,0.0,0.0,0.0,0.0,0.0,0.0,0.0,0.0,0.0,0.0
1996-09-13,0.0,0.0,0.0,0.0,0.0,0.0,0.0,0.0,0.0,0.0,0.0,0.0,0.0,0.0,0.0,0.0,0.0,0.0,0.0,0.0,0.0,0.0,0.0,0.0,0.0,0.0,0.0,0.0,0.0,0.0
1996-09-16,0.0,0.009899999999999999,0.0,0.0,0.0,0.0,0.0,0.0,0.0,0.0,0.0040999999999999995,0.0,0.0,0.0002,0.0,0.0,0.0089,0.0,0.0,0.0,0.0,0.0,0.0,0.0,0.0,0.0,0.0,0.0,0.0,0.0
1996-09-17,0.0,0.009300000000000001,0.0,0.0,0.0038,0.005,0.0,0.0046,0.0,0.0018,0.0118,0.0,0.001,0.0129,0.0,0.0060999999999999995,0.0049,0.0,0.0029,0.0029,0.009399999999999999,0.0,0.0,0.0,0.005,0.0,0.0054,0.0068000000000000005,0.0087,0.0013
1996-09-18,0.0002,0.0,0.008,0.0,0.0028000000000000004,0.0,0.0024,0.0043,0.0,0.0012,0.0055000000000000005,0.0044,0.0052,0.0,0.0039000000000000003,0.0028000000000000004,0.0,0.0,0.0,0.0039000000000000003,0.0,0.0,0.0,0.005,0.0040999999999999995,0.0,0.0066,0.0018,0.0031,0.0052
1996-09-19,0.0,0.0,0.0,0.0,0.0022,0.004699999999999999,0.0,0.0,0.0054,0.0,0.0,0.0027,0.0,0.0,0.0088,0.0,0.0074,0.0,0.001,0.0015,0.0006,0.0,0.0,0.0042,0.0,0.0,0.0,0.0037,0.0019,0.0015
1996-09-20,0.0,0.0113,0.0106,0.0011,0.0,0.0,0.0,0.0,0.0,0.0,0.0,0.0025,0.0,0.0,0.0,0.0,0.0079,0.0,0.0,0.0,0.0,0.0,0.0,0.0008,0.0,0.0,0.0,0.0,0.0,0.0
1996-09-23,0.0,0.0046,0.0105,0.0007000000000000001,0.0,0.0,0.0046,0.0,0.0,0.0028000000000000004,0.0,0.0143,0.005600000000000001,0.0039000000000000003,0.0028000000000000004,0.0,0.002,0.0068000000000000005,0.0028000000000000004,0.0009,0.0,0.0087,0.0062,0.0022,0.0072,0.0001,0.0060999999999999995,0.0,0.0,0.0017000000000000001
1996-09-24,0.0,0.0,0.0,0.0055000000000000005,0.0,0.0,0.0034000000000000002,0.0022,0.0,0.0,0.0034000000000000002,0.0005,0.0,0.0,0.0025,0.0,0.0,0.006500000000000001,0.0006,0.0,0.027999999999999997,0.0,0.0,0.0006,0.0043,0.0,0.0021,0.0,0.0,0.0
1996-09-25,0.0,0.0027,0.0105,0.0,0.0,0.0,0.0,0.0,0.0,0.0049,0.0,0.0,0.0,0.0,0.0074,0.0,0.0109,0.0,0.005,0.0006,0.0032,0.0,0.0,0.0015,0.0034999999999999996,0.0,0.0092,0.0113,0.0,0.0
1996-09-26,0.0,0.0025,0.0051,0.0072,0.0033,0.0,0.0066,0.0,0.0,0.0262,0.0,0.0012,0.0,0.0042,0.0014000000000000002,0.0,0.0189,0.0,0.0036,0.0,0.0001,0.0021,0.001,0.0,0.0039000000000000003,0.0,0.0034999999999999996,0.0,0.0,0.004699999999999999
1996-09-27,0.0,0.0245,0.0017000000000000001,0.0,0.003,0.0,0.0,0.0,0.0009,0.0,0.0,0.0,0.0,0.0,0.0015,0.0008,0.0006,0.0008,0.0002,0.0006,0.0034999999999999996,0.0,0.0023,0.0,0.0,0.0,0.0,0.0,0.0,0.0
1996-09-30,0.0,0.0,0.0039000000000000003,0.0,0.0,0.0,0.0021,0.0,0.0,0.0,0.0,0.0013,0.0,0.0027,0.0,0.0,0.0069,0.0,0.0,0.0028000000000000004,0.0,0.0017000000000000001,0.0018,0.0,0.0,0.0,0.0,0.0059,0.0,0.0
1996-10-01,0.0,0.0095,0.0,0.0101,0.0005,0.0,0.0064,0.0,0.0,0.0060999999999999995,0.0013,0.0,0.0078000000000000005,0.004699999999999999,0.0,0.0,0.0,0.0,0.0,0.0,0.0,0.0034999999999999996,0.0116,0.0058,0.0,0.0,0.0022,0.0,0.0,0.0
1996-10-02,0.0,0.0011,0.0,0.0,0.0,0.0,0.0,0.0015,0.0,0.0,0.0,0.0,0.0,0.0,0.0,0.0,0.0,0.0,0.0,0.0,0.0,0.0,0.0,0.0,0.0,0.0001,0.0,0.0,0.0,0.0
1996-10-03,0.0,0.0067,0.0132,0.0,0.0023,0.0,0.0,0.0,0.0,0.008100000000000001,0.0004,0.0048,0.0018,0.0003,0.004,0.0,0.0154,0.0001,0.0,0.0004,0.0070999999999999995,0.0049,0.0067,0.0,0.0067,0.0039000000000000003,0.0,0.001,0.0012,0.0
1996-10-04,0.0,0.0,0.0,0.0,0.0,0.0,0.0,0.0,0.0,0.0,0.0,0.0113,0.0,0.0,0.0,0.0,0.0,0.0,0.0,0.0,0.0,0.0,0.0,0.0,0.0,0.0,0.0,0.0,0.0,0.0
1996-10-07,0.0031,0.0,0.0,0.0,0.0,0.0104,0.0054,0.0064,0.0058,0.0108,0.0,0.009899999999999999,0.0,0.0,0.0,0.0,0.0018,0.0,0.0,0.0,0.0,0.0,0.0,0.0022,0.005,0.0,0.0,0.0,0.0004,0.002
1996-10-08,0.01,0.0043,0.0,0.0052,0.006999999999999999,0.0048,0.0123,0.0,0.0018,0.0,0.0005,0.0087,0.0,0.006500000000000001,0.0,0.0019,0.0019,0.0039000000000000003,0.0009,0.0,0.0092,0.012199999999999999,0.0070999999999999995,0.0079,0.004,0.0039000000000000003,0.0040999999999999995,0.0070999999999999995,0.0044,0.0015
1996-10-09,0.0005,0.005699999999999999,0.0101,0.0034000000000000002,0.008100000000000001,0.0074,0.0048,0.0074,0.0024,0.004,0.0045000000000000005,0.0023,0.0045000000000000005,0.0052,0.0033,0.002,0.0013,0.0013,0.0068000000000000005,0.0062,0.0076,0.0062,0.0,0.0028000000000000004,0.0105,0.006,0.0132,0.0069,0.0040999999999999995,0.0048
1996-10-10,0.0,0.0088,0.0,0.0025,0.0032,0.0054,0.0027,0.0066,0.0,0.001,0.0049,0.0,0.0023,0.008,0.0019,0.0017000000000000001,0.0,0.0,0.0051,0.0044,0.0086,0.0,0.0022,0.0,0.0,0.0,0.0,0.0049,0.0040999999999999995,0.0
1996-10-11,0.0,0.0,0.0,0.0,0.0,0.0,0.0,0.0,0.0,0.0,0.0,0.0,0.0,0.0,0.0,0.0,0.0083,0.0,0.0,0.0,0.0,0.0,0.0,0.0,0.0,0.0,0.0,0.0,0.0,0.0
1996-10-14,0.0,0.0044,0.0037,0.004699999999999999,0.0,0.0,0.0,0.0,0.0011,0.0003,0.0,0.0,0.0,0.0,0.0,0.0,0.0025,0.0073,0.0,0.0,0.0014000000000000002,0.0,0.0,0.0027,0.0055000000000000005,0.0,0.0042,0.0,0.0,0.0
1996-10-15,0.0,0.0108,0.0,0.0044,0.0034999999999999996,0.0,0.0042,0.004699999999999999,0.0,0.0079,0.0,0.003,0.0,0.0,0.0,0.001,0.0,0.0,0.0018,0.0,0.0068000000000000005,0.0,0.0005,0.006999999999999999,0.0,0.0,0.0103,0.0005,0.0023,0.003
1996-10-16,0.0,0.0003,0.0,0.0,0.0008,0.002,0.0,0.0027,0.0024,0.0,0.006999999999999999,0.0022,0.0006,0.0037,0.0016,0.0,0.0036,0.0078000000000000005,0.0,0.0,0.0,0.0079,0.0014000000000000002,0.0,0.0026,0.0,0.0,0.0029,0.0001,0.005
1996-10-17,0.0,0.0,0.0,0.0089,0.0,0.0,0.0,0.0,0.0,0.0052,0.0,0.0,0.0,0.0,0.0046,0.0,0.016200000000000003,0.0,0.0,0.0,0.0058,0.0108,0.015300000000000001,0.0,0.0,0.0,0.0,0.0,0.0,0.0
1996-10-18,0.0,0.0,0.0482,0.0055000000000000005,0.0,0.0046,0.0023,0.0,0.0,0.0017000000000000001,0.0,0.0031,0.0,0.0,0.0001,0.0,0.0003,0.0,0.0,0.0,0.0,0.0,0.0,0.0,0.0,0.0,0.0,0.0009,0.0,0.0
1996-10-21,0.0,0.0073,0.0,0.0,0.0023,0.0131,0.0,0.0025,0.0009,0.0,0.0015,0.0031,0.0028000000000000004,0.0,0.0,0.0,0.0,0.036699999999999997,0.0009,0.0018,0.002,0.0098,0.0123,0.0017000000000000001,0.0,0.0001,0.009300000000000001,0.0113,0.0,0.0036
1996-10-22,0.0,0.0018,0.011000000000000001,0.0013,0.0075,0.0011,0.0063,0.0075,0.0,0.0,0.0053,0.0052,0.0108,0.0011,0.0,0.0048,0.0,0.021400000000000002,0.005,0.0012,0.0051,0.015600000000000001,0.015300000000000001,0.0,0.0,0.0055000000000000005,0.0077,0.0033,0.0076,0.005699999999999999
1996-10-23,0.0,0.0,0.0,0.0091,0.0023,0.0087,0.0042,0.0,0.0078000000000000005,0.0,0.001,0.0,0.003,0.0,0.0027,0.0106,0.0009,0.0032,0.0021,0.0013,0.0077,0.006999999999999999,0.0,0.0012,0.0,0.0,0.0036,0.0045000000000000005,0.0,0.0022
1996-10-24,0.0051,0.0027,0.0139,0.0084,0.0039000000000000003,0.0102,0.0,0.0026,0.005,0.0,0.0032,0.0,0.0066,0.0032,0.005,0.0001,0.0033,0.0,0.0104,0.0,0.011699999999999999,0.0,0.012199999999999999,0.0029,0.006,0.0,0.0042,0.0,0.0026,0.0
1996-10-25,0.0045000000000000005,0.002,0.0,0.0,0.0,0.0002,0.0,0.0151,0.0034000000000000002,0.0,0.003,0.0024,0.0025,0.0013,0.0023,0.0055000000000000005,0.0,0.0,0.0,0.0,0.0,0.0091,0.0064,0.0,0.0069,0.0,0.0033,0.0024,0.0,0.0017000000000000001
1996-10-28,0.0062,0.0051,0.0,0.0040999999999999995,0.0033,0.0,0.009300000000000001,0.0124,0.0059,0.0012,0.0053,0.0037,0.0111,0.0079,0.0022,0.009899999999999999,0.0,0.0132,0.0045000000000000005,0.0008,0.0,0.0151,0.0086,0.0,0.0075,0.0075,0.0084,0.0037,0.0038,0.0063
1996-10-29,0.0,0.0007000000000000001,0.0,0.0062,0.0,0.0,0.0129,0.0,0.0,0.0,0.0,0.001,0.0023,0.0,0.0,0.0,0.0155,0.0,0.0,0.0,0.0001,0.0034999999999999996,0.016,0.0,0.0046,0.0015,0.0,0.0034999999999999996,0.0,0.0
1996-10-30,0.0034999999999999996,0.0,0.0111,0.0,0.0023,0.0,0.011399999999999999,0.0055000000000000005,0.0089,0.0,0.0,0.0040999999999999995,0.0013,0.0,0.0,0.0,0.0,0.0095,0.0,0.0,0.0070999999999999995,0.0,0.0,0.0042,0.0,0.0,0.0191,0.004,0.0,0.002
1996-10-31,0.0031,0.0,0.0025,0.0,0.0,0.0,0.0023,0.0,0.0,0.0,0.0,0.0016,0.0,0.0,0.0,0.0,0.0118,0.0091,0.0067,0.0,0.0,0.0,0.0,0.0,0.0,0.0,0.0,0.0,0.0,0.0
1996-11-01,0.0,0.0,0.0,0.0,0.0,0.002,0.017,0.0017000000000000001,0.0,0.0045000000000000005,0.009899999999999999,0.0021,0.006500000000000001,0.002,0.0,0.0178,0.003,0.0,0.0109,0.0,0.0,0.0,0.0060999999999999995,0.0,0.0,0.002,0.0008,0.0,0.0039000000000000003,0.0009
1996-11-04,0.0,0.0,0.0007000000000000001,0.0,0.0,0.0,0.0,0.0,0.0,0.0038,0.0,0.0,0.0,0.0,0.0,0.0,0.0001,0.0,0.0002,0.0,0.0013,0.0034000000000000002,0.0,0.0046,0.0,0.0,0.0012,0.0018,0.0,0.0
1996-11-05,0.0,0.0,0.0,0.0,0.0,0.0,0.0043,0.0,0.0,0.0,0.0008,0.0,0.0,0.0,0.0,0.0049,0.0043,0.0,0.0072,0.0,0.0,0.0,0.0,0.0,0.0027,0.0,0.0,0.0,0.0,0.0
1996-11-06,0.0,0.0,0.0,0.0,0.0,0.0,0.0,0.0,0.0,0.0,0.0,0.0,0.0,0.0,0.0,0.0,0.0084,0.0,0.0,0.0,0.0,0.0,0.0,0.0,0.0,0.0,0.0,0.0,0.0,0.0
1996-11-07,0.0,0.0,0.0,0.0,0.0,0.0006,0.0,0.0009,0.0,0.0040999999999999995,0.0,0.0,0.0,0.0,0.0054,0.0,0.0,0.0,0.0,0.0,0.0,0.0006,0.0,0.0,0.0,0.0,0.0034000000000000002,0.0,0.0,0.0
1996-11-08,0.0032,0.0,0.0052,0.002,0.0,0.0,0.0,0.0,0.001,0.0,0.0,0.0005,0.0,0.004699999999999999,0.0,0.0,0.0,0.0,0.0,0.0018,0.0,0.0,0.0,0.0,0.0,0.0,0.0,0.0,0.0,0.0045000000000000005
1996-11-11,0.0,0.0072,0.0,0.0,0.0,0.002,0.0,0.0038,0.0,0.0,0.0,0.0,0.0,0.0001,0.0,0.0043,0.0,0.0,0.0,0.0009,0.0,0.0,0.0,0.0,0.0,0.0,0.0007000000000000001,0.0,0.0011,0.0
1996-11-12,0.0,0.005600000000000001,0.0042,0.0,0.0,0.0,0.0083,0.0128,0.0,0.0002,0.0032,0.0,0.0,0.0028000000000000004,0.0011,0.0042,0.0,0.0068000000000000005,0.0037,0.0,0.0,0.0073,0.008199999999999999,0.0001,0.0,0.0,0.0113,0.0,0.0001,0.0
1996-11-13,0.0,0.0,0.0,0.0007000000000000001,0.0,0.0,0.0043,0.0,0.0001,0.0,0.0,0.0031,0.0,0.0,0.0,0.0,0.0,0.008100000000000001,0.0,0.0,0.0046,0.0,0.0,0.0015,0.0018,0.0,0.0124,0.0019,0.0015,0.0
1996-11-14,0.0,0.0,0.0,0.0,0.0,0.0,0.0048,0.0,0.0015,0.0,0.0,0.0,0.0,0.0,0.0,0.0,0.006999999999999999,0.0,0.0,0.0,0.0,0.0,0.0,0.0,0.0,0.0,0.0017000000000000001,0.0,0.0,0.0
1996-11-15,0.0,0.0,0.011899999999999999,0.0,0.0,0.0,0.0,0.0,0.005,0.0045000000000000005,0.0005,0.0,0.0005,0.0053,0.0,0.0,0.0027,0.0137,0.0,0.0001,0.0001,0.0028000000000000004,0.0004,0.0,0.0016,0.0,0.0,0.0036,0.0,0.0
1996-11-18,0.0031,0.0125,0.0,0.0070999999999999995,0.0044,0.0,0.0,0.0063,0.0018,0.002,0.0,0.0,0.0,0.0069,0.0,0.006999999999999999,0.009899999999999999,0.001,0.0,0.0031,0.0038,0.0044,0.0059,0.002,0.0,0.0038,0.0,0.0022,0.0,0.0
1996-11-19,0.0,0.0076,0.0,0.0046,0.0,0.0,0.0032,0.0,0.0,0.0,0.0,0.0015,0.0,0.0028000000000000004,0.0,0.0,0.0036,0.0,0.0,0.0,0.0,0.0,0.0,0.0,0.0,0.0006,0.0,0.0,0.0,0.0
1996-11-20,0.0038,0.0,0.0,0.0,0.0,0.0,0.0069,0.0,0.0021,0.0009,0.0,0.0,0.0,0.0017000000000000001,0.0,0.0,0.0,0.018000000000000002,0.0004,0.0,0.0032,0.0,0.0,0.0,0.0,0.0,0.0003,0.0,0.0,0.0027
1996-11-21,0.0009,0.0225,0.0,0.0,0.002,0.0,0.0013,0.0,0.0,0.0012,0.0,0.0034999999999999996,0.0,0.0098,0.005600000000000001,0.0,0.0239,0.0022,0.0012,0.0002,0.0,0.0089,0.0045000000000000005,0.0,0.0053,0.0037,0.0,0.0043,0.0029,0.0034999999999999996
1996-11-22,0.0,0.0037,0.0,0.0,0.0,0.0009,0.0,0.0,0.0,0.0,0.0,0.0,0.0,0.0031,0.0,0.0,0.014499999999999999,0.005600000000000001,0.0,0.0009,0.0,0.0,0.0,0.0,0.0,0.0,0.0,0.0,0.0,0.0
1996-11-25,0.0,0.0,0.0,0.0,0.0,0.0,0.0,0.0,0.0,0.0,0.0,0.0,0.0,0.0,0.0,0.0,0.0108,0.0,0.0,0.0,0.0,0.0,0.0,0.0,0.0,0.0,0.0,0.0,0.0,0.0
1996-11-26,0.0003,0.0014000000000000002,0.0076,0.0,0.0039000000000000003,0.0077,0.0022,0.0012,0.0,0.0013,0.0019,0.0,0.014499999999999999,0.013300000000000001,0.0018,0.0,0.0,0.0264,0.0069,0.0044,0.0,0.0,0.0,0.0034000000000000002,0.0024,0.0045000000000000005,0.0,0.0059,0.002,0.0015
1996-11-27,0.0012,0.0,0.0074,0.009000000000000001,0.0049,0.003,0.0001,0.0003,0.0004,0.0,0.0025,0.0,0.0,0.0,0.0037,0.0,0.0025,0.0,0.009399999999999999,0.0016,0.0,0.0,0.0,0.0032,0.0027,0.001,0.0022,0.0069,0.0,0.001
1996-11-29,0.0,0.0019,0.005600000000000001,0.0,0.0,0.0,0.0,0.0,0.0,0.0,0.0006,0.0,0.0,0.0,0.0,0.0,0.0060999999999999995,0.0,0.0,0.001,0.0,0.0,0.0,0.0,0.0,0.0,0.0,0.0,0.0,0.0
1996-12-02,0.0055000000000000005,0.0053,0.001,0.0014000000000000002,0.0045000000000000005,0.0016,0.0,0.0032,0.0,0.0,0.0034000000000000002,0.0,0.0013,0.0063,0.0,0.01,0.0132,0.0,0.0,0.0026,0.0002,0.0,0.0,0.0,0.0006,0.0,0.0,0.0083,0.0053,0.0051
1996-12-03,0.0086,0.0166,0.0,0.0113,0.004,0.016,0.0028000000000000004,0.0054,0.0,0.0,0.0022,0.0060999999999999995,0.0,0.030600000000000002,0.0,0.0104,0.0,0.0,0.005600000000000001,0.0018,0.0139,0.0073,0.0083,0.0043,0.0024,0.0,0.0,0.0,0.011699999999999999,0.0032
1996-12-04,0.0075,0.0,0.0,0.0009,0.0072,0.005,0.0,0.0067,0.0062,0.0,0.0101,0.0075,0.005600000000000001,0.004,0.0062,0.0026,0.0,0.0053,0.0068000000000000005,0.0,0.0,0.0063,0.0,0.003,0.0,0.0,0.0066,0.0,0.0074,0.0052
1996-12-05,0.0075,0.0072,0.0,0.0,0.0,0.0032,0.0044,0.0076,0.0,0.0,0.0046,0.0,0.0,0.0115,0.0,0.0017000000000000001,0.0,0.0,0.0,0.0,0.0,0.0,0.0019,0.0,0.0,0.0,0.0046,0.0,0.0053,0.0
1996-12-06,0.0051,0.0096,0.0,0.0091,0.0113,0.0,0.0118,0.005699999999999999,0.0126,0.0087,0.0069,0.0208,0.006,0.0,0.018500000000000003,0.0113,0.0034000000000000002,0.0,0.0088,0.0098,0.011399999999999999,0.0087,0.0109,0.0043,0.0163,0.0109,0.0113,0.0176,0.0,0.008
1996-12-09,0.0,0.0,0.0,0.0,0.0,0.0,0.0,0.0,0.0,0.0,0.0,0.0,0.0,0.0,0.0,0.0,0.0,0.0,0.0,0.0,0.0,0.0,0.0,0.0,0.0,0.0,0.0,0.0,0.0,0.0
1996-12-10,0.0031,0.0066,0.0,0.0008,0.0006,0.0,0.0044,0.0029,0.0,0.0,0.0,0.0,0.0031,0.0028000000000000004,0.006500000000000001,0.004699999999999999,0.0034000000000000002,0.0,0.009000000000000001,0.0032,0.0060999999999999995,0.003,0.0124,0.0,0.0,0.0,0.0051,0.0072,0.0,0.0039000000000000003
1996-12-11,0.0005,0.0086,0.0,0.009399999999999999,0.0085,0.005699999999999999,0.017,0.0088,0.0181,0.0129,0.0083,0.013600000000000001,0.011000000000000001,0.0108,0.0070999999999999995,0.008199999999999999,0.015,0.0318,0.0125,0.008100000000000001,0.0125,0.0044,0.0,0.011699999999999999,0.0089,0.0149,0.0158,0.0134,0.013000000000000001,0.0072
1996-12-12,0.0067,0.023799999999999998,0.0282,0.0158,0.0129,0.0074,0.0034000000000000002,0.017,0.0104,0.0019,0.0095,0.0070999999999999995,0.0069,0.0034000000000000002,0.021,0.0085,0.006500000000000001,0.0116,0.0088,0.0109,0.0027,0.0155,0.015600000000000001,0.0131,0.0151,0.01,0.009300000000000001,0.014199999999999999,0.015700000000000002,0.0108
1996-12-13,0.0036,0.0,0.0169,0.0033,0.0027,0.0,0.0113,0.0,0.004699999999999999,0.0012,0.0022,0.0048,0.0055000000000000005,0.0016,0.0027,0.0,0.0070999999999999995,0.0,0.0,0.0,0.0,0.0176,0.0104,0.0,0.0,0.0003,0.0016,0.0,0.001,0.009399999999999999
1996-12-16,0.0058,0.0,0.0182,0.0158,0.008,0.0042,0.0060999999999999995,0.0174,0.0075,0.0102,0.0083,0.011000000000000001,0.0098,0.0148,0.0195,0.0,0.0106,0.0,0.0,0.0015,0.0059,0.022400000000000003,0.029500000000000002,0.0089,0.0123,0.0083,0.016,0.0088,0.0062,0.0103
1996-12-17,0.0,0.0,0.0,0.0,0.0,0.0014000000000000002,0.0018,0.0,0.0018,0.0,0.0,0.0,0.0022,0.0,0.0,0.0001,0.0,0.0034000000000000002,0.0,0.0,0.0048,0.0,0.0,0.0,0.0,0.0066,0.0,0.0033,0.0,0.0013
1996-12-18,0.0,0.0016,0.0,0.0,0.0,0.0003,0.0,0.0,0.0,0.0,0.0,0.0008,0.0,0.0,0.0064,0.0,0.0126,0.006,0.0,0.0,0.0031,0.0,0.0,0.0,0.0,0.0,0.0,0.0,0.0,0.0
1996-12-19,0.0,0.0,0.0,0.0,0.0,0.0,0.0,0.0,0.0,0.0,0.0,0.0,0.0,0.0,0.0004,0.0,0.0,0.0,0.0,0.0,0.0,0.0,0.0,0.0,0.0,0.0,0.0,0.0,0.0,0.0
1996-12-20,0.0,0.0,0.0166,0.002,0.0,0.0,0.0,0.0,0.0,0.0,0.0,0.0,0.0,0.0023,0.0,0.0,0.0,0.0015,0.0,0.0,0.0,0.0067,0.0127,0.0,0.0,0.0,0.0,0.005600000000000001,0.0,0.0
1996-12-23,0.0,0.0055000000000000005,0.0,0.0089,0.0018,0.005,0.013500000000000002,0.0012,0.0108,0.0098,0.0,0.011399999999999999,0.0027,0.0095,0.0,0.0078000000000000005,0.0,0.0167,0.0,0.0027,0.0,0.008100000000000001,0.0121,0.002,0.006500000000000001,0.0049,0.0051,0.0,0.0034000000000000002,0.0002
1996-12-24,0.0,0.0,0.0,0.0045000000000000005,0.0007000000000000001,0.0,0.0,0.0,0.0,0.0,0.0,0.0015,0.0,0.0,0.0,0.0044,0.0015,0.0,0.0,0.0,0.0,0.0,0.0,0.0,0.0,0.0,0.0,0.0,0.0,0.0005
1996-12-26,0.0,0.0,0.01,0.0,0.0,0.0,0.0,0.0023,0.0,0.0,0.0,0.0,0.0,0.0,0.0,0.0,0.0,0.0,0.0,0.0,0.0,0.0,0.0,0.0,0.0,0.0,0.0,0.0,0.0,0.0
1996-12-27,0.0004,0.0,0.0,0.0025,0.0,0.0,0.0,0.0,0.0025,0.0,0.0,0.0,0.0,0.0001,0.0016,0.0,0.0025,0.0,0.003,0.0,0.0,0.0149,0.0048,0.0,0.0,0.0,0.0,0.0,0.0,0.0
1996-12-30,0.0007000000000000001,0.0101,0.0,0.0075,0.0,0.0,0.0,0.0025,0.0,0.0026,0.0,0.0,0.0024,0.0048,0.0,0.0,0.0024,0.0018,0.0016,0.0,0.0123,0.0032,0.009300000000000001,0.0,0.0006,0.0,0.0045000000000000005,0.0014000000000000002,0.0,0.0
1996-12-31,0.0152,0.0139,0.013500000000000002,0.0051,0.0105,0.0109,0.0055000000000000005,0.0124,0.0101,0.0018,0.0,0.0005,0.0008,0.0203,0.0075,0.0048,0.006,0.0017000000000000001,0.0148,0.0070999999999999995,0.0111,0.0009,0.0086,0.0097,0.006999999999999999,0.0,0.0103,0.003,0.0174,0.0
1997-01-02,0.0086,0.0058,0.0111,0.0144,0.0106,0.010700000000000001,0.009000000000000001,0.005699999999999999,0.0,0.0048,0.0038,0.0,0.011000000000000001,0.012199999999999999,0.0,0.0215,0.0143,0.0,0.0,0.009300000000000001,0.0,0.0116,0.0073,0.0,0.0116,0.0096,0.0113,0.0055000000000000005,0.013000000000000001,0.0123
1997-01-03,0.0,0.0,0.0,0.0,0.0,0.0,0.0,0.0,0.0,0.0,0.0,0.0,0.0,0.0,0.0,0.0,0.0017000000000000001,0.0,0.0,0.0,0.0,0.0,0.0,0.0013,0.0,0.0,0.0,0.0,0.0,0.0
1997-01-06,0.0007000000000000001,0.0103,0.0,0.009899999999999999,0.0029,0.0,0.0,0.0,0.0,0.0,0.0,0.0,0.0,0.0005,0.0,0.0005,0.028900000000000002,0.0072,0.0,0.0015,0.015700000000000002,0.0,0.0,0.0,0.0011,0.0,0.0158,0.0066,0.0024,0.0
1997-01-07,0.0,0.0,0.0045000000000000005,0.0,0.0,0.0,0.0027,0.0,0.0,0.0,0.0,0.0,0.0,0.0,0.0,0.0009,0.0,0.005600000000000001,0.0,0.0,0.006500000000000001,0.0,0.0,0.0,0.0,0.0007000000000000001,0.0,0.0085,0.0,0.0
1997-01-08,0.0040999999999999995,0.011000000000000001,0.0036,0.0024,0.008199999999999999,0.0077,0.0017000000000000001,0.0054,0.0,0.0012,0.0015,0.0028000000000000004,0.0029,0.0109,0.0,0.008,0.008100000000000001,0.0075,0.0049,0.0,0.0111,0.0079,0.008100000000000001,0.0066,0.0001,0.0,0.0091,0.0019,0.0,0.006500000000000001
1997-01-09,0.0,0.0,0.0,0.0012,0.0,0.0,0.0,0.0,0.0,0.0,0.0,0.0,0.0,0.0,0.0004,0.0,0.0,0.0206,0.0,0.0,0.0,0.0021,0.0,0.0,0.0,0.0,0.0,0.0,0.0,0.0
1997-01-10,0.0,0.0,0.0044,0.0,0.0028000000000000004,0.0,0.0,0.0,0.0,0.0,0.0,0.0,0.0,0.0,0.0,0.0,0.0,0.0,0.0,0.0,0.0,0.0,0.0,0.0,0.0023,0.0,0.0,0.006,0.0033,0.0
1997-01-13,0.0,0.0,0.0,0.0,0.0,0.005,0.0042,0.0033,0.004,0.0,0.0,0.004,0.0,0.0,0.009899999999999999,0.0,0.0038,0.0,0.0137,0.0,0.0,0.0070999999999999995,0.0,0.0,0.0002,0.0,0.0062,0.0,0.0,0.0
1997-01-14,0.0,0.0,0.0,0.0,0.0,0.0,0.0,0.0,0.0,0.0,0.0,0.0,0.0,0.0,0.0,0.0,0.0003,0.0,0.0,0.0,0.0,0.0,0.0,0.0,0.0,0.0,0.0,0.0,0.0,0.0
1997-01-15,0.0,0.0,0.0144,0.005,0.0031,0.005600000000000001,0.0069,0.0005,0.001,0.0033,0.0026,0.0014000000000000002,0.0003,0.0146,0.01,0.0091,0.0016,0.0,0.0,0.0,0.0,0.0106,0.0161,0.0054,0.0,0.0007000000000000001,0.006,0.0,0.0,0.0015
1997-01-16,0.0009,0.0,0.0,0.0032,0.0,0.0,0.0,0.0,0.0,0.0,0.0,0.0,0.0,0.0096,0.0013,0.0,0.0,0.0115,0.0005,0.001,0.0095,0.0,0.0,0.0,0.0,0.0017000000000000001,0.0,0.0040999999999999995,0.002,0.0005
1997-01-17,0.0,0.0,0.0,0.0,0.0,0.0,0.0,0.0,0.0,0.0,0.0,0.0,0.0,0.0,0.0,0.0,0.0,0.0,0.0040999999999999995,0.0,0.0,0.0,0.0,0.0,0.0,0.0,0.0,0.0,0.0,0.0
1997-01-20,0.0,0.0,0.0,0.0,0.005600000000000001,0.0,0.0,0.0055000000000000005,0.0084,0.0,0.0013,0.0067,0.0,0.0,0.0,0.0,0.008199999999999999,0.0023,0.005,0.0025,0.0,0.0,0.0,0.0009,0.0,0.0032,0.0,0.0,0.0,0.0
1997-01-21,0.0,0.0,0.0,0.0,0.0,0.0,0.0011,0.0,0.0017000000000000001,0.0,0.0036,0.0051,0.0014000000000000002,0.0,0.0,0.0,0.0088,0.0,0.0007000000000000001,0.0,0.0,0.0,0.0,0.0017000000000000001,0.0,0.0,0.0,0.0,0.0,0.0002
1997-01-22,0.0039000000000000003,0.0008,0.0,0.0,0.0,0.0,0.0,0.0,0.0132,0.0,0.0,0.0055000000000000005,0.0064,0.0,0.0,0.010700000000000001,0.0183,0.0,0.0001,0.0,0.0018,0.0,0.0,0.0063,0.0,0.001,0.0,0.0034999999999999996,0.0,0.0
1997-01-23,0.0134,0.0,0.015700000000000002,0.008199999999999999,0.0027,0.0028000000000000004,0.0064,0.0148,0.0015,0.0,0.0069,0.011699999999999999,0.0,0.0263,0.0092,0.0,0.0,0.0066,0.0064,0.002,0.0087,0.015700000000000002,0.0088,0.0202,0.0049,0.0102,0.011399999999999999,0.0,0.0073,0.0
1997-01-24,0.0092,0.015700000000000002,0.0163,0.0,0.0095,0.0152,0.0075,0.004699999999999999,0.0179,0.0002,0.009399999999999999,0.0,0.009399999999999999,0.02,0.0015,0.0073,0.0,0.0,0.014499999999999999,0.008100000000000001,0.0029,0.0062,0.018000000000000002,0.0005,0.0089,0.006999999999999999,0.0086,0.0058,0.0095,0.0
1997-01-27,0.0067,0.0069,0.0012,0.0013,0.006,0.0072,0.011200000000000002,0.0139,0.0034999999999999996,0.0023,0.0068000000000000005,0.0084,0.0037,0.015,0.0072,0.0025,0.0,0.0,0.0,0.0042,0.0042,0.0097,0.0118,0.0063,0.005699999999999999,0.009899999999999999,0.0091,0.0,0.0062,0.0049
1997-01-28,0.0,0.0074,0.0105,0.0,0.0085,0.0,0.0,0.0,0.0,0.0,0.0,0.0,0.0015,0.0,0.0075,0.024399999999999998,0.013600000000000001,0.0,0.013600000000000001,0.0017000000000000001,0.0018,0.0008,0.0,0.0043,0.0034999999999999996,0.0025,0.0018,0.0,0.0,0.0012
1997-01-29,0.0,0.0,0.0,0.0,0.0,0.0,0.0,0.0,0.0,0.0026,0.0,0.0,0.0,0.0,0.0,0.0054,0.0,0.0,0.0,0.0042,0.0,0.0,0.0,0.0,0.0,0.0,0.0,0.0059,0.0,0.0
1997-01-30,0.0,0.0,0.0,0.0054,0.0,0.0,0.0,0.0,0.0,0.0,0.0,0.0,0.0,0.0,0.0009,0.0,0.0109,0.0,0.0,0.0,0.0,0.0,0.0,0.0,0.0,0.0,0.0,0.0060999999999999995,0.0,0.0
1997-01-31,0.0,0.0,0.0072,0.0,0.0,0.0,0.0,0.0,0.0014000000000000002,0.0039000000000000003,0.0,0.005,0.0,0.015300000000000001,0.0095,0.0,0.0068000000000000005,0.0,0.0042,0.0006,0.0,0.0,0.0,0.0037,0.0044,0.0,0.0,0.0,0.0,0.0
1997-02-03,0.0,0.0,0.0,0.0009,0.0027,0.0019,0.0,0.0034000000000000002,0.0019,0.0,0.005699999999999999,0.0022,0.0055000000000000005,0.0,0.0003,0.0002,0.0,0.0,0.006,0.0013,0.0062,0.0003,0.0070999999999999995,0.0,0.0,0.0,0.0022,0.0,0.0,0.0060999999999999995
1997-02-04,0.0,0.0098,0.003,0.0038,0.0027,0.0,0.0092,0.0,0.0,0.0,0.0022,0.004,0.0009,0.0113,0.0016,0.0017000000000000001,0.0078000000000000005,0.0042,0.0,0.0002,0.0,0.0009,0.0045000000000000005,0.0,0.0005,0.0022,0.0,0.0,0.0,0.023700000000000002
1997-02-05,0.0095,0.0172,0.0159,0.0074,0.0008,0.0113,0.0085,0.013600000000000001,0.0097,0.0066,0.0134,0.0097,0.0118,0.0076,0.0078000000000000005,0.0087,0.006500000000000001,0.0103,0.0064,0.0070999999999999995,0.0126,0.022799999999999997,0.0323,0.013300000000000001,0.0098,0.0059,0.005,0.0076,0.0063,0.0148
1997-02-06,0.0063,0.0013,0.0,0.0,0.0,0.0,0.0051,0.0,0.0,0.0,0.0038,0.005600000000000001,0.0,0.0,0.0038,0.0,0.011399999999999999,0.0,0.0069,0.0011,0.0,0.0,0.0027,0.0013,0.0,0.0,0.0,0.0028000000000000004,0.0,0.0006
1997-02-07,0.0,0.0,0.0022,0.0,0.0,0.0,0.0,0.0,0.0,0.0,0.0,0.0,0.0,0.0,0.0,0.0,0.0,0.0,0.009000000000000001,0.0,0.0,0.0,0.0,0.0,0.0006,0.0,0.0,0.0,0.0,0.0005
1997-02-10,0.0,0.0,0.008,0.0,0.0032,0.0,0.0,0.0049,0.013000000000000001,0.0,0.0051,0.0013,0.010700000000000001,0.0104,0.005699999999999999,0.011000000000000001,0.0063,0.0,0.018500000000000003,0.0003,0.0,0.0171,0.032,0.0,0.008100000000000001,0.0070999999999999995,0.0,0.0,0.0,0.0063
1997-02-11,0.0016,0.0,0.0,0.0,0.0,0.0,0.0,0.0,0.0,0.0,0.0,0.002,0.0015,0.0,0.0,0.0,0.006999999999999999,0.002,0.0,0.0,0.0,0.0034999999999999996,0.0014000000000000002,0.0,0.0,0.0015,0.0024,0.0,0.0,0.0
1997-02-12,0.0,0.0,0.0,0.0,0.0,0.0,0.0,0.0,0.0,0.0,0.0,0.0,0.0,0.0,0.0,0.0,0.0,0.0,0.0,0.0,0.0,0.0,0.0,0.0,0.0,0.0,0.0,0.0,0.0,0.0
1997-02-13,0.0,0.0,0.0,0.0,0.0,0.0,0.0,0.0,0.0,0.0,0.0,0.0,0.0,0.0,0.0,0.0,0.0,0.015700000000000002,0.0,0.0,0.0,0.0,0.0,0.0,0.0,0.0,0.0,0.0,0.0,0.0005
1997-02-14,0.0,0.0013,0.0,0.0,0.001,0.0076,0.0,0.005699999999999999,0.008100000000000001,0.0054,0.0,0.0,0.0083,0.008199999999999999,0.0,0.0067,0.0,0.022799999999999997,0.0011,0.0017000000000000001,0.0069,0.0066,0.0054,0.0016,0.0,0.0,0.0037,0.0,0.0,0.0004
1997-02-18,0.0,0.0,0.0,0.0,0.0,0.0,0.0,0.0,0.0,0.0,0.0,0.0,0.0005,0.0,0.0,0.0,0.0,0.0,0.0022,0.0,0.0,0.0005,0.0,0.0,0.0011,0.0,0.0,0.0,0.0,0.0
1997-02-19,0.0018,0.0,0.0,0.0053,0.0003,0.011200000000000002,0.0025,0.0073,0.0076,0.0007000000000000001,0.0128,0.0,0.0,0.0,0.0109,0.0013,0.0,0.0,0.0077,0.003,0.0095,0.0016,0.0,0.0075,0.004699999999999999,0.0046,0.0075,0.0058,0.0018,0.0045000000000000005
1997-02-20,0.0,0.0069,0.0213,0.0127,0.013500000000000002,0.013999999999999999,0.006999999999999999,0.013300000000000001,0.0052,0.0037,0.0068000000000000005,0.0059,0.0124,0.0146,0.0,0.013000000000000001,0.0,0.0,0.0086,0.004699999999999999,0.0036,0.0179,0.0183,0.0084,0.0027,0.009399999999999999,0.0083,0.006999999999999999,0.016399999999999998,0.011399999999999999
1997-02-21,0.0,0.0,0.0048,0.0017000000000000001,0.010700000000000001,0.0049,0.009399999999999999,0.0060999999999999995,0.0,0.0015,0.0002,0.0011,0.0016,0.0054,0.0,0.0015,0.0064,0.0271,0.0,0.0,0.0,0.008100000000000001,0.0208,0.0,0.0,0.0,0.0,0.009000000000000001,0.0007000000000000001,0.0034000000000000002
1997-02-24,0.0,0.0,0.0,0.0,0.0,0.0,0.0058,0.0,0.0,0.0031,0.0019,0.0,0.0,0.0,0.0,0.0124,0.0,0.0,0.009300000000000001,0.0,0.0,0.0,0.0,0.0,0.0,0.0,0.0,0.0,0.0,0.0
1997-02-25,0.0034999999999999996,0.0046,0.0103,0.0,0.0,0.0073,0.0,0.0017000000000000001,0.0006,0.0,0.0073,0.0029,0.001,0.0054,0.0,0.0014000000000000002,0.0072,0.0068000000000000005,0.0,0.0046,0.0034999999999999996,0.0,0.0,0.0,0.0018,0.0038,0.0,0.0,0.0,0.0
1997-02-26,0.0055000000000000005,0.0235,0.0008,0.0075,0.0059,0.0064,0.0,0.0077,0.0,0.0011,0.0091,0.0126,0.0040999999999999995,0.0,0.0068000000000000005,0.011000000000000001,0.011899999999999999,0.0129,0.012,0.0083,0.0051,0.0040999999999999995,0.0054,0.0,0.0084,0.0051,0.0,0.0282,0.0115,0.012199999999999999
1997-02-27,0.0048,0.0,0.0,0.0034000000000000002,0.0026,0.0,0.0049,0.0209,0.0089,0.006,0.0078000000000000005,0.0,0.0113,0.0098,0.0121,0.0113,0.0,0.031,0.0181,0.0034999999999999996,0.0102,0.0235,0.0344,0.0028000000000000004,0.0101,0.006,0.0054,0.0176,0.0102,0.0084
1997-02-28,0.0063,0.0070999999999999995,0.001,0.0108,0.0022,0.0044,0.013300000000000001,0.008,0.0028000000000000004,0.0027,0.01,0.0,0.0,0.019,0.0006,0.0023,0.0,0.0,0.0033,0.0,0.0,0.0015,0.0018,0.005600000000000001,0.0,0.006,0.0009,0.0012,0.0109,0.0022
1997-03-03,0.0,0.0059,0.0,0.0,0.0,0.0,0.0026,0.0,0.0,0.0,0.0,0.0011,0.0,0.0,0.0,0.0,0.0129,0.0039000000000000003,0.005,0.0,0.0184,0.0,0.0,0.0,0.0,0.0,0.0,0.0005,0.0,0.0
1997-03-04,0.0015,0.020499999999999997,0.0132,0.0034000000000000002,0.0,0.0073,0.0,0.0159,0.0084,0.0,0.0,0.0,0.0,0.0121,0.0253,0.012199999999999999,0.0137,0.0073,0.0,0.0,0.013600000000000001,0.0,0.0,0.0034999999999999996,0.0,0.0,0.0,0.0,0.0025,0.01
1997-03-05,0.0,0.0,0.0021,0.0,0.0,0.0,0.0,0.0,0.0,0.0,0.0,0.0008,0.0,0.0,0.0,0.0,0.0124,0.0088,0.0,0.0,0.0,0.0,0.0,0.0,0.0,0.0,0.0,0.0,0.0,0.0
1997-03-06,0.0,0.0,0.0052,0.0,0.0,0.0045000000000000005,0.002,0.0139,0.0,0.0014000000000000002,0.0012,0.0022,0.0005,0.0,0.002,0.0,0.0,0.0,0.0,0.0068000000000000005,0.0083,0.0159,0.0146,0.0038,0.0,0.0009,0.0,0.004,0.0,0.0
1997-03-07,0.0,0.005600000000000001,0.0,0.0,0.0,0.0,0.0086,0.0,0.0,0.0,0.0,0.0,0.0,0.0,0.0,0.0,0.0092,0.0,0.0018,0.0,0.0,0.0,0.0116,0.0,0.0,0.0,0.0,0.0,0.0,0.0
1997-03-10,0.0,0.0,0.0,0.0008,0.0,0.0,0.0013,0.0,0.0,0.0,0.0,0.0,0.0,0.0,0.0,0.0018,0.0,0.0,0.0,0.0,0.0,0.0,0.0,0.0,0.0,0.0,0.0,0.0,0.0,0.0004
1997-03-11,0.008100000000000001,0.0,0.0,0.0,0.0002,0.0,0.0004,0.0092,0.0,0.0018,0.0031,0.0,0.004,0.005600000000000001,0.0014000000000000002,0.0,0.0,0.0,0.0087,0.0040999999999999995,0.0007000000000000001,0.0049,0.0028000000000000004,0.0,0.0016,0.0054,0.0,0.004699999999999999,0.0038,0.0
1997-03-12,0.0076,0.0113,0.01,0.0106,0.0040999999999999995,0.0059,0.0043,0.0141,0.0011,0.0039000000000000003,0.0108,0.0063,0.0039000000000000003,0.004699999999999999,0.0,0.0075,0.0098,0.0077,0.009399999999999999,0.0036,0.0192,0.0084,0.0060999999999999995,0.004699999999999999,0.0016,0.001,0.0,0.0013,0.0111,0.006999999999999999
1997-03-13,0.0146,0.018799999999999997,0.0707,0.0209,0.0079,0.0217,0.0092,0.0178,0.0098,0.0109,0.0115,0.0179,0.0088,0.01,0.016,0.0291,0.0001,0.0060999999999999995,0.0103,0.0104,0.0177,0.0031,0.0087,0.013600000000000001,0.014199999999999999,0.012,0.0086,0.009300000000000001,0.0278,0.0019
1997-03-14,0.0,0.0045000000000000005,0.0,0.0,0.0,0.0,0.0,0.008,0.0,0.0,0.0,0.0,0.0,0.0045000000000000005,0.0,0.0,0.0049,0.010700000000000001,0.0,0.0,0.0,0.0,0.0077,0.0,0.0,0.0012,0.0,0.0,0.0,0.0005
1997-03-17,0.0,0.0,0.024399999999999998,0.0,0.0,0.0039000000000000003,0.0013,0.0,0.0,0.0,0.0066,0.0,0.0077,0.0,0.0,0.0,0.0096,0.0038,0.0,0.0,0.004,0.005600000000000001,0.014199999999999999,0.0,0.0,0.009899999999999999,0.0,0.0,0.0058,0.0
1997-03-18,0.0,0.0001,0.0109,0.0059,0.0023,0.0088,0.0023,0.0108,0.0131,0.0004,0.0085,0.0083,0.012,0.0115,0.015600000000000001,0.022099999999999998,0.0042,0.0161,0.0,0.006,0.0,0.0109,0.0083,0.0046,0.0,0.0074,0.0034999999999999996,0.0,0.011699999999999999,0.0098
1997-03-19,0.0,0.0,0.023700000000000002,0.0060999999999999995,0.0009,0.0104,0.0,0.002,0.0062,0.006999999999999999,0.0070999999999999995,0.0085,0.0053,0.0,0.0053,0.0,0.0055000000000000005,0.0184,0.0,0.0,0.0109,0.020099999999999996,0.024900000000000002,0.008100000000000001,0.0212,0.011200000000000002,0.0,0.0,0.0,0.0069
1997-03-20,0.0158,0.0045000000000000005,0.046799999999999994,0.0027,0.0,0.0043,0.0042,0.0092,0.0127,0.0,0.0,0.0,0.0,0.006500000000000001,0.0023,0.0,0.0089,0.0187,0.0,0.006500000000000001,0.0062,0.0,0.0,0.0040999999999999995,0.0,0.0028000000000000004,0.005,0.0024,0.0019,0.010700000000000001
1997-03-21,0.0,0.0,0.0363,0.0049,0.0,0.0127,0.014199999999999999,0.0021,0.0,0.004699999999999999,0.0006,0.0015,0.0,0.0,0.0,0.0,0.0075,0.0015,0.0,0.0,0.0,0.0046,0.0085,0.004699999999999999,0.0,0.0,0.0,0.0049,0.0,0.0003
1997-03-24,0.0,0.0,0.0,0.0,0.001,0.0,0.0068000000000000005,0.0,0.0,0.0045000000000000005,0.0084,0.0,0.0,0.0,0.0,0.0,0.0038,0.0,0.0,0.0,0.0,0.015600000000000001,0.0,0.0,0.0,0.0060999999999999995,0.0,0.0,0.0,0.0
1997-03-25,0.0,0.0005,0.0,0.009000000000000001,0.0,0.011200000000000002,0.0,0.0,0.0095,0.0,0.0034000000000000002,0.0179,0.0031,0.0083,0.0046,0.0005,0.0043,0.0,0.0,0.0,0.0016,0.0,0.0,0.0116,0.0087,0.0,0.0101,0.0017000000000000001,0.0034000000000000002,0.0
1997-03-26,0.0,0.009300000000000001,0.0,0.0029,0.0,0.0,0.001,0.0024,0.0067,0.0043,0.0007000000000000001,0.0,0.0,0.0087,0.0118,0.0006,0.0,0.0,0.0,0.0042,0.0,0.0,0.0,0.002,0.0,0.0013,0.0,0.0,0.011899999999999999,0.0016
1997-03-27,0.014499999999999999,0.0171,0.0194,0.0037,0.0158,0.0204,0.016200000000000003,0.019299999999999998,0.0166,0.0147,0.0174,0.0161,0.013500000000000002,0.022799999999999997,0.0067,0.0271,0.0248,0.0,0.0159,0.0138,0.0294,0.0131,0.0181,0.0149,0.015300000000000001,0.0172,0.0189,0.0062,0.025099999999999997,0.0167
1997-03-31,0.0236,0.028300000000000002,0.0233,0.021099999999999997,0.0235,0.022000000000000002,0.0196,0.0436,0.0079,0.0204,0.0189,0.0129,0.0163,0.019,0.0077,0.0222,0.0073,0.0341,0.0079,0.005,0.005699999999999999,0.0225,0.019799999999999998,0.0222,0.0191,0.015,0.026000000000000002,0.018799999999999997,0.0325,0.01
1997-04-01,0.0,0.0,0.0,0.003,0.0,0.0,0.0015,0.0,0.009300000000000001,0.0031,0.0,0.0,0.0007000000000000001,0.0067,0.0,0.0,0.0,0.0,0.0046,0.0003,0.0017000000000000001,0.006,0.0063,0.0,0.0009,0.0049,0.0027,0.0,0.0,0.0026
1997-04-02,0.0079,0.0034999999999999996,0.014199999999999999,0.0075,0.0084,0.0054,0.013000000000000001,0.013000000000000001,0.0072,0.0086,0.0023,0.0069,0.0069,0.0087,0.0109,0.011899999999999999,0.0026,0.0001,0.0152,0.0026,0.0151,0.0146,0.0154,0.003,0.0,0.009000000000000001,0.0026,0.0111,0.0181,0.0084
1997-04-03,0.0053,0.0052,0.0027,0.0026,0.0113,0.0026,0.0098,0.0,0.0019,0.004699999999999999,0.015600000000000001,0.0066,0.0042,0.0,0.0032,0.0175,0.016,0.0042,0.026600000000000002,0.0067,0.0039000000000000003,0.0,0.0,0.0048,0.0051,0.002,0.0003,0.0,0.0,0.0084
1997-04-04,0.0,0.0,0.005699999999999999,0.0,0.0,0.0,0.0,0.0,0.0,0.0,0.0,0.0,0.0,0.0,0.0,0.0,0.0008,0.0,0.0,0.0033,0.0,0.0,0.0,0.0,0.0,0.0,0.0,0.0011,0.0,0.0
1997-04-07,0.0,0.0078000000000000005,0.0022,0.0,0.0,0.0,0.0087,0.0,0.0,0.0034999999999999996,0.0,0.0024,0.0,0.0009,0.0,0.0,0.0131,0.0,0.0,0.0001,0.0,0.0,0.0,0.0,0.0,0.0,0.0,0.0,0.0,0.0
1997-04-08,0.001,0.0,0.0,0.0,0.002,0.0038,0.0,0.0062,0.0,0.0,0.0,0.0,0.0001,0.0,0.0,0.0,0.0,0.0,0.0,0.003,0.0033,0.0,0.0,0.0,0.0,0.0022,0.0,0.0,0.0,0.0
1997-04-09,0.0074,0.0,0.006,0.0002,0.0043,0.0,0.0,0.020099999999999996,0.0031,0.0,0.0,0.0031,0.0009,0.0,0.0,0.0,0.0068000000000000005,0.0,0.0,0.0,0.0089,0.006999999999999999,0.0176,0.0116,0.0,0.0055000000000000005,0.0,0.002,0.0091,0.0002
1997-04-10,0.0,0.005600000000000001,0.0,0.0,0.0032,0.0037,0.0023,0.0,0.006500000000000001,0.0,0.008199999999999999,0.0,0.0069,0.0033,0.0034000000000000002,0.0,0.0,0.006500000000000001,0.0124,0.0,0.0,0.009899999999999999,0.0174,0.0,0.0,0.0,0.0143,0.0070999999999999995,0.004,0.0019
1997-04-11,0.0255,0.0475,0.0,0.019799999999999998,0.023399999999999997,0.022000000000000002,0.0194,0.031,0.0222,0.0127,0.016399999999999998,0.0124,0.0165,0.0335,0.0199,0.0199,0.021400000000000002,0.0015,0.023700000000000002,0.0138,0.0269,0.0203,0.025,0.022000000000000002,0.0212,0.019299999999999998,0.022799999999999997,0.018799999999999997,0.0291,0.02
1997-04-14,0.0,0.0,0.0029,0.0103,0.0,0.0,0.0,0.0,0.0,0.0025,0.0,0.0,0.0,0.0,0.0,0.0,0.0066,0.0138,0.0,0.0046,0.0055000000000000005,0.0,0.0,0.0008,0.0,0.0040999999999999995,0.0,0.0,0.0,0.0095
1997-04-15,0.0,0.0,0.0,0.0,0.0,0.0,0.0,0.0,0.0,0.0,0.0,0.0,0.0,0.0,0.0,0.0,0.0079,0.0176,0.0,0.0,0.0,0.0025,0.0034999999999999996,0.0,0.0,0.0,0.0,0.0,0.0,0.0
1997-04-16,0.0,0.0,0.0,0.0,0.0,0.0,0.0,0.0,0.0,0.0,0.0,0.0,0.0,0.0,0.0,0.0038,0.0,0.0,0.0,0.0,0.0,0.0,0.0,0.0,0.0,0.0026,0.0,0.0,0.0017000000000000001,0.0
1997-04-17,0.01,0.0,0.0325,0.0,0.0039000000000000003,0.0069,0.018500000000000003,0.0023,0.0,0.0103,0.014199999999999999,0.0209,0.0,0.0144,0.005699999999999999,0.0,0.0,0.0,0.0109,0.0046,0.0024,0.0009,0.0,0.0,0.0,0.0,0.0051,0.0064,0.0,0.0
1997-04-18,0.0,0.0,0.0,0.0,0.0,0.0,0.0296,0.0004,0.0,0.031,0.0,0.0,0.0,0.0,0.0,0.0,0.0015,0.0048,0.0,0.0,0.002,0.0,0.0098,0.0,0.0,0.0,0.0,0.0,0.0026,0.0
1997-04-21,0.0052,0.0166,0.0349,0.006,0.0139,0.0043,0.0138,0.0052,0.0001,0.006500000000000001,0.0,0.0125,0.009000000000000001,0.004699999999999999,0.0,0.0101,0.0118,0.0174,0.0,0.0060999999999999995,0.0139,0.0163,0.0158,0.0106,0.0079,0.0095,0.0144,0.0,0.011899999999999999,0.006999999999999999
1997-04-22,0.0,0.0,0.0103,0.0014000000000000002,0.0,0.0,0.0,0.0,0.0,0.0087,0.0,0.0,0.0,0.0,0.0,0.0,0.0123,0.019799999999999998,0.0,0.0,0.0,0.0,0.0,0.0,0.0,0.0018,0.0,0.0,0.0,0.0
1997-04-23,0.0048,0.019299999999999998,0.028999999999999998,0.0,0.0026,0.005600000000000001,0.0,0.005,0.009300000000000001,0.0158,0.0015,0.0008,0.0,0.0106,0.0012,0.0,0.005699999999999999,0.0,0.0,0.0019,0.0088,0.0,0.0,0.0045000000000000005,0.0,0.0,0.0017000000000000001,0.0,0.004699999999999999,0.0
1997-04-24,0.0053,0.0025,0.0,0.0070999999999999995,0.0064,0.0123,0.0,0.0022,0.0060999999999999995,0.0,0.0018,0.0005,0.005600000000000001,0.0034000000000000002,0.0168,0.0092,0.0078000000000000005,0.0072,0.005600000000000001,0.008100000000000001,0.0158,0.0,0.0,0.0,0.004699999999999999,0.0,0.0,0.0,0.0009,0.0031
1997-04-25,0.005699999999999999,0.0203,0.0447,0.0091,0.0067,0.0085,0.0,0.0086,0.0016,0.0073,0.0083,0.011000000000000001,0.011399999999999999,0.0025,0.0053,0.0001,0.0,0.0069,0.0155,0.003,0.0,0.027999999999999997,0.0226,0.0076,0.0113,0.0053,0.011399999999999999,0.006,0.0039000000000000003,0.015600000000000001
1997-04-28,0.0,0.0,0.0,0.0,0.0,0.0,0.015300000000000001,0.0,0.0,0.0,0.0,0.0007000000000000001,0.0,0.0,0.0,0.0361,0.004,0.0,0.0,0.0,0.0,0.0,0.0,0.0,0.0,0.0,0.0,0.0,0.0,0.0
1997-04-29,0.0,0.0,0.0074,0.0,0.0,0.0,0.0,0.0,0.0,0.0,0.0,0.0,0.0,0.0,0.0,0.0,0.0,0.0,0.0,0.0,0.0,0.0,0.0,0.0,0.0,0.0,0.0,0.0,0.0,0.0
1997-04-30,0.0,0.0,0.0,0.0,0.0,0.0051,0.0,0.0,0.0,0.0,0.0,0.0,0.0,0.0,0.0,0.0,0.0,0.0007000000000000001,0.0,0.0008,0.0,0.0,0.0,0.0,0.0,0.0,0.0,0.0,0.0,0.0
1997-05-01,0.0109,0.015700000000000002,0.0038,0.0,0.0,0.0022,0.0,0.0075,0.009300000000000001,0.0,0.0051,0.0,0.0,0.0070999999999999995,0.0,0.0,0.0,0.0,0.008100000000000001,0.0,0.0001,0.0,0.0,0.0,0.011699999999999999,0.0006,0.0019,0.0049,0.0021,0.0
1997-05-02,0.0,0.0,0.0,0.0,0.0,0.0,0.0,0.0,0.0,0.0,0.0,0.0,0.0,0.0,0.0,0.0,0.0,0.0,0.0,0.0,0.0,0.0,0.0,0.0,0.0,0.0,0.0,0.0,0.0,0.0
1997-05-05,0.0,0.0,0.0,0.0,0.0,0.0,0.0,0.0,0.0,0.0,0.0,0.0,0.0,0.0,0.0,0.0009,0.0,0.012199999999999999,0.0,0.0,0.0,0.0,0.0,0.0,0.0,0.0,0.0,0.0,0.0,0.0
1997-05-06,0.0076,0.0,0.047599999999999996,0.0,0.0048,0.0,0.011399999999999999,0.0023,0.0,0.0131,0.0102,0.0,0.0009,0.0,0.0,0.0,0.0,0.0022,0.0012,0.0,0.0103,0.0143,0.0152,0.0034000000000000002,0.0083,0.0022,0.0066,0.0002,0.0,0.0074
1997-05-07,0.008,0.012199999999999999,0.011699999999999999,0.010700000000000001,0.006,0.011399999999999999,0.0060999999999999995,0.0144,0.0158,0.0083,0.012,0.0088,0.0111,0.0078000000000000005,0.015300000000000001,0.0217,0.0,0.0151,0.0051,0.0139,0.015300000000000001,0.0101,0.002,0.013999999999999999,0.0059,0.005699999999999999,0.0102,0.008100000000000001,0.0202,0.0004
1997-05-08,0.001,0.0129,0.0,0.0,0.0,0.0029,0.0067,0.0012,0.0,0.0023,0.0,0.0,0.0,0.0,0.0005,0.0021,0.0,0.0,0.0,0.0,0.0,0.0,0.0,0.0,0.0,0.0,0.0,0.0,0.0,0.0
1997-05-09,0.0,0.0,0.0,0.0,0.0,0.0,0.0,0.0,0.0,0.0,0.0,0.0024,0.0,0.0,0.0,0.0,0.0,0.0,0.0,0.0,0.0001,0.0,0.0,0.0,0.0040999999999999995,0.0,0.0032,0.008,0.0,0.003
1997-05-12,0.0,0.0,0.0,0.0,0.0,0.0,0.0,0.0,0.0,0.0,0.0,0.0,0.0,0.0,0.0,0.0,0.0009,0.0054,0.0,0.0,0.0,0.0,0.0,0.0,0.0,0.0,0.0,0.0,0.0,0.0
1997-05-13,0.0104,0.0,0.0,0.0,0.0,0.008199999999999999,0.0,0.0,0.0084,0.0003,0.0055000000000000005,0.008100000000000001,0.0,0.0,0.0128,0.0,0.0063,0.0,0.0053,0.0067,0.0085,0.0019,0.0168,0.0005,0.0,0.0036,0.0,0.0089,0.0064,0.0
1997-05-14,0.0,0.0,0.0,0.0,0.0,0.005600000000000001,0.0,0.0,0.0,0.0,0.0,0.002,0.0,0.0,0.0,0.0,0.0147,0.0095,0.0,0.0,0.0,0.0029,0.0,0.0,0.0005,0.0,0.0,0.0,0.0,0.0004
1997-05-15,0.0,0.0,0.0,0.0058,0.0,0.0,0.0,0.0,0.0,0.0,0.0,0.0,0.0,0.0,0.0,0.0007000000000000001,0.0,0.0040999999999999995,0.0076,0.0006,0.0,0.0,0.0,0.0,0.0,0.0,0.0,0.0006,0.002,0.0
1997-05-16,0.0129,0.016200000000000003,0.0052,0.006,0.0,0.0181,0.0152,0.0158,0.009300000000000001,0.0045000000000000005,0.0069,0.0026,0.0033,0.0217,0.0049,0.0077,0.018799999999999997,0.0,0.004,0.0016,0.0034000000000000002,0.01,0.025099999999999997,0.013500000000000002,0.0007000000000000001,0.0024,0.0053,0.0038,0.0121,0.0021
1997-05-19,0.0,0.0,0.0,0.0,0.0,0.0,0.0,0.0,0.0,0.0,0.0,0.0,0.0007000000000000001,0.0,0.0,0.011899999999999999,0.0,0.006,0.0,0.0011,0.0012,0.0042,0.0017000000000000001,0.0,0.0,0.0008,0.0,0.0,0.0,0.0
1997-05-20,0.0,0.0,0.0087,0.0,0.0,0.0,0.0,0.0,0.0,0.0,0.0,0.0034000000000000002,0.0,0.0,0.0,0.0,0.0,0.0,0.0,0.0033,0.0,0.0,0.0,0.0,0.0,0.0,0.0,0.0051,0.0,0.0
1997-05-21,0.0,0.0174,0.0,0.006,0.0006,0.0,0.0,0.0037,0.008,0.0,0.0,0.0,0.0016,0.0098,0.0046,0.0,0.0033,0.0,0.0,0.0042,0.005,0.0,0.0,0.0,0.0,0.0,0.004699999999999999,0.0034000000000000002,0.0105,0.0066
1997-05-22,0.0006,0.0138,0.0,0.0002,0.0,0.0,0.0,0.0054,0.0038,0.0,0.0009,0.0,0.0,0.0096,0.0,0.0095,0.0,0.0052,0.005699999999999999,0.0042,0.0015,0.0042,0.0077,0.0,0.0,0.0006,0.001,0.0016,0.0,0.0
1997-05-23,0.0,0.0,0.0,0.0,0.0,0.0,0.0,0.0,0.0,0.0,0.0,0.0,0.0,0.0,0.0,0.0,0.0,0.0,0.0,0.0,0.0,0.0,0.0,0.0,0.0,0.0,0.0,0.0,0.0,0.0
1997-05-27,0.0060999999999999995,0.0,0.0292,0.0,0.0007000000000000001,0.0,0.0,0.0,0.0,0.0103,0.002,0.0,0.0,0.006500000000000001,0.0,0.0,0.0,0.0,0.0058,0.002,0.0,0.0,0.0,0.005699999999999999,0.0028000000000000004,0.0,0.0,0.0,0.0096,0.0
1997-05-28,0.0033,0.0103,0.004,0.004,0.0,0.0044,0.0,0.0066,0.0124,0.0,0.0008,0.0064,0.0,0.0,0.0011,0.0,0.0038,0.014199999999999999,0.0036,0.0,0.0,0.0018,0.0,0.0015,0.0079,0.0,0.0,0.0073,0.0,0.0006
1997-05-29,0.0,0.0,0.0,0.0052,0.0,0.0024,0.0403,0.0034000000000000002,0.0,0.004,0.0,0.0,0.0,0.0,0.0078000000000000005,0.0,0.0,0.0,0.0,0.0,0.001,0.0014000000000000002,0.0207,0.0005,0.0,0.0,0.0,0.0078000000000000005,0.0032,0.0
1997-05-30,0.0,0.0,0.004,0.0042,0.0,0.0,0.0,0.0,0.0,0.0,0.0,0.0,0.0,0.011200000000000002,0.0,0.0,0.0131,0.021400000000000002,0.0,0.0,0.0,0.0,0.0126,0.0,0.0,0.0,0.0,0.0,0.0,0.0
1997-06-02,0.003,0.0036,0.026099999999999998,0.006,0.0,0.0139,0.005,0.0038,0.0,0.0034999999999999996,0.0,0.0,0.0,0.0,0.0055000000000000005,0.0069,0.004,0.0,0.0,0.0015,0.0049,0.0,0.0,0.005,0.0025,0.0,0.0,0.0074,0.003,0.0
1997-06-03,0.0,0.0,0.006999999999999999,0.0014000000000000002,0.0,0.0,0.0024,0.0,0.0,0.0,0.0,0.0,0.0069,0.0,0.0,0.0,0.0115,0.0,0.0,0.0,0.0,0.018500000000000003,0.0325,0.0,0.0,0.0,0.0,0.0,0.0,0.0
1997-06-04,0.0079,0.0259,0.011200000000000002,0.0033,0.0,0.0028000000000000004,0.0,0.0031,0.0098,0.0034000000000000002,0.0022,0.0046,0.0,0.0,0.0046,0.0,0.0106,0.0062,0.0006,0.0031,0.009000000000000001,0.0059,0.0087,0.0040999999999999995,0.0051,0.0023,0.0014000000000000002,0.0049,0.0022,0.0052
1997-06-05,0.0,0.0,0.0,0.0,0.0016,0.0,0.0,0.0,0.0,0.0,0.0,0.0,0.0,0.009899999999999999,0.0,0.0,0.0,0.0191,0.0029,0.0,0.0034999999999999996,0.0,0.0,0.0,0.0,0.0,0.0,0.0024,0.0,0.0
1997-06-06,0.0,0.0,0.0011,0.0,0.0,0.0,0.0,0.0,0.0,0.0,0.0,0.0,0.0,0.0,0.0,0.0,0.0,0.0089,0.0,0.0,0.0,0.0,0.0,0.0,0.0,0.0,0.0,0.0,0.0,0.0
1997-06-09,0.0,0.0,0.0,0.0,0.0,0.0,0.0,0.0,0.0,0.0,0.0,0.0025,0.0,0.0,0.0,0.0,0.0,0.0034000000000000002,0.0045000000000000005,0.0023,0.0,0.0,0.0,0.0012,0.0066,0.0,0.0,0.0,0.0,0.0025
1997-06-10,0.0,0.0,0.0023,0.0,0.0,0.0,0.0,0.0029,0.0,0.0,0.0007000000000000001,0.0,0.0001,0.0,0.0,0.0,0.0026,0.0,0.0004,0.0009,0.0,0.0036,0.016399999999999998,0.0,0.0053,0.0,0.0,0.0,0.0,0.004
1997-06-11,0.0,0.0,0.0,0.0,0.0,0.0023,0.0,0.0,0.0,0.0042,0.0,0.0,0.0006,0.0,0.0,0.0026,0.0,0.0,0.0,0.0,0.0,0.0,0.0,0.0,0.0,0.0,0.0,0.0,0.0,0.0044
1997-06-12,0.0,0.0,0.0,0.0,0.0,0.0,0.0,0.0,0.0,0.0063,0.0,0.0,0.0,0.0,0.0,0.0,0.0,0.0,0.0,0.0,0.0,0.0,0.0,0.0,0.0,0.0,0.0,0.0,0.0,0.0
1997-06-13,0.0,0.0,0.0,0.0,0.0,0.0,0.0,0.0,0.0018,0.0,0.0,0.0,0.0,0.0,0.0003,0.0,0.0,0.0,0.0,0.0,0.0,0.0,0.0,0.0034000000000000002,0.0,0.0,0.0,0.0,0.0,0.0
1997-06-16,0.0027,0.0048,0.009000000000000001,0.0,0.0,0.004699999999999999,0.0,0.0059,0.0,0.0,0.008199999999999999,0.0053,0.0032,0.0,0.0,0.0,0.0042,0.0,0.0,0.0012,0.0024,0.0,0.0,0.0066,0.0046,0.0,0.0,0.0049,0.0007000000000000001,0.0
1997-06-17,0.0006,0.0007000000000000001,0.0,0.0027,0.0039000000000000003,0.0077,0.0014000000000000002,0.0021,0.0,0.0,0.0008,0.004,0.0,0.0007000000000000001,0.0070999999999999995,0.0126,0.0023,0.0,0.006,0.0,0.0032,0.0,0.0,0.003,0.0,0.0025,0.0,0.0036,0.0,0.0070999999999999995
1997-06-18,0.0007000000000000001,0.0037,0.0113,0.0070999999999999995,0.0,0.0066,0.0,0.0134,0.0040999999999999995,0.0069,0.0084,0.0,0.0,0.0044,0.0,0.0,0.008,0.0040999999999999995,0.004699999999999999,0.0,0.0037,0.0169,0.011200000000000002,0.0033,0.0,0.0045000000000000005,0.0036,0.0003,0.0,0.0
1997-06-19,0.0,0.0,0.0,0.0,0.0,0.0,0.0,0.0,0.0,0.0029,0.0,0.0,0.0,0.0,0.0063,0.0,0.0,0.0,0.0097,0.0,0.0,0.0,0.0,0.0,0.0,0.006,0.0,0.0,0.0,0.0
1997-06-20,0.0,0.002,0.04,0.0095,0.0021,0.0085,0.004699999999999999,0.0,0.0014000000000000002,0.0098,0.0034000000000000002,0.0040999999999999995,0.0058,0.0,0.0,0.0,0.0104,0.022400000000000003,0.0,0.0029,0.0021,0.0022,0.0,0.0036,0.0,0.0087,0.0,0.0,0.0003,0.0
1997-06-23,0.0191,0.0233,0.054900000000000004,0.020499999999999997,0.012199999999999999,0.0175,0.0101,0.0232,0.0232,0.0083,0.0141,0.0121,0.013000000000000001,0.0294,0.0143,0.0316,0.0074,0.0,0.0151,0.0064,0.0222,0.013000000000000001,0.0144,0.0199,0.0042,0.0076,0.0194,0.0206,0.020099999999999996,0.0091
1997-06-24,0.0,0.0,0.0,0.0,0.0,0.0,0.0,0.0,0.0,0.0,0.0,0.0,0.0,0.0,0.0,0.0,0.0,0.0154,0.0,0.0,0.0,0.0,0.0,0.0,0.0,0.0,0.0,0.0,0.0,0.0
1997-06-25,0.0039000000000000003,0.013600000000000001,0.022099999999999998,0.002,0.0,0.0039000000000000003,0.0018,0.0058,0.0083,0.003,0.0087,0.0075,0.0048,0.0129,0.006999999999999999,0.0007000000000000001,0.0,0.0623,0.0113,0.0049,0.0086,0.005600000000000001,0.004699999999999999,0.0063,0.0051,0.0078000000000000005,0.0066,0.0137,0.0084,0.0005
1997-06-26,0.0,0.0,0.0079,0.0105,0.0006,0.0,0.0083,0.0070999999999999995,0.0039000000000000003,0.0106,0.0029,0.0,0.0059,0.0037,0.0053,0.0108,0.0016,0.0,0.0015,0.0,0.0045000000000000005,0.0087,0.0126,0.0,0.0098,0.0,0.0003,0.0,0.0074,0.0
1997-06-27,0.0,0.0,0.0,0.0054,0.0,0.0,0.0,0.0,0.0,0.0,0.0,0.0,0.0,0.0,0.0,0.0016,0.0028000000000000004,0.0344,0.0040999999999999995,0.0,0.0,0.0,0.0003,0.0,0.0,0.0,0.0,0.0,0.0,0.0
1997-06-30,0.0,0.0313,0.0,0.0,0.0079,0.0,0.0,0.0072,0.0,0.0,0.0038,0.0,0.0,0.0040999999999999995,0.0064,0.0023,0.0,0.0,0.0,0.0,0.0,0.0005,0.0,0.0059,0.0,0.0,0.0,0.0014000000000000002,0.0096,0.0097
1997-07-01,0.0040999999999999995,0.0,0.0077,0.005699999999999999,0.0,0.006,0.0051,0.0,0.0,0.0,0.0019,0.0,0.0,0.0,0.0,0.0,0.0011,0.0,0.0,0.0,0.0,0.0048,0.0,0.0,0.0,0.0,0.0,0.0,0.0,0.0
1997-07-02,0.0,0.0,0.0,0.0092,0.0,0.0,0.0009,0.0,0.0,0.0,0.0,0.0,0.0,0.0,0.0,0.0,0.006,0.005600000000000001,0.0,0.0,0.0,0.0,0.0,0.0,0.0,0.0,0.0,0.0,0.0,0.0
1997-07-03,0.0,0.0,0.0,0.0,0.0,0.0,0.0,0.0,0.0,0.0,0.0,0.0016,0.0,0.0,0.0,0.0,0.0083,0.0,0.0,0.0,0.0,0.0,0.0,0.0,0.0,0.0,0.0,0.0,0.0,0.0026
1997-07-07,0.0049,0.0085,0.013500000000000002,0.0097,0.0038,0.0059,0.0076,0.0121,0.0,0.005,0.0,0.0,0.0,0.0,0.0042,0.0029,0.0363,0.0118,0.0059,0.0051,0.0,0.0,0.0,0.0025,0.0,0.0029,0.0034999999999999996,0.0014000000000000002,0.0063,0.0
1997-07-08,0.0,0.0,0.0054,0.0,0.0,0.0,0.0,0.0,0.0,0.0029,0.0,0.0,0.0,0.0032,0.0,0.0,0.0,0.0023,0.0,0.0,0.0,0.0,0.0,0.0,0.0,0.0,0.0,0.0001,0.0,0.0
1997-07-09,0.0102,0.0171,0.022099999999999998,0.006999999999999999,0.0139,0.005699999999999999,0.0034999999999999996,0.0155,0.0109,0.004699999999999999,0.0091,0.0128,0.0042,0.0132,0.0139,0.009000000000000001,0.013600000000000001,0.0,0.0227,0.0062,0.0165,0.0034000000000000002,0.0,0.0034999999999999996,0.0040999999999999995,0.0058,0.0106,0.0104,0.0126,0.0042
1997-07-10,0.0,0.0,0.0022,0.0017000000000000001,0.0,0.0,0.0,0.0,0.0,0.0,0.0,0.0,0.0,0.0,0.0,0.0040999999999999995,0.0,0.0,0.0,0.0,0.0,0.0,0.0011,0.0,0.0,0.0,0.0,0.0,0.0,0.0
1997-07-11,0.0,0.005600000000000001,0.0004,0.0027,0.0,0.0,0.0,0.0,0.0,0.002,0.0,0.0,0.0,0.0,0.0059,0.0,0.0,0.0132,0.0,0.0,0.0137,0.0,0.0,0.0001,0.0,0.0,0.0,0.0,0.0,0.0
1997-07-14,0.0002,0.0,0.0127,0.0007000000000000001,0.0033,0.0,0.0,0.0,0.0069,0.002,0.0,0.0,0.0,0.0,0.0,0.0,0.009300000000000001,0.0,0.0109,0.0007000000000000001,0.0051,0.0,0.0,0.0,0.0045000000000000005,0.0,0.0,0.0,0.0032,0.002
1997-07-15,0.0,0.0,0.0048,0.0,0.0,0.0,0.0,0.0,0.0,0.0,0.0,0.0,0.0,0.0,0.0,0.0,0.011699999999999999,0.0,0.0,0.0,0.0,0.0,0.0,0.0015,0.0,0.0,0.0,0.0,0.0,0.0
1997-07-16,0.0,0.0,0.0,0.0,0.0,0.0083,0.003,0.008,0.0,0.0,0.0,0.0,0.0,0.0,0.005,0.0,0.0,0.0,0.0,0.0,0.0,0.0,0.0,0.0,0.0,0.0,0.0,0.0,0.0,0.0
1997-07-17,0.0172,0.0158,0.0279,0.0116,0.0036,0.008,0.0,0.0,0.0,0.0074,0.009399999999999999,0.0,0.004,0.008100000000000001,0.0,0.026699999999999998,0.0,0.0019,0.0,0.0077,0.023399999999999997,0.0052,0.0103,0.005600000000000001,0.0108,0.0012,0.0022,0.0046,0.0042,0.011000000000000001
1997-07-18,0.013999999999999999,0.0059,0.0226,0.013000000000000001,0.0033,0.0144,0.0002,0.0169,0.0216,0.0055000000000000005,0.018799999999999997,0.0102,0.013000000000000001,0.0253,0.010700000000000001,0.0089,0.0,0.0,0.02,0.0075,0.0038,0.0252,0.0123,0.013000000000000001,0.0106,0.0096,0.0073,0.0087,0.0139,0.0101
1997-07-21,0.002,0.008,0.0106,0.005600000000000001,0.0,0.0,0.0084,0.0012,0.0,0.0046,0.0024,0.0098,0.0,0.0066,0.0,0.0066,0.0134,0.0,0.0022,0.0059,0.0,0.013999999999999999,0.0103,0.0168,0.0086,0.0092,0.0014000000000000002,0.0008,0.0,0.0048
1997-07-22,0.0,0.0,0.0,0.0,0.0,0.0,0.0,0.0,0.0,0.0029,0.0,0.0,0.0,0.0,0.0,0.0,0.0,0.0174,0.0,0.0,0.0,0.0,0.0,0.0,0.0,0.0,0.0,0.0,0.0,0.0
1997-07-23,0.0,0.021,0.0025,0.0,0.0,0.0,0.0,0.0,0.0,0.0,0.0,0.0,0.0,0.0,0.0,0.0,0.0086,0.0,0.0126,0.0058,0.0095,0.0016,0.0,0.0,0.0,0.0,0.0,0.0,0.0,0.0
1997-07-24,0.0,0.0,0.0,0.0,0.0,0.0,0.0032,0.0021,0.004699999999999999,0.0036,0.0,0.0011,0.0,0.0031,0.0002,0.0,0.0,0.0184,0.0,0.0009,0.0026,0.0067,0.0,0.0043,0.0018,0.0,0.0,0.0,0.0,0.0
1997-07-25,0.0,0.0,0.0,0.0012,0.0043,0.0009,0.0,0.0105,0.0027,0.0051,0.0,0.0,0.0,0.0,0.0126,0.008100000000000001,0.0,0.0192,0.0,0.0,0.0,0.0023,0.0079,0.0102,0.0,0.0,0.0,0.0,0.0011,0.0008
1997-07-28,0.0,0.004699999999999999,0.0,0.0,0.0,0.008,0.0037,0.0154,0.0,0.0013,0.013300000000000001,0.0,0.0022,0.0076,0.0,0.0062,0.0,0.0,0.0,0.0,0.0,0.0054,0.0097,0.0,0.0,0.0,0.0,0.0,0.0002,0.0
1997-07-29,0.0,0.0036,0.0,0.0,0.0033,0.0045000000000000005,0.0,0.0,0.0,0.0,0.0,0.0025,0.0,0.0064,0.0,0.0,0.0019,0.0,0.0,0.0,0.0,0.0,0.0005,0.0,0.0,0.0004,0.0,0.0022,0.0,0.0
1997-07-30,0.0,0.0,0.0,0.0,0.0,0.0,0.0,0.0,0.0,0.0,0.0,0.0,0.0,0.0,0.0,0.0,0.0,0.0,0.0,0.0,0.0,0.0,0.0,0.0,0.0,0.0,0.0,0.0,0.0,0.0
1997-07-31,0.0029,0.0106,0.0155,0.0,0.0043,0.001,0.0076,0.0,0.0011,0.0,0.0,0.0,0.0054,0.0059,0.0,0.0013,0.0,0.0,0.0,0.0,0.0029,0.0,0.0,0.0,0.0,0.0007000000000000001,0.0,0.0113,0.0,0.0046
1997-08-01,0.0,0.005600000000000001,0.003,0.0042,0.0079,0.0038,0.0084,0.0103,0.0023,0.0,0.0073,0.0045000000000000005,0.0,0.013600000000000001,0.0,0.008100000000000001,0.0,0.0045000000000000005,0.0077,0.006,0.006500000000000001,0.0005,0.0,0.002,0.009399999999999999,0.0,0.0106,0.0068000000000000005,0.0108,0.006999999999999999
1997-08-04,0.0015,0.0,0.0059,0.0,0.0,0.0060999999999999995,0.0,0.0,0.0016,0.0054,0.0,0.0,0.0017000000000000001,0.010700000000000001,0.0018,0.0,0.0,0.0,0.0,0.0026,0.0,0.0,0.0,0.0,0.0,0.0,0.0,0.0,0.0024,0.0
1997-08-05,0.0013,0.0048,0.0074,0.0,0.0,0.0008,0.0006,0.0,0.0,0.0,0.0007000000000000001,0.0,0.0,0.0012,0.0012,0.0043,0.009300000000000001,0.0031,0.0,0.0,0.0012,0.0,0.0,0.0,0.0,0.0,0.0,0.0052,0.0032,0.0
1997-08-06,0.0,0.0,0.0,0.0,0.0,0.0,0.0,0.0,0.0,0.0,0.0,0.0,0.0,0.0,0.0,0.0,0.0,0.011399999999999999,0.0,0.0,0.0,0.0,0.0,0.0,0.0,0.0,0.0,0.0,0.0,0.0
1997-08-07,0.0032,0.019799999999999998,0.0118,0.0097,0.0039000000000000003,0.014499999999999999,0.0115,0.0109,0.0069,0.0097,0.0074,0.0,0.0,0.0137,0.0,0.0,0.0,0.0,0.008199999999999999,0.0039000000000000003,0.0075,0.0072,0.0,0.0014000000000000002,0.0055000000000000005,0.0013,0.0066,0.0062,0.0143,0.001
1997-08-08,0.0169,0.048,0.0087,0.008199999999999999,0.0161,0.0176,0.0172,0.0143,0.016399999999999998,0.0154,0.0166,0.018500000000000003,0.022099999999999998,0.017,0.0207,0.0202,0.0,0.0053,0.022000000000000002,0.0128,0.0060999999999999995,0.0192,0.0199,0.0147,0.0178,0.0113,0.0169,0.015600000000000001,0.0207,0.0124
1997-08-11,0.0,0.0034999999999999996,0.0,0.0,0.0,0.0,0.0,0.015600000000000001,0.0,0.0,0.0,0.0024,0.0,0.0,0.0036,0.0,0.0007000000000000001,0.0027,0.0,0.0,0.0,0.0078000000000000005,0.013300000000000001,0.0,0.0011,0.0051,0.0,0.0014000000000000002,0.0,0.0
1997-08-12,0.0128,0.013500000000000002,0.0048,0.0054,0.006500000000000001,0.017,0.0,0.0175,0.0053,0.0014000000000000002,0.0203,0.0055000000000000005,0.0038,0.0184,0.005,0.022000000000000002,0.0068000000000000005,0.011200000000000002,0.0031,0.0008,0.005,0.0088,0.0067,0.0052,0.0044,0.0036,0.0054,0.005600000000000001,0.0118,0.0001
1997-08-13,0.009899999999999999,0.0121,0.005,0.0,0.0044,0.0021,0.0,0.0111,0.0125,0.0014000000000000002,0.0,0.0,0.0,0.0,0.0,0.0,0.0,0.0176,0.0155,0.0055000000000000005,0.0109,0.0,0.0,0.0,0.0029,0.0026,0.0,0.0077,0.0,0.0005
1997-08-14,0.0,0.009000000000000001,0.0,0.0,0.0,0.0,0.0,0.0,0.0034999999999999996,0.0,0.0,0.0019,0.0027,0.0012,0.0042,0.0013,0.0173,0.0,0.0059,0.0007000000000000001,0.0008,0.0,0.0,0.0,0.0084,0.0006,0.004,0.0,0.0,0.0
1997-08-15,0.0128,0.0173,0.0246,0.0222,0.0143,0.037000000000000005,0.0241,0.026000000000000002,0.0219,0.009000000000000001,0.0275,0.015600000000000001,0.015700000000000002,0.0443,0.019299999999999998,0.0276,0.0,0.0,0.0197,0.0106,0.0169,0.0176,0.0246,0.021400000000000002,0.0091,0.0103,0.0172,0.016399999999999998,0.0173,0.0116
1997-08-18,0.0029,0.0,0.0032,0.0,0.0,0.0,0.0,0.0,0.0,0.0,0.0083,0.0,0.0,0.0,0.0,0.0,0.01,0.0011,0.0,0.0,0.0,0.0,0.0,0.0043,0.0,0.0,0.0,0.0,0.0,0.0018
1997-08-19,0.0,0.0,0.010700000000000001,0.0,0.0,0.0,0.0009,0.0,0.0,0.0,0.0,0.0,0.0,0.0,0.0,0.0,0.0,0.0,0.0,0.0,0.0,0.0,0.0,0.0,0.0,0.0,0.0,0.0,0.0,0.0
1997-08-20,0.0,0.0,0.0,0.0,0.0,0.0,0.0,0.0,0.0,0.0,0.0,0.0,0.0,0.0,0.0,0.0,0.0,0.0091,0.0,0.0,0.0,0.0,0.0,0.0,0.0,0.0,0.0,0.0,0.0,0.0
1997-08-21,0.0127,0.0084,0.0196,0.0069,0.009899999999999999,0.0172,0.0106,0.0097,0.013600000000000001,0.004699999999999999,0.0124,0.0086,0.0083,0.0253,0.0017000000000000001,0.013000000000000001,0.0,0.006500000000000001,0.0127,0.010700000000000001,0.0137,0.013600000000000001,0.0144,0.011399999999999999,0.0001,0.006999999999999999,0.0108,0.005,0.013300000000000001,0.0066
1997-08-22,0.0,0.0,0.0091,0.005699999999999999,0.004699999999999999,0.0013,0.0063,0.0017000000000000001,0.0046,0.0058,0.0,0.0046,0.0051,0.013600000000000001,0.0,0.0038,0.0,0.0108,0.0,0.0,0.0054,0.0017000000000000001,0.005,0.0027,0.0,0.0,0.0046,0.0033,0.0053,0.002
1997-08-25,0.0036,0.0127,0.0,0.0,0.0,0.0046,0.0,0.0095,0.0,0.0,0.0034000000000000002,0.0,0.0,0.0084,0.0,0.0037,0.0008,0.0,0.0015,0.0,0.0032,0.0016,0.0,0.0,0.0,0.0,0.0,0.0,0.0025,0.0
1997-08-26,0.0,0.0054,0.0,0.0088,0.0049,0.0033,0.0009,0.015,0.0021,0.0,0.0,0.0036,0.0070999999999999995,0.0111,0.0016,0.0127,0.0,0.0049,0.0,0.0,0.0015,0.004699999999999999,0.0121,0.0018,0.0083,0.0018,0.0105,0.005699999999999999,0.0054,0.0
1997-08-27,0.0,0.0015,0.0,0.0,0.0,0.0022,0.0059,0.0,0.0028000000000000004,0.0,0.0,0.0002,0.0,0.0069,0.0062,0.0,0.0138,0.0,0.0,0.0,0.0,0.0,0.0009,0.0051,0.0045000000000000005,0.0,0.0,0.0,0.0005,0.0018
1997-08-28,0.0075,0.0064,0.0255,0.005600000000000001,0.0072,0.0079,0.0025,0.0084,0.0062,0.0,0.0096,0.0017000000000000001,0.0113,0.0031,0.0042,0.0025,0.0,0.0007000000000000001,0.0073,0.0033,0.0127,0.0087,0.0167,0.0029,0.0075,0.0005,0.0029,0.0091,0.0058,0.0036
1997-08-29,0.0088,0.0158,0.0096,0.0054,0.0009,0.0074,0.0014000000000000002,0.0,0.006,0.0,0.0009,0.0079,0.0031,0.0,0.0086,0.0104,0.0016,0.0001,0.006999999999999999,0.0019,0.0063,0.0,0.0,0.0101,0.0053,0.0,0.0001,0.0,0.0,0.006
1997-09-02,0.0,0.0,0.0,0.0,0.0,0.0,0.0,0.0,0.0,0.0,0.0,0.0,0.0,0.0,0.0,0.0,0.0007000000000000001,0.0053,0.0,0.0,0.0,0.0,0.0,0.0,0.0,0.0,0.0,0.0,0.0,0.0
1997-09-03,0.0,0.0033,0.0,0.0,0.0,0.0,0.0,0.0011,0.0053,0.0,0.0,0.0016,0.0,0.0,0.0008,0.0,0.0048,0.0102,0.0,0.0,0.0,0.0029,0.0027,0.0,0.0,0.0,0.0,0.0029,0.0,0.0
1997-09-04,0.0,0.0,0.0151,0.0105,0.0005,0.002,0.0018,0.0,0.0,0.0,0.0118,0.0004,0.0152,0.005699999999999999,0.0,0.0046,0.0,0.005600000000000001,0.0,0.0001,0.0,0.0,0.0,0.0,0.002,0.0,0.0,0.005,0.0,0.0
1997-09-05,0.0023,0.0,0.0055000000000000005,0.0,0.0,0.014499999999999999,0.0027,0.0016,0.006,0.0,0.0058,0.0,0.0,0.0037,0.0,0.0125,0.0052,0.0,0.0033,0.0016,0.0,0.0,0.0,0.005,0.0,0.0,0.0,0.0,0.0,0.0072
1997-09-08,0.0,0.0043,0.006500000000000001,0.0002,0.0,0.0,0.0,0.0039000000000000003,0.0,0.0,0.0027,0.0039000000000000003,0.0072,0.0,0.0,0.0012,0.0052,0.006,0.0,0.0,0.0,0.0,0.001,0.010700000000000001,0.0,0.0,0.0,0.0,0.0,0.0
1997-09-09,0.0,0.0013,0.0,0.0,0.0,0.0022,0.0,0.0005,0.0,0.0,0.0,0.0,0.0017000000000000001,0.0034999999999999996,0.0,0.0031,0.0064,0.0049,0.0,0.0,0.0,0.0,0.0,0.002,0.0052,0.0,0.0,0.0,0.0,0.0
1997-09-10,0.0125,0.0192,0.024700000000000003,0.0045000000000000005,0.0,0.018799999999999997,0.010700000000000001,0.0168,0.008100000000000001,0.0018,0.008100000000000001,0.0046,0.0148,0.011899999999999999,0.004,0.021099999999999997,0.0026,0.0009,0.0077,0.0045000000000000005,0.0043,0.018500000000000003,0.0171,0.0131,0.0,0.0072,0.0088,0.0063,0.0131,0.0016
1997-09-11,0.004,0.0183,0.024399999999999998,0.011699999999999999,0.013600000000000001,0.0006,0.0,0.0033,0.0087,0.0,0.0029,0.005,0.0036,0.0118,0.0095,0.013500000000000002,0.0108,0.0014000000000000002,0.009399999999999999,0.0014000000000000002,0.0011,0.0,0.0054,0.0159,0.0004,0.0068000000000000005,0.0,0.0,0.0111,0.0015
1997-09-12,0.0,0.0,0.0,0.0,0.0,0.0,0.0,0.0,0.0,0.0,0.0,0.0,0.0,0.0,0.0,0.0,0.0007000000000000001,0.0,0.0,0.0,0.0,0.0,0.0,0.0,0.0,0.0,0.0,0.0,0.0,0.0
1997-09-15,0.0,0.0,0.0319,0.0,0.0,0.0,0.0,0.0016,0.0062,0.0,0.0,0.0,0.0018,0.0,0.0,0.0086,0.0062,0.0038,0.0,0.0,0.0,0.0176,0.0155,0.0,0.0,0.0,0.0039000000000000003,0.0054,0.0,0.0031
1997-09-16,0.0,0.0,0.0,0.0,0.0,0.0,0.0,0.0,0.0,0.0,0.0,0.0,0.0,0.0,0.0,0.0,0.0063,0.009399999999999999,0.0,0.0,0.0,0.0,0.0,0.0,0.0,0.0,0.0,0.0,0.0,0.0
1997-09-17,0.0084,0.0032,0.018799999999999997,0.0009,0.0004,0.0,0.0021,0.0051,0.0,0.0,0.0,0.0015,0.0,0.0,0.0,0.0,0.0,0.0,0.0018,0.0066,0.0101,0.013000000000000001,0.0,0.0,0.0,0.0006,0.0008,0.0,0.0,0.002
1997-09-18,0.0,0.0054,0.0127,0.0,0.0,0.0,0.0,0.0,0.0,0.0,0.0,0.0,0.0004,0.0,0.0,0.0,0.0,0.0,0.0,0.0,0.0,0.0,0.0,0.0,0.0,0.0,0.0,0.0,0.0,0.0
1997-09-19,0.0,0.0,0.0,0.0,0.0,0.0,0.0,0.0,0.015700000000000002,0.0,0.0,0.0003,0.0012,0.0,0.0,0.0115,0.0023,0.0229,0.0027,0.0001,0.0,0.0,0.0,0.013000000000000001,0.0,0.0,0.0,0.0039000000000000003,0.0,0.0
1997-09-22,0.0,0.0,0.0,0.0,0.0013,0.0,0.0,0.0,0.0029,0.0026,0.0084,0.0032,0.0,0.0,0.008199999999999999,0.0,0.0016,0.0274,0.013000000000000001,0.0,0.0,0.0,0.0,0.006500000000000001,0.0052,0.0,0.0,0.0,0.0,0.0
1997-09-23,0.0051,0.0015,0.0053,0.011200000000000002,0.0053,0.0074,0.0,0.0031,0.0043,0.0033,0.0001,0.0075,0.0015,0.0144,0.0139,0.0,0.0,0.0,0.0002,0.002,0.0015,0.0,0.0,0.0,0.0077,0.0028000000000000004,0.0115,0.0012,0.0044,0.0009
1997-09-24,0.0,0.0,0.0106,0.0028000000000000004,0.0103,0.0108,0.0101,0.010700000000000001,0.005699999999999999,0.0034000000000000002,0.0012,0.0123,0.011399999999999999,0.0067,0.0051,0.005699999999999999,0.0,0.0,0.0078000000000000005,0.0014000000000000002,0.0014000000000000002,0.0108,0.015600000000000001,0.0077,0.0003,0.003,0.0072,0.0008,0.0009,0.005
1997-09-25,0.0034000000000000002,0.0,0.0066,0.0,0.0,0.0029,0.006500000000000001,0.0095,0.0,0.0111,0.006,0.0078000000000000005,0.0036,0.0218,0.0024,0.015600000000000001,0.0,0.0,0.0,0.003,0.0067,0.0016,0.0091,0.0,0.006999999999999999,0.0043,0.009399999999999999,0.0021,0.0104,0.0025
1997-09-26,0.0028000000000000004,0.0,0.0015,0.0,0.0,0.0,0.0046,0.0,0.0,0.0003,0.0,0.0043,0.0040999999999999995,0.0,0.0,0.0,0.0054,0.0008,0.0,0.0,0.0,0.0,0.0,0.0,0.0,0.0,0.0,0.0,0.0,0.0
1997-09-29,0.0,0.0,0.0,0.0,0.0,0.0,0.0,0.0,0.0032,0.0009,0.0,0.0,0.0,0.0,0.0,0.0,0.0,0.0161,0.0,0.0,0.0,0.0,0.0,0.0,0.0,0.0,0.0,0.0,0.0,0.0
1997-09-30,0.0019,0.0204,0.0069,0.0,0.0,0.0040999999999999995,0.0033,0.0037,0.005699999999999999,0.0,0.0004,0.0011,0.0018,0.0104,0.0,0.001,0.0,0.0002,0.0051,0.0015,0.0003,0.004699999999999999,0.0121,0.0,0.0005,0.0,0.0053,0.0,0.0025,0.001
1997-10-01,0.0,0.0,0.0,0.0,0.0,0.0,0.0,0.0,0.0,0.0,0.0,0.0,0.0,0.0,0.0,0.0,0.0,0.017,0.0,0.0,0.0,0.0,0.0060999999999999995,0.0,0.0,0.0,0.0,0.0,0.0,0.0
1997-10-02,0.0,0.0,0.0,0.0,0.0,0.0,0.0027,0.0,0.0,0.0026,0.0,0.0,0.0,0.0,0.0,0.0159,0.0,0.0,0.004699999999999999,0.0,0.0,0.0,0.0,0.0,0.0,0.0,0.0,0.0,0.0,0.0
1997-10-03,0.0015,0.0038,0.0,0.0,0.0,0.0,0.0,0.0,0.0085,0.0,0.0,0.0086,0.0,0.0039000000000000003,0.0011,0.0033,0.0023,0.0059,0.0,0.0023,0.0,0.0,0.0,0.0009,0.0026,0.0,0.0,0.0,0.0,0.0022
1997-10-06,0.0,0.0,0.0,0.0086,0.0,0.0,0.0003,0.0,0.0,0.0011,0.0,0.0003,0.0,0.0,0.0,0.0,0.0073,0.0026,0.0,0.0,0.0,0.0,0.0014000000000000002,0.0,0.0,0.0,0.0,0.0,0.0,0.0
1997-10-07,0.0,0.0,0.0143,0.0,0.0003,0.0,0.0,0.0,0.0,0.0,0.0,0.0,0.0,0.0,0.0,0.0,0.002,0.013300000000000001,0.0,0.0,0.0,0.0,0.0,0.0,0.0,0.0,0.0062,0.0042,0.0,0.0
1997-10-08,0.0040999999999999995,0.008199999999999999,0.0225,0.0098,0.0172,0.005600000000000001,0.0161,0.0034000000000000002,0.0068000000000000005,0.0075,0.0077,0.005,0.0,0.0177,0.0045000000000000005,0.0013,0.0,0.0032,0.013500000000000002,0.0141,0.0,0.0,0.0001,0.0044,0.0058,0.0031,0.0055000000000000005,0.006,0.0104,0.0063
1997-10-09,0.0027,0.0105,0.0083,0.0,0.0,0.0046,0.003,0.0077,0.0,0.0,0.0013,0.0045000000000000005,0.0,0.0,0.0,0.0012,0.0215,0.0,0.0,0.002,0.010700000000000001,0.0,0.0,0.0031,0.0,0.0,0.0,0.0037,0.0029,0.0019
1997-10-10,0.0,0.0,0.0,0.0024,0.0,0.0,0.002,0.0023,0.0,0.0,0.0,0.0001,0.0,0.0092,0.0,0.0033,0.0,0.0,0.0024,0.0,0.0025,0.0085,0.0022,0.0008,0.0018,0.0,0.0,0.0025,0.008100000000000001,0.016
1997-10-13,0.0,0.0059,0.0049,0.0,0.0,0.0,0.0,0.0,0.002,0.0,0.0,0.0,0.0,0.005600000000000001,0.0,0.0,0.0016,0.0,0.0060999999999999995,0.0,0.0018,0.0,0.0,0.0,0.0,0.0,0.0,0.0055000000000000005,0.0,0.005600000000000001
1997-10-14,0.0,0.0088,0.0006,0.0,0.0,0.0012,0.0025,0.0,0.0131,0.0,0.0,0.0,0.0074,0.0,0.0014000000000000002,0.0,0.003,0.0012,0.0077,0.0,0.0,0.0028000000000000004,0.0118,0.0,0.0,0.0006,0.0,0.0064,0.0,0.0
1997-10-15,0.0017000000000000001,0.019,0.004699999999999999,0.0,0.0,0.0045000000000000005,0.0,0.003,0.0,0.0015,0.0024,0.0026,0.0067,0.0079,0.0012,0.0049,0.0069,0.0043,0.0,0.0025,0.0,0.0033,0.0073,0.0006,0.0,0.0,0.0019,0.0054,0.0058,0.0
1997-10-16,0.0033,0.0134,0.0084,0.0148,0.0014000000000000002,0.0092,0.0191,0.009899999999999999,0.0045000000000000005,0.0155,0.0095,0.0126,0.0217,0.0,0.0073,0.013000000000000001,0.009399999999999999,0.001,0.0129,0.0,0.0191,0.014199999999999999,0.023,0.0069,0.0139,0.0069,0.0101,0.0046,0.0039000000000000003,0.0091
1997-10-17,0.008100000000000001,0.0,0.0074,0.0189,0.0134,0.0072,0.0191,0.0131,0.0051,0.0108,0.0127,0.0087,0.0209,0.0032,0.01,0.013000000000000001,0.013500000000000002,0.0098,0.0105,0.0040999999999999995,0.0,0.0154,0.028900000000000002,0.0098,0.0139,0.0128,0.016200000000000003,0.004699999999999999,0.0141,0.0098
1997-10-20,0.0,0.0,0.0,0.0,0.0,0.0,0.0,0.0,0.0,0.0,0.0,0.0,0.0,0.0,0.0,0.0,0.0,0.0346,0.0,0.0,0.0,0.0,0.0,0.0,0.0,0.0,0.0,0.0,0.0,0.0
1997-10-21,0.0,0.0,0.0,0.0,0.0,0.0,0.0,0.0,0.0,0.0,0.0,0.0,0.0,0.0,0.0,0.0,0.0,0.062400000000000004,0.0,0.0,0.0,0.0,0.0,0.0,0.0,0.0,0.0,0.0,0.0,0.0
1997-10-22,0.0055000000000000005,0.0179,0.0,0.0,0.0,0.0053,0.0018,0.0,0.0,0.0034000000000000002,0.0,0.0,0.0,0.0148,0.006999999999999999,0.044800000000000006,0.0,0.0134,0.0039000000000000003,0.0019,0.0004,0.0048,0.0043,0.0,0.0005,0.0,0.0025,0.0036,0.0033,0.012
1997-10-23,0.0125,0.0253,0.0154,0.0163,0.0108,0.018600000000000002,0.0103,0.015700000000000002,0.0097,0.014499999999999999,0.0216,0.028300000000000002,0.0254,0.0268,0.016,0.0197,0.0,0.011899999999999999,0.0195,0.012,0.0092,0.0203,0.030299999999999997,0.0187,0.0215,0.0178,0.014199999999999999,0.0197,0.0163,0.0178
1997-10-24,0.0,0.026099999999999998,0.0329,0.0,0.0029,0.0,0.0,0.0042,0.013300000000000001,0.0007000000000000001,0.0015,0.0063,0.0172,0.0182,0.013999999999999999,0.0147,0.0429,0.0,0.0018,0.0,0.0,0.009300000000000001,0.025,0.0149,0.0083,0.0036,0.003,0.002,0.0042,0.0051
1997-10-27,0.0637,0.0421,0.0552,0.06280000000000001,0.0451,0.061399999999999996,0.0447,0.07440000000000001,0.0666,0.0417,0.0616,0.0704,0.0683,0.0596,0.059000000000000004,0.0935,0.0983,0.024300000000000002,0.0665,0.027200000000000002,0.0635,0.0721,0.0842,0.0592,0.0681,0.0556,0.06309999999999999,0.059500000000000004,0.0636,0.057999999999999996
1997-10-28,0.0,0.0,0.0,0.0,0.0,0.0,0.0,0.0,0.0,0.0,0.0,0.0,0.0,0.0,0.0,0.0,0.0,0.0291,0.0,0.0,0.0,0.0,0.0,0.0,0.0,0.0,0.0,0.0,0.0,0.0
1997-10-29,0.0074,0.0167,0.0008,0.0,0.0033,0.0077,0.0,0.0,0.0,0.0,0.0019,0.0,0.0,0.0203,0.0,0.0001,0.0106,0.0,0.0037,0.0,0.0,0.0,0.0148,0.0,0.0,0.0,0.0,0.0,0.0,0.0
1997-10-30,0.0076,0.016200000000000003,0.015,0.0218,0.006500000000000001,0.0166,0.0115,0.013500000000000002,0.0083,0.015600000000000001,0.012199999999999999,0.0063,0.018799999999999997,0.0226,0.0236,0.013000000000000001,0.0,0.0218,0.0002,0.0052,0.0085,0.0139,0.032,0.0159,0.0116,0.0148,0.0031,0.0252,0.022099999999999998,0.0415
1997-10-31,0.0,0.0,0.0,0.0,0.0,0.0,0.0,0.0,0.0,0.0,0.0,0.0,0.0,0.0,0.0072,0.0,0.0124,0.0027,0.0,0.0,0.0,0.0,0.0,0.0014000000000000002,0.0,0.0,0.0,0.0,0.0,0.0
1997-11-03,0.0,0.0,0.0,0.0,0.0,0.0,0.0,0.0,0.0,0.0,0.0,0.0,0.0,0.0,0.0,0.0,0.0,0.0159,0.0,0.0,0.0,0.0,0.0,0.0,0.0,0.0,0.0,0.0,0.0,0.0
1997-11-04,0.0,0.0027,0.0,0.001,0.0,0.0,0.0,0.0,0.011399999999999999,0.0,0.0,0.0021,0.0,0.0,0.0003,0.0,0.0044,0.001,0.0,0.001,0.0023,0.0,0.0,0.0031,0.0046,0.0,0.0,0.0,0.0,0.0
1997-11-05,0.0,0.0032,0.0118,0.0,0.0,0.0,0.0,0.0,0.0,0.0046,0.0,0.0,0.0,0.0,0.0028000000000000004,0.0016,0.0095,0.0154,0.0059,0.0015,0.0,0.0006,0.0,0.0022,0.0,0.0,0.0,0.0,0.0,0.0
1997-11-06,0.004699999999999999,0.0017000000000000001,0.0038,0.0,0.0,0.0025,0.0,0.0063,0.0,0.0,0.0,0.008199999999999999,0.0121,0.0055000000000000005,0.0044,0.0,0.0063,0.0,0.0078000000000000005,0.0043,0.0073,0.01,0.016200000000000003,0.0,0.0052,0.0037,0.0,0.005,0.0027,0.002
1997-11-07,0.0096,0.0121,0.0028000000000000004,0.009300000000000001,0.0131,0.0184,0.0189,0.0105,0.0109,0.019,0.018600000000000002,0.021400000000000002,0.0189,0.016,0.0166,0.0203,0.029300000000000003,0.0053,0.0109,0.0048,0.0034999999999999996,0.0139,0.014199999999999999,0.0127,0.0147,0.0148,0.016,0.0154,0.013600000000000001,0.0096
1997-11-10,0.0,0.0176,0.006500000000000001,0.006999999999999999,0.0,0.0,0.0022,0.006500000000000001,0.0033,0.0,0.0,0.0024,0.009899999999999999,0.0085,0.0,0.0,0.008100000000000001,0.0144,0.0044,0.0,0.0,0.0032,0.0212,0.0,0.0034999999999999996,0.0,0.0021,0.0038,0.0086,0.0040999999999999995
1997-11-11,0.0,0.0,0.0,0.0,0.0,0.0005,0.0028000000000000004,0.0,0.0,0.0048,0.0018,0.0064,0.019799999999999998,0.0,0.0078000000000000005,0.0034999999999999996,0.0,0.0063,0.0,0.0,0.0,0.0011,0.003,0.0013,0.0,0.004,0.0,0.0,0.0043,0.0
1997-11-12,0.0024,0.0046,0.0236,0.027999999999999997,0.0101,0.011699999999999999,0.0226,0.022400000000000003,0.0171,0.019,0.0173,0.0277,0.0346,0.0225,0.025699999999999997,0.011399999999999999,0.0236,0.0275,0.0197,0.0,0.016200000000000003,0.023700000000000002,0.0332,0.012199999999999999,0.020099999999999996,0.017,0.006999999999999999,0.0021,0.0216,0.01
1997-11-13,0.0,0.0,0.0,0.0,0.0,0.0,0.0,0.0,0.0149,0.0,0.0,0.0,0.0,0.0,0.0072,0.0,0.0,0.0054,0.0036,0.0,0.0,0.0,0.0,0.0,0.0006,0.0,0.0,0.0,0.0,0.0
1997-11-14,0.0,0.0,0.006999999999999999,0.0,0.0,0.0,0.0,0.0,0.0,0.0,0.0,0.0,0.0,0.0,0.0003,0.0,0.0091,0.0,0.0,0.0,0.0,0.0,0.0,0.0,0.0,0.0,0.0,0.0,0.0,0.0036
1997-11-17,0.0,0.0,0.0,0.0,0.0,0.0,0.0,0.0,0.0,0.0,0.0,0.0,0.0,0.0,0.0,0.0,0.0,0.0138,0.0,0.0,0.0,0.0,0.0,0.0,0.0,0.0,0.0,0.0,0.0,0.0
1997-11-18,0.0096,0.005600000000000001,0.0149,0.0049,0.0004,0.013500000000000002,0.0,0.0121,0.0,0.0044,0.0034999999999999996,0.0078000000000000005,0.0151,0.0208,0.008,0.0018,0.011000000000000001,0.0,0.011699999999999999,0.005600000000000001,0.0,0.0132,0.0163,0.0036,0.0077,0.004,0.0092,0.0049,0.0072,0.011699999999999999
1997-11-19,0.0,0.0,0.0,0.0,0.0012,0.0,0.004,0.0,0.0017000000000000001,0.0069,0.0,0.0016,0.0077,0.0,0.008,0.0,0.0108,0.0216,0.0079,0.0,0.0,0.0,0.0016,0.0,0.0068000000000000005,0.0,0.0,0.0,0.0,0.0
1997-11-20,0.0,0.0,0.0,0.0,0.0,0.0,0.0,0.0,0.0,0.0,0.0,0.0,0.0,0.0,0.0,0.0,0.0,0.015,0.0,0.0,0.0,0.0,0.0,0.0,0.0,0.0,0.0,0.0,0.0,0.0
1997-11-21,0.0,0.0,0.0013,0.0,0.0049,0.0,0.0,0.0,0.0,0.0,0.0,0.0059,0.004,0.0,0.0,0.0,0.0,0.0091,0.0,0.0,0.0,0.0003,0.006,0.0,0.0001,0.0,0.0,0.0,0.0005,0.0
1997-11-24,0.0037,0.018000000000000002,0.0,0.012,0.0079,0.0070999999999999995,0.0187,0.02,0.0178,0.0098,0.012199999999999999,0.0129,0.0282,0.0154,0.0111,0.015600000000000001,0.0137,0.0253,0.018500000000000003,0.0004,0.022000000000000002,0.022799999999999997,0.0268,0.0202,0.0127,0.0137,0.010700000000000001,0.0060999999999999995,0.016200000000000003,0.0069
1997-11-25,0.0,0.0,0.0,0.0,0.0,0.0,0.0,0.0,0.0,0.0053,0.0,0.0064,0.0,0.0,0.0029,0.0,0.0113,0.0024,0.023,0.0,0.0,0.0,0.0,0.0,0.0008,0.0033,0.003,0.0,0.0,0.0
1997-11-26,0.0069,0.018600000000000002,0.0023,0.0,0.0,0.0083,0.0001,0.0031,0.0032,0.0009,0.0015,0.0038,0.0,0.0,0.0031,0.0,0.0207,0.0,0.002,0.0,0.0,0.0,0.0,0.0,0.0,0.0,0.0014000000000000002,0.0043,0.0,0.0
1997-11-28,0.0,0.0,0.0013,0.0,0.0,0.0,0.0048,0.0,0.0,0.0027,0.0,0.0,0.0,0.0,0.0,0.0,0.0045000000000000005,0.0,0.0002,0.0,0.0,0.0,0.0,0.0,0.0,0.0,0.0,0.0,0.0,0.0
1997-12-01,0.0,0.0,0.0,0.0,0.0,0.0,0.0,0.0,0.0,0.0,0.0,0.0,0.0,0.0,0.0,0.0,0.0059,0.021,0.0154,0.0,0.0,0.0,0.0,0.0,0.0,0.0,0.0,0.0,0.0,0.0
1997-12-02,0.0006,0.0,0.0,0.0059,0.0,0.0,0.016,0.0,0.0,0.0012,0.0005,0.0,0.0,0.005,0.0,0.0,0.0,0.0,0.0,0.0064,0.0132,0.009399999999999999,0.0286,0.0,0.0,0.0,0.0001,0.0054,0.0,0.0
1997-12-03,0.0,0.0,0.0,0.009399999999999999,0.005,0.0,0.0006,0.0,0.0,0.0,0.0,0.0,0.0,0.0086,0.0084,0.0024,0.025099999999999997,0.0,0.0,0.003,0.0,0.0,0.0009,0.011399999999999999,0.0,0.0,0.0,0.0,0.0,0.0001
1997-12-04,0.0034000000000000002,0.0139,0.0078000000000000005,0.0111,0.0054,0.0068000000000000005,0.0,0.0,0.0027,0.0,0.0,0.0,0.0027,0.0044,0.0,0.0079,0.0276,0.022099999999999998,0.0075,0.0026,0.0089,0.0005,0.0095,0.0075,0.001,0.0,0.005699999999999999,0.0033,0.0,0.0
1997-12-05,0.0,0.0,0.0,0.0,0.0,0.0,0.0,0.0002,0.0,0.0,0.0,0.0,0.0,0.0,0.0,0.0,0.0,0.0,0.0,0.0,0.0016,0.0,0.0,0.005600000000000001,0.0,0.0,0.0,0.0,0.0,0.0
1997-12-08,0.0,0.0308,0.010700000000000001,0.0,0.0007000000000000001,0.0044,0.0,0.0026,0.0007000000000000001,0.0,0.0,0.0,0.0,0.0,0.0,0.0123,0.0060999999999999995,0.0,0.004699999999999999,0.0006,0.0014000000000000002,0.0,0.0,0.0031,0.0,0.0,0.0067,0.0023,0.0,0.0029
1997-12-09,0.0079,0.0038,0.005600000000000001,0.002,0.005,0.0075,0.0051,0.001,0.0083,0.0,0.0,0.0023,0.015600000000000001,0.0,0.0023,0.0083,0.0165,0.011000000000000001,0.0097,0.0009,0.0,0.029500000000000002,0.0242,0.0073,0.0053,0.0037,0.0064,0.005600000000000001,0.0042,0.0
1997-12-10,0.0,0.0,0.0,0.005699999999999999,0.0,0.0042,0.0161,0.0007000000000000001,0.0067,0.006,0.0059,0.010700000000000001,0.019,0.0113,0.0,0.0168,0.0085,0.020099999999999996,0.0033,0.0,0.0,0.0138,0.0252,0.0152,0.0066,0.0111,0.0079,0.012,0.0106,0.0
1997-12-11,0.0014000000000000002,0.0055000000000000005,0.0085,0.0091,0.001,0.0060999999999999995,0.0197,0.0127,0.014199999999999999,0.0048,0.0033,0.025099999999999997,0.0236,0.0168,0.0207,0.0252,0.0258,0.0095,0.0111,0.0063,0.0141,0.026099999999999998,0.037200000000000004,0.0042,0.018799999999999997,0.016200000000000003,0.0116,0.0239,0.013300000000000001,0.0074
1997-12-12,0.0,0.0,0.0,0.0,0.0,0.0011,0.0025,0.0040999999999999995,0.014499999999999999,0.0,0.0003,0.0167,0.013000000000000001,0.004,0.0,0.0,0.0,0.024300000000000002,0.011399999999999999,0.0,0.0,0.012199999999999999,0.0209,0.0069,0.0031,0.0026,0.0055000000000000005,0.0033,0.0,0.0
1997-12-15,0.0,0.0,0.0060999999999999995,0.0,0.0,0.0,0.0,0.0,0.0,0.0008,0.0,0.0,0.0005,0.0,0.0,0.0070999999999999995,0.0,0.0,0.0,0.0,0.0,0.0016,0.0,0.0,0.0,0.0055000000000000005,0.0,0.0011,0.0,0.0
1997-12-16,0.0,0.005699999999999999,0.0,0.0025,0.0,0.0,0.0124,0.0,0.0,0.009399999999999999,0.0,0.0,0.0,0.0,0.0,0.0,0.0033,0.0,0.0,0.0,0.003,0.0,0.0,0.0,0.0008,0.0,0.0063,0.0005,0.0003,0.004
1997-12-17,0.0053,0.0014000000000000002,0.0089,0.0,0.0,0.0079,0.011699999999999999,0.0034000000000000002,0.004,0.0,0.001,0.0,0.0,0.0044,0.0007000000000000001,0.0033,0.0,0.0,0.009399999999999999,0.0,0.0,0.0034000000000000002,0.005,0.0191,0.0032,0.0,0.005600000000000001,0.0064,0.0,0.0
1997-12-18,0.0075,0.017,0.0,0.0062,0.0086,0.0169,0.031,0.0102,0.0203,0.009899999999999999,0.017,0.0179,0.013500000000000002,0.013999999999999999,0.0184,0.016399999999999998,0.0222,0.0,0.0115,0.0,0.0,0.02,0.015,0.011000000000000001,0.0203,0.0134,0.014199999999999999,0.0068000000000000005,0.0089,0.009399999999999999
1997-12-19,0.011399999999999999,0.0,0.0066,0.0104,0.0104,0.0,0.0161,0.0123,0.0197,0.0134,0.0054,0.011399999999999999,0.0034000000000000002,0.0128,0.0222,0.0213,0.0148,0.0026,0.0134,0.0,0.0,0.0024,0.0,0.0138,0.008100000000000001,0.0028000000000000004,0.0123,0.0,0.0104,0.0068000000000000005
1997-12-22,0.0,0.0,0.0,0.0,0.0,0.0,0.0,0.0,0.0,0.0,0.0,0.0,0.0,0.0,0.0,0.0,0.0,0.0075,0.0026,0.0,0.0,0.0,0.0,0.0,0.0,0.0,0.0084,0.0,0.0,0.0024
1997-12-23,0.0072,0.0169,0.012199999999999999,0.0054,0.010700000000000001,0.013999999999999999,0.0146,0.0101,0.0015,0.0102,0.004,0.0060999999999999995,0.0161,0.0334,0.0083,0.009899999999999999,0.0,0.0258,0.0125,0.0,0.0227,0.015300000000000001,0.022400000000000003,0.0051,0.01,0.0018,0.0111,0.0048,0.0095,0.0
1997-12-24,0.0063,0.0043,0.0024,0.015,0.006999999999999999,0.0001,0.0049,0.0143,0.0,0.0,0.0019,0.0034999999999999996,0.0,0.0008,0.0044,0.0017000000000000001,0.0,0.0051,0.0,0.0004,0.0043,0.0118,0.0046,0.0,0.0032,0.0024,0.0059,0.0032,0.0104,0.0
1997-12-26,0.0,0.0008,0.0091,0.0,0.0,0.0018,0.0,0.0,0.0,0.0036,0.0,0.0007000000000000001,0.0,0.002,0.0,0.0,0.005,0.011200000000000002,0.0,0.0,0.0,0.0,0.0,0.0004,0.0024,0.0,0.0,0.0039000000000000003,0.0,0.0
1997-12-29,0.0,0.0,0.0,0.0,0.0,0.0,0.0,0.0,0.0,0.0,0.0,0.0,0.0,0.0,0.0,0.0,0.0066,0.0096,0.0,0.0,0.0,0.0,0.0,0.0,0.0,0.0,0.0,0.0,0.0,0.0
1997-12-30,0.0,0.0,0.0,0.0,0.0,0.0,0.0,0.0,0.0,0.0,0.0,0.0,0.0,0.0,0.0,0.0,0.0,0.0021,0.0,0.0,0.0,0.0,0.0,0.0,0.0,0.0,0.0,0.0,0.0,0.0
1997-12-31,0.0037,0.0074,0.0,0.0,0.0,0.0,0.0,0.0014000000000000002,0.0003,0.0031,0.0004,0.0,0.0,0.009399999999999999,0.0013,0.0,0.0048,0.0,0.0,0.0,0.0074,0.0,0.0,0.0,0.0,0.0,0.0,0.0,0.0,0.0
1998-01-02,0.0,0.0,0.0,0.0,0.0128,0.0,0.0,0.0,0.0,0.0,0.0,0.0,0.0,0.0,0.0015,0.0,0.0,0.0,0.0014000000000000002,0.0060999999999999995,0.0059,0.0,0.0,0.0,0.0036,0.0017000000000000001,0.0034999999999999996,0.0070999999999999995,0.0001,0.0089
1998-01-05,0.0091,0.0034999999999999996,0.0,0.0022,0.0,0.0,0.0,0.0,0.006,0.0,0.0,0.0,0.0,0.0,0.0,0.0036,0.028300000000000002,0.0,0.0219,0.010700000000000001,0.0023,0.0015,0.0,0.0,0.0,0.0,0.0,0.0,0.0,0.0
1998-01-06,0.0043,0.011699999999999999,0.0034000000000000002,0.0016,0.0064,0.0052,0.011399999999999999,0.011000000000000001,0.0115,0.0113,0.009399999999999999,0.016200000000000003,0.0147,0.0106,0.0111,0.0095,0.0048,0.0,0.0363,0.0109,0.0,0.003,0.0115,0.0058,0.0021,0.0064,0.004,0.0028000000000000004,0.013500000000000002,0.005699999999999999
1998-01-07,0.0,0.0,0.0,0.0006,0.0,0.0109,0.0008,0.0018,0.011200000000000002,0.0,0.0073,0.0,0.0069,0.0,0.0039000000000000003,0.0018,0.0055000000000000005,0.0069,0.0,0.0076,0.0,0.0092,0.0151,0.0009,0.0,0.0009,0.0004,0.0085,0.011200000000000002,0.0
1998-01-08,0.0,0.0,0.0052,0.0054,0.0091,0.0125,0.0002,0.0042,0.0088,0.0143,0.0,0.0192,0.0184,0.0097,0.0318,0.0191,0.0358,0.0,0.026000000000000002,0.0,0.0,0.0027,0.0,0.014199999999999999,0.0141,0.0066,0.0005,0.011200000000000002,0.015300000000000001,0.019799999999999998
1998-01-09,0.0229,0.0322,0.032,0.0255,0.026099999999999998,0.0212,0.0362,0.0308,0.035699999999999996,0.021,0.021400000000000002,0.0383,0.0405,0.026099999999999998,0.0246,0.029900000000000003,0.0346,0.0018,0.034,0.0088,0.0189,0.0365,0.0441,0.0275,0.0316,0.0254,0.0273,0.022799999999999997,0.0298,0.0232
1998-01-12,0.0,0.0,0.0,0.0,0.0,0.0,0.0060999999999999995,0.0,0.0,0.0067,0.0,0.0,0.0,0.0,0.0,0.0004,0.0275,0.0068000000000000005,0.0,0.0,0.0,0.0,0.0,0.0,0.0,0.0038,0.0,0.0,0.002,0.006
1998-01-13,0.0,0.001,0.0,0.0,0.0,0.0015,0.0,0.0,0.0024,0.0,0.0,0.0,0.0,0.0,0.0,0.0,0.0,0.0,0.0,0.0004,0.0,0.0,0.0,0.0,0.0,0.0,0.0,0.0,0.0,0.0
1998-01-14,0.0016,0.0075,0.0155,0.0,0.0,0.0011,0.0,0.0,0.0,0.0,0.0,0.0,0.0,0.0028000000000000004,0.0,0.0,0.0040999999999999995,0.0,0.0,0.0,0.0,0.0,0.0011,0.0007000000000000001,0.0055000000000000005,0.0,0.0,0.0,0.0,0.0
1998-01-15,0.0042,0.0125,0.0397,0.0024,0.0058,0.0063,0.0026,0.0084,0.0075,0.0,0.005600000000000001,0.008100000000000001,0.0101,0.0192,0.0009,0.027999999999999997,0.0,0.0083,0.0023,0.0086,0.0045000000000000005,0.0,0.0025,0.011899999999999999,0.0033,0.0059,0.0015,0.0,0.0058,0.0038
1998-01-16,0.0,0.0,0.0,0.0,0.0,0.0,0.0,0.0,0.0,0.0,0.0,0.0,0.0,0.0,0.0,0.0043,0.0,0.0,0.0,0.0,0.0,0.0,0.0,0.0,0.0,0.0,0.0,0.0,0.0,0.0
1998-01-20,0.0,0.0,0.0349,0.0,0.0,0.0,0.0,0.0,0.0,0.0019,0.0,0.0,0.0,0.0,0.0,0.0034000000000000002,0.01,0.0183,0.0,0.0,0.0,0.0,0.0,0.0,0.0,0.0,0.0,0.0,0.0,0.0
1998-01-21,0.0095,0.0104,0.0,0.009399999999999999,0.0059,0.0021,0.0036,0.0138,0.0038,0.0034999999999999996,0.002,0.0033,0.0,0.0008,0.0008,0.0,0.0,0.0,0.0075,0.0,0.0003,0.008199999999999999,0.0027,0.0014000000000000002,0.0098,0.0011,0.0092,0.008100000000000001,0.011699999999999999,0.0027
1998-01-22,0.01,0.0,0.0479,0.012,0.0007000000000000001,0.006500000000000001,0.0074,0.0066,0.005600000000000001,0.0018,0.0024,0.0069,0.028300000000000002,0.0059,0.009399999999999999,0.0,0.0227,0.0,0.0317,0.0,0.0,0.0,0.0149,0.005,0.013500000000000002,0.004699999999999999,0.0055000000000000005,0.0052,0.011399999999999999,0.0
1998-01-23,0.0046,0.021400000000000002,0.0,0.0,0.0043,0.0036,0.0087,0.0003,0.0059,0.0053,0.0092,0.0,0.0029,0.012199999999999999,0.0098,0.011000000000000001,0.0,0.0177,0.0137,0.0045000000000000005,0.0039000000000000003,0.0064,0.0,0.0024,0.0149,0.004,0.003,0.0084,0.009899999999999999,0.0044
1998-01-26,0.0038,0.0073,0.0104,0.006500000000000001,0.0007000000000000001,0.0015,0.0083,0.0013,0.0,0.0014000000000000002,0.005,0.0,0.001,0.0,0.0,0.0,0.0138,0.0084,0.0,0.0,0.013999999999999999,0.0025,0.0123,0.0,0.0003,0.005699999999999999,0.0089,0.0036,0.0,0.0003
1998-01-27,0.0,0.0,0.0,0.0,0.0,0.0,0.0,0.0,0.0034000000000000002,0.0,0.0,0.0,0.0,0.0,0.0,0.0,0.0,0.0,0.0,0.0039000000000000003,0.0,0.0,0.0,0.004,0.002,0.0,0.0,0.0,0.0,0.0
1998-01-28,0.0,0.0,0.0259,0.0,0.0,0.0033,0.0,0.0,0.0,0.0,0.0004,0.0,0.0,0.0,0.0,0.0,0.0,0.0358,0.0026,0.0,0.006999999999999999,0.0,0.0,0.0,0.0,0.0,0.0,0.0,0.0,0.0
1998-01-29,0.0,0.0,0.0,0.0,0.0,0.0044,0.0,0.0,0.0,0.0,0.0,0.0,0.0,0.0,0.0,0.0,0.0074,0.0248,0.0,0.0,0.0,0.0,0.0,0.0,0.0,0.0,0.0,0.0,0.0,0.0
1998-01-30,0.0151,0.005,0.0032,0.0,0.0,0.0,0.0044,0.0046,0.0092,0.0068000000000000005,0.0038,0.0062,0.003,0.0,0.0075,0.0044,0.0007000000000000001,0.0149,0.0191,0.005699999999999999,0.0042,0.0,0.0,0.0103,0.0087,0.0013,0.0028000000000000004,0.0095,0.0028000000000000004,0.0064
1998-02-02,0.0,0.0,0.0,0.0,0.0,0.0,0.0,0.0,0.0,0.0,0.0,0.0,0.0,0.0,0.0,0.0,0.001,0.013300000000000001,0.0,0.0,0.0,0.0,0.0,0.0,0.0,0.0,0.0,0.0,0.0,0.0
1998-02-03,0.0,0.0014000000000000002,0.0,0.0019,0.0021,0.0,0.0025,0.0059,0.0,0.0,0.0,0.0,0.0,0.0098,0.0,0.0,0.024,0.0139,0.0,0.0,0.0034000000000000002,0.0,0.0,0.0,0.0,0.0,0.0,0.0,0.0,0.0
1998-02-04,0.0027,0.0023,0.015700000000000002,0.0,0.0009,0.0045000000000000005,0.0,0.0009,0.0023,0.0,0.0034000000000000002,0.0,0.0,0.0046,0.0,0.0021,0.0,0.0,0.0,0.0021,0.0039000000000000003,0.0,0.0,0.0019,0.0,0.0,0.0,0.0,0.0011,0.0
1998-02-05,0.0034999999999999996,0.0,0.0,0.0,0.0052,0.0,0.0092,0.0089,0.0,0.0003,0.0,0.0018,0.0029,0.001,0.0184,0.0052,0.0,0.0,0.0,0.0,0.009899999999999999,0.001,0.0039000000000000003,0.0,0.0007000000000000001,0.0,0.0,0.0032,0.0002,0.0
1998-02-06,0.0,0.0011,0.0,0.0,0.0,0.0,0.0,0.0,0.0,0.0,0.0,0.0,0.0,0.0,0.0,0.0,0.0,0.0,0.0,0.0,0.0,0.0,0.0,0.0,0.0,0.0,0.0,0.0,0.0,0.0023
1998-02-09,0.0,0.0,0.0102,0.0033,0.002,0.0022,0.0038,0.0014000000000000002,0.0,0.0,0.0,0.0045000000000000005,0.0,0.0063,0.0,0.0,0.0,0.0109,0.0067,0.0029,0.006500000000000001,0.0,0.0070999999999999995,0.0,0.0,0.0,0.0045000000000000005,0.0003,0.0,0.0105
1998-02-10,0.0040999999999999995,0.0,0.0086,0.0,0.0,0.0,0.0,0.0,0.0,0.0,0.0,0.0,0.0,0.0,0.0,0.0,0.009399999999999999,0.0043,0.0,0.0,0.0,0.0,0.0,0.0008,0.0,0.0,0.0,0.0,0.0,0.0
1998-02-11,0.0,0.0,0.0177,0.0,0.0,0.0,0.0,0.0,0.006,0.0,0.0,0.0002,0.0023,0.0,0.0,0.0003,0.0151,0.0,0.0,0.0013,0.0009,0.0016,0.0001,0.0,0.0,0.0,0.0,0.0,0.0,0.0
1998-02-12,0.0,0.0,0.0,0.0,0.0,0.0,0.0,0.0,0.0018,0.0,0.0,0.0,0.0,0.0,0.0,0.0,0.0,0.006,0.0,0.0,0.0,0.0,0.0006,0.0,0.0,0.0,0.0,0.0,0.0,0.0
1998-02-13,0.0017000000000000001,0.0034999999999999996,0.0147,0.0,0.0046,0.0,0.0,0.0054,0.0058,0.0,0.0070999999999999995,0.0,0.0,0.0069,0.0034999999999999996,0.0,0.0,0.0154,0.0,0.0016,0.0018,0.0026,0.0049,0.0,0.008199999999999999,0.0009,0.0024,0.0,0.0033,0.0013
1998-02-17,0.0034999999999999996,0.0053,0.0,0.0,0.0,0.008,0.0,0.0,0.0,0.0,0.0,0.004,0.008100000000000001,0.0,0.0,0.0,0.0252,0.0,0.013300000000000001,0.0,0.0,0.013300000000000001,0.0028000000000000004,0.0,0.0,0.0,0.0,0.0085,0.0,0.0031
1998-02-18,0.0,0.0,0.0126,0.0,0.0,0.0,0.0,0.0,0.0,0.0124,0.0,0.0021,0.0,0.0,0.0,0.0031,0.0043,0.0001,0.0,0.0006,0.0,0.0,0.0,0.0,0.0043,0.0,0.0,0.0,0.0,0.0
1998-02-19,0.0042,0.0022,0.0177,0.0046,0.0028000000000000004,0.0097,0.0,0.0042,0.0070999999999999995,0.0,0.0,0.004,0.0,0.0068000000000000005,0.0,0.011200000000000002,0.0054,0.0,0.0067,0.0049,0.0052,0.0,0.0,0.0053,0.0064,0.0,0.0019,0.0026,0.0048,0.0105
1998-02-20,0.0,0.0,0.0,0.0,0.0,0.0,0.0,0.0,0.0,0.0025,0.0,0.0,0.0021,0.0,0.0,0.0028000000000000004,0.0073,0.0,0.0,0.0,0.0,0.0,0.0007000000000000001,0.0,0.0064,0.0025,0.0,0.0,0.0,0.0
1998-02-23,0.0,0.005699999999999999,0.011200000000000002,0.0004,0.0,0.0,0.0,0.0,0.0072,0.0027,0.0,0.0039000000000000003,0.0023,0.0055000000000000005,0.0,0.0,0.012199999999999999,0.0,0.0248,0.0013,0.0005,0.0,0.0,0.0069,0.0,0.0,0.0,0.0007000000000000001,0.0,0.0015
1998-02-24,0.006500000000000001,0.0089,0.0021,0.012,0.0034000000000000002,0.0060999999999999995,0.021400000000000002,0.0068000000000000005,0.0087,0.0,0.0036,0.0003,0.0069,0.0132,0.0,0.0115,0.0074,0.015700000000000002,0.0,0.0024,0.005600000000000001,0.0053,0.0167,0.008100000000000001,0.015700000000000002,0.015600000000000001,0.0072,0.0095,0.0062,0.0018
1998-02-25,0.0,0.0,0.0027,0.0,0.0,0.0,0.0,0.0,0.0,0.0,0.0,0.0,0.0,0.0,0.0,0.0,0.0,0.0,0.0,0.0,0.0,0.0,0.0,0.0,0.0,0.0,0.0,0.0,0.0,0.0
1998-02-26,0.0,0.0,0.0,0.0002,0.0,0.0012,0.0011,0.0,0.0,0.0,0.0,0.0,0.0,0.0002,0.0006,0.0,0.0,0.0,0.0,0.0,0.0,0.0,0.0,0.0,0.011200000000000002,0.0,0.003,0.0,0.0,0.0
1998-02-27,0.0028000000000000004,0.0045000000000000005,0.0,0.0,0.0,0.0,0.0015,0.0,0.0,0.0,0.0,0.0,0.0,0.0,0.0,0.0,0.0,0.0,0.0,0.0008,0.0037,0.003,0.0083,0.0021,0.0092,0.0,0.0067,0.0,0.0,0.0
1998-03-02,0.0,0.0026,0.0032,0.0074,0.0002,0.0092,0.0,0.0017000000000000001,0.0,0.0,0.0,0.0013,0.0034999999999999996,0.012,0.0,0.0092,0.0,0.0,0.0,0.0,0.0,0.006500000000000001,0.0183,0.0,0.0,0.0,0.0,0.0066,0.0016,0.0039000000000000003
1998-03-03,0.0,0.0,0.0,0.0,0.0,0.0,0.0,0.0,0.0,0.0,0.0009,0.0,0.0,0.0,0.0,0.0032,0.0111,0.0,0.0,0.0,0.0,0.0,0.014199999999999999,0.0,0.0,0.0021,0.0,0.0,0.0,0.0
1998-03-04,0.0014000000000000002,0.0,0.014499999999999999,0.0134,0.0,0.0,0.0,0.0134,0.006,0.0019,0.0032,0.0017000000000000001,0.0036,0.0086,0.0,0.0,0.01,0.0,0.0102,0.0008,0.006500000000000001,0.0045000000000000005,0.0,0.0,0.0,0.0,0.0,0.0,0.0060999999999999995,0.002
1998-03-05,0.0089,0.0,0.011899999999999999,0.0121,0.0043,0.0108,0.0,0.0052,0.0075,0.0024,0.008100000000000001,0.0049,0.0165,0.0,0.0087,0.013500000000000002,0.0105,0.0048,0.0021,0.0031,0.0096,0.0158,0.0381,0.0103,0.0116,0.0083,0.0036,0.0055000000000000005,0.0069,0.0058
1998-03-06,0.0,0.0,0.0,0.0,0.0,0.0,0.0,0.0,0.0,0.0,0.0,0.0,0.0,0.0,0.0,0.0,0.0,0.0,0.002,0.0,0.0,0.0,0.0,0.0,0.0,0.0,0.0,0.0,0.0,0.0
1998-03-09,0.0,0.0,0.0092,0.0,0.0,0.0,0.0085,0.0,0.0014000000000000002,0.0,0.0,0.0,0.0154,0.0,0.0096,0.0,0.0,0.0097,0.0196,0.0,0.0017000000000000001,0.0163,0.0315,0.0,0.0,0.0004,0.0,0.0018,0.0014000000000000002,0.0
1998-03-10,0.0,0.0,0.005,0.0,0.0,0.0,0.0,0.0,0.0,0.0,0.0,0.0,0.0,0.0,0.0,0.0004,0.0,0.0034999999999999996,0.0,0.0,0.0,0.0,0.0,0.0,0.0,0.0,0.0,0.0,0.0,0.0
1998-03-11,0.0,0.0,0.0,0.0034000000000000002,0.0036,0.0,0.0037,0.0,0.0022,0.0,0.0,0.0044,0.0,0.0,0.0024,0.0017000000000000001,0.0125,0.013999999999999999,0.0,0.0,0.0,0.0,0.0,0.0,0.0015,0.0,0.0,0.0,0.0,0.0
1998-03-12,0.0,0.0,0.013000000000000001,0.0,0.0052,0.0126,0.006,0.0006,0.0060999999999999995,0.0,0.0,0.0044,0.0,0.0,0.0097,0.0068000000000000005,0.0,0.0,0.0024,0.0015,0.0018,0.0,0.0,0.0064,0.0,0.0,0.0,0.0,0.0,0.0
1998-03-13,0.0,0.0095,0.001,0.0,0.0,0.0127,0.0089,0.004699999999999999,0.004699999999999999,0.0011,0.0040999999999999995,0.0,0.0,0.0091,0.0,0.0039000000000000003,0.0,0.0,0.0,0.0,0.0,0.0,0.0,0.0245,0.0,0.0,0.0012,0.0072,0.0027,0.0
1998-03-16,0.0002,0.0,0.0089,0.0,0.0,0.0,0.0,0.0,0.0,0.0,0.0,0.0,0.0,0.0,0.0,0.0,0.0,0.0,0.003,0.0,0.0,0.0,0.0,0.0,0.0,0.0,0.0,0.008100000000000001,0.0,0.0
1998-03-17,0.0,0.0,0.0085,0.0051,0.0,0.0,0.008199999999999999,0.0,0.0,0.0069,0.0,0.0,0.0046,0.0,0.0,0.0,0.0046,0.0191,0.0172,0.0,0.0,0.0105,0.009399999999999999,0.0019,0.0,0.0,0.0029,0.0124,0.0,0.0
1998-03-18,0.0,0.0,0.0067,0.0,0.0,0.0,0.0,0.0001,0.0,0.0,0.0,0.0,0.0,0.0016,0.0,0.0045000000000000005,0.0016,0.0,0.0,0.0,0.0,0.0,0.0,0.0022,0.002,0.0021,0.0048,0.0,0.0,0.0034999999999999996
1998-03-19,0.0009,0.0024,0.0231,0.0015,0.0,0.0002,0.010700000000000001,0.0007000000000000001,0.0,0.0,0.0,0.0,0.0,0.0008,0.0,0.0,0.0,0.008,0.0,0.0,0.0,0.0,0.0,0.0,0.0,0.0022,0.001,0.0073,0.0,0.0017000000000000001
1998-03-20,0.0,0.0,0.0,0.0,0.0,0.0,0.0003,0.0,0.0,0.0002,0.0,0.0013,0.0,0.0,0.0,0.0,0.0078000000000000005,0.0,0.0,0.0,0.0,0.0037,0.011699999999999999,0.0,0.0006,0.0012,0.0008,0.0,0.0,0.0
1998-03-23,0.0,0.018500000000000003,0.0064,0.0173,0.0,0.0,0.0,0.0040999999999999995,0.0028000000000000004,0.0,0.0073,0.002,0.0,0.011899999999999999,0.0102,0.0108,0.0,0.0,0.0,0.0,0.0017000000000000001,0.0,0.0,0.0,0.0215,0.0,0.0132,0.0070999999999999995,0.0124,0.0058
1998-03-24,0.0,0.0,0.0,0.0,0.0,0.0,0.0,0.0,0.0,0.0,0.0,0.0,0.0,0.0,0.0,0.0,0.0,0.013600000000000001,0.009300000000000001,0.0,0.0,0.0,0.0,0.0,0.0,0.0,0.0,0.0,0.0,0.0
1998-03-25,0.006500000000000001,0.0,0.0027,0.0097,0.0058,0.0022,0.0017000000000000001,0.0106,0.0026,0.0,0.0,0.0008,0.0,0.005,0.0054,0.0,0.0021,0.0,0.0069,0.0009,0.0089,0.0,0.0,0.0,0.0028000000000000004,0.0021,0.0076,0.0,0.006500000000000001,0.0
1998-03-26,0.0008,0.0,0.0215,0.0,0.0039000000000000003,0.0,0.0034999999999999996,0.0064,0.0,0.0,0.0,0.0028000000000000004,0.0,0.0,0.0,0.0097,0.0,0.0,0.0,0.0077,0.0060999999999999995,0.0,0.0,0.0005,0.002,0.0,0.0,0.0,0.0021,0.0
1998-03-27,0.004699999999999999,0.0172,0.0,0.0078000000000000005,0.0019,0.0066,0.0013,0.005,0.0019,0.0,0.0033,0.0058,0.0008,0.0,0.0,0.009000000000000001,0.0,0.0,0.0089,0.0074,0.0098,0.0031,0.0037,0.004699999999999999,0.0,0.0013,0.002,0.0,0.0029,0.0011
1998-03-30,0.0,0.0,0.0,0.006999999999999999,0.0,0.0,0.0,0.0,0.0003,0.0067,0.0068000000000000005,0.013500000000000002,0.0075,0.0,0.0076,0.0096,0.0072,0.0051,0.0012,0.0002,0.0,0.0,0.008,0.0,0.0034999999999999996,0.0043,0.0,0.0,0.0118,0.0055000000000000005
1998-03-31,0.0,0.008199999999999999,0.03,0.0,0.0,0.0,0.0,0.0,0.0,0.0,0.0,0.0,0.0,0.0,0.0,0.0,0.0038,0.0009,0.0089,0.0,0.0,0.0,0.0,0.0101,0.0,0.0,0.0,0.0,0.0,0.0
1998-04-01,0.0,0.0,0.037599999999999995,0.0,0.0,0.0,0.0,0.0,0.0,0.0,0.0,0.0,0.0,0.0,0.0060999999999999995,0.0,0.0075,0.0,0.0,0.0001,0.0022,0.0,0.0,0.0,0.0005,0.0,0.0,0.0,0.0,0.0
1998-04-02,0.0,0.0,0.0,0.0,0.0,0.0,0.005,0.0,0.0,0.0,0.0,0.0,0.0,0.0,0.0022,0.0,0.0,0.0027,0.0,0.0,0.0,0.0,0.0,0.0,0.0,0.0,0.0015,0.0,0.0,0.0
1998-04-03,0.0084,0.0025,0.0,0.0,0.0,0.012199999999999999,0.0,0.0,0.0015,0.0092,0.005,0.0064,0.0045000000000000005,0.003,0.0,0.0,0.0,0.0012,0.006999999999999999,0.0039000000000000003,0.0,0.0,0.0,0.0084,0.0,0.0019,0.0,0.0,0.0,0.0
1998-04-06,0.003,0.0196,0.0146,0.0155,0.0033,0.0044,0.0064,0.0,0.0139,0.0,0.0063,0.0026,0.010700000000000001,0.0051,0.0023,0.0,0.0,0.003,0.0092,0.004699999999999999,0.005600000000000001,0.021,0.0181,0.0059,0.0085,0.0088,0.0167,0.0127,0.0,0.0125
1998-04-07,0.0019,0.0062,0.041299999999999996,0.0045000000000000005,0.0016,0.0074,0.0075,0.0058,0.0,0.0089,0.014199999999999999,0.0139,0.0123,0.0,0.0013,0.0033,0.0184,0.0317,0.008,0.0053,0.011000000000000001,0.021400000000000002,0.0227,0.004699999999999999,0.017,0.0075,0.006,0.0176,0.0124,0.0076
1998-04-08,0.0092,0.0115,0.0,0.0,0.0076,0.0,0.005,0.013000000000000001,0.004699999999999999,0.0,0.0052,0.0,0.0,0.009899999999999999,0.0,0.0073,0.0,0.0,0.0146,0.0046,0.0131,0.0,0.0,0.006,0.0106,0.0046,0.0052,0.0,0.0083,0.0118
1998-04-09,0.0,0.0,0.0,0.0,0.0,0.0,0.0,0.0,0.0,0.0,0.0,0.0,0.0013,0.0,0.0,0.0007000000000000001,0.0113,0.0,0.0,0.0,0.0,0.0,0.0,0.0,0.0,0.0,0.0,0.0,0.0,0.0
1998-04-13,0.0092,0.011200000000000002,0.0125,0.0,0.0,0.0037,0.008,0.0034000000000000002,0.0,0.0024,0.0,0.0,0.0038,0.0,0.0,0.0052,0.0,0.0,0.0033,0.0084,0.0159,0.0021,0.0034999999999999996,0.0,0.0,0.0004,0.0017000000000000001,0.0028000000000000004,0.0,0.0
1998-04-14,0.0,0.0,0.0,0.0,0.0,0.0,0.0002,0.0040999999999999995,0.0,0.0,0.0012,0.0,0.0,0.0004,0.0,0.0,0.0,0.0102,0.0011,0.0,0.0,0.0,0.0,0.0,0.0,0.0,0.0,0.0,0.0,0.0
1998-04-15,0.0027,0.006999999999999999,0.0014000000000000002,0.0,0.0,0.0034999999999999996,0.0,0.0069,0.0,0.0,0.0043,0.0,0.0,0.0,0.0,0.0069,0.0,0.0,0.0,0.0015,0.0002,0.0,0.0,0.0,0.0,0.0,0.0,0.0,0.0014000000000000002,0.0
1998-04-16,0.0068000000000000005,0.0174,0.0052,0.0115,0.0077,0.006500000000000001,0.0084,0.0113,0.0127,0.0009,0.0118,0.018000000000000002,0.01,0.0105,0.01,0.0,0.0,0.010700000000000001,0.0,0.006500000000000001,0.0,0.0105,0.013000000000000001,0.0060999999999999995,0.0,0.0069,0.011699999999999999,0.0108,0.013300000000000001,0.012199999999999999
1998-04-17,0.0,0.0,0.0021,0.0,0.0,0.0,0.0,0.0,0.0,0.0,0.0,0.0,0.0,0.0,0.009899999999999999,0.0,0.0005,0.0,0.0,0.0,0.0,0.0,0.0,0.0,0.0,0.0,0.0,0.0,0.0,0.0
1998-04-20,0.0034999999999999996,0.0129,0.0,0.0,0.0,0.001,0.0040999999999999995,0.0,0.0086,0.0024,0.0011,0.0,0.0,0.011399999999999999,0.0111,0.0059,0.013999999999999999,0.0,0.0,0.0077,0.0059,0.0,0.0,0.0079,0.0049,0.0,0.0044,0.0,0.0066,0.0033
1998-04-21,0.0116,0.0058,0.0143,0.0,0.0,0.0021,0.0,0.002,0.0014000000000000002,0.0007000000000000001,0.0029,0.0,0.0,0.0,0.0,0.0,0.0,0.0,0.0,0.0029,0.0037,0.0,0.0,0.0,0.0,0.0038,0.0,0.0105,0.0034000000000000002,0.0
1998-04-22,0.0,0.0,0.0138,0.0,0.0054,0.0,0.0003,0.0014000000000000002,0.0,0.0036,0.0043,0.0,0.0,0.0087,0.0023,0.0043,0.0,0.0166,0.0075,0.006,0.0,0.0,0.0,0.0086,0.0,0.0069,0.0044,0.004,0.0,0.0
1998-04-23,0.0036,0.008,0.009399999999999999,0.0,0.013000000000000001,0.0,0.0034000000000000002,0.0062,0.0031,0.0,0.0105,0.003,0.011000000000000001,0.009000000000000001,0.0187,0.0143,0.0088,0.0069,0.0,0.013000000000000001,0.0115,0.0313,0.0104,0.0042,0.0138,0.0111,0.009300000000000001,0.0195,0.0148,0.0
1998-04-24,0.0147,0.0137,0.0095,0.0089,0.0147,0.0074,0.0027,0.0075,0.013300000000000001,0.0034999999999999996,0.014199999999999999,0.0165,0.0124,0.0063,0.0102,0.0149,0.0212,0.0209,0.0095,0.0037,0.0125,0.0101,0.0,0.01,0.0168,0.0072,0.0163,0.0095,0.013600000000000001,0.0132
1998-04-27,0.022099999999999998,0.014499999999999999,0.0126,0.014199999999999999,0.0195,0.0178,0.0116,0.0258,0.017,0.019,0.0213,0.0174,0.023,0.017,0.0144,0.0161,0.0416,0.0105,0.0,0.0106,0.0177,0.025,0.0235,0.022000000000000002,0.027200000000000002,0.022799999999999997,0.0232,0.0054,0.028300000000000002,0.0231
1998-04-28,0.0,0.0197,0.0031,0.0,0.0,0.0139,0.0,0.0,0.008199999999999999,0.0,0.0019,0.0037,0.0,0.0131,0.002,0.009300000000000001,0.0,0.0,0.005,0.0,0.0048,0.0,0.0,0.0,0.0001,0.0,0.0,0.0,0.0,0.0
1998-04-29,0.0,0.0,0.0025,0.0,0.0,0.0,0.0,0.0,0.0,0.0,0.0,0.0,0.0,0.0,0.0,0.0,0.0,0.0,0.0,0.0,0.0,0.0,0.0,0.0,0.0,0.0,0.0,0.0,0.0,0.0
1998-04-30,0.0,0.0,0.009000000000000001,0.0,0.0,0.0,0.0,0.0,0.0,0.0,0.0,0.0,0.0,0.0,0.0,0.0,0.0086,0.0,0.0,0.0,0.0,0.0,0.0,0.0,0.0,0.0,0.0,0.0,0.0,0.0
1998-05-01,0.0,0.0,0.0,0.0,0.0,0.0,0.0,0.0113,0.0,0.0,0.0,0.0,0.0,0.0016,0.0,0.0,0.0137,0.0,0.0,0.0031,0.0,0.0033,0.0,0.0,0.0013,0.0,0.0,0.0,0.0,0.0
1998-05-04,0.0,0.0,0.0,0.0,0.0021,0.0,0.0,0.0,0.0,0.0,0.0,0.0,0.0049,0.0054,0.0,0.0007000000000000001,0.0,0.014499999999999999,0.0109,0.0,0.0,0.0023,0.0,0.0,0.0,0.0021,0.0,0.0,0.005600000000000001,0.0
1998-05-05,0.0079,0.0,0.0,0.0,0.0051,0.0038,0.0154,0.005699999999999999,0.0,0.008199999999999999,0.0085,0.0058,0.0027,0.0097,0.01,0.0079,0.0036,0.0,0.0045000000000000005,0.0039000000000000003,0.011200000000000002,0.0069,0.0009,0.005,0.0102,0.0,0.0038,0.0085,0.0087,0.004
1998-05-06,0.0,0.0075,0.0052,0.008199999999999999,0.0044,0.0132,0.005699999999999999,0.0116,0.0095,0.004,0.0088,0.0106,0.006500000000000001,0.0037,0.0,0.005699999999999999,0.012199999999999999,0.0079,0.0026,0.005699999999999999,0.0127,0.0098,0.0042,0.008,0.0149,0.0025,0.008199999999999999,0.0062,0.012199999999999999,0.0025
1998-05-07,0.0098,0.0103,0.0143,0.019,0.0095,0.011200000000000002,0.004,0.0054,0.0132,0.0019,0.0066,0.0079,0.0049,0.0126,0.0,0.0052,0.030600000000000002,0.0,0.0168,0.0031,0.0141,0.0179,0.0018,0.0103,0.003,0.005,0.0,0.0083,0.0074,0.0072
1998-05-08,0.0,0.0,0.0001,0.0,0.0,0.0,0.0,0.0,0.0,0.0029,0.0,0.0,0.0,0.0,0.0,0.0,0.0,0.0,0.0,0.0,0.0,0.0,0.0,0.0,0.0,0.0,0.0,0.0,0.0,0.0
1998-05-11,0.0,0.0,0.0092,0.0,0.0,0.0029,0.0,0.0031,0.0,0.0,0.0,0.0001,0.0038,0.0006,0.001,0.0045000000000000005,0.0,0.0,0.0,0.0007000000000000001,0.0040999999999999995,0.015300000000000001,0.0113,0.0,0.0083,0.0042,0.0,0.0115,0.002,0.0002
1998-05-12,0.0026,0.0,0.0076,0.0092,0.0,0.0,0.0,0.0,0.0,0.0053,0.0,0.0001,0.0,0.0,0.0,0.0,0.0151,0.0,0.0,0.0,0.0,0.0,0.0,0.0,0.0016,0.0,0.0,0.0,0.0,0.0
1998-05-13,0.0,0.0078000000000000005,0.0163,0.0001,0.0,0.0,0.0017000000000000001,0.0,0.0,0.0,0.0,0.0,0.0,0.0,0.0,0.0,0.0,0.0,0.0,0.005600000000000001,0.0075,0.0,0.0,0.0025,0.0,0.0006,0.0,0.0,0.0,0.0037
1998-05-14,0.0,0.0,0.0236,0.0139,0.001,0.0,0.003,0.0,0.0013,0.0077,0.0,0.0031,0.0,0.0045000000000000005,0.0,0.0025,0.0,0.0152,0.0,0.005,0.0009,0.0,0.0155,0.0,0.0,0.0025,0.0,0.0003,0.0019,0.0
1998-05-15,0.0088,0.0174,0.026099999999999998,0.0242,0.0,0.0128,0.0038,0.0076,0.0092,0.0021,0.0095,0.0103,0.0138,0.015,0.0098,0.0058,0.0015,0.0,0.006999999999999999,0.0015,0.0021,0.0060999999999999995,0.0208,0.0098,0.0085,0.009000000000000001,0.008100000000000001,0.0051,0.0,0.0043
1998-05-18,0.0063,0.0,0.003,0.0076,0.0,0.0,0.0069,0.0,0.008100000000000001,0.0092,0.001,0.019299999999999998,0.005,0.001,0.0084,0.0138,0.0222,0.0,0.016,0.0036,0.0,0.020099999999999996,0.0045000000000000005,0.004699999999999999,0.0143,0.0063,0.0018,0.008100000000000001,0.0046,0.0048
1998-05-19,0.0,0.0,0.0,0.0,0.0,0.0064,0.0,0.0,0.0,0.0,0.0,0.0038,0.0,0.0,0.0,0.0,0.0046,0.0,0.0014000000000000002,0.0034000000000000002,0.0054,0.0,0.0,0.0022,0.0003,0.0,0.0,0.0,0.0,0.0
1998-05-20,0.0,0.0,0.0,0.0,0.0,0.0,0.0018,0.0,0.0,0.0009,0.0,0.0,0.0078000000000000005,0.0,0.0,0.0,0.0,0.0191,0.010700000000000001,0.0,0.0,0.0087,0.015600000000000001,0.0,0.0,0.0026,0.0,0.0,0.0,0.0
1998-05-21,0.0,0.0060999999999999995,0.0,0.0,0.0,0.0053,0.0,0.0137,0.0051,0.0,0.0076,0.0022,0.0055000000000000005,0.0,0.0,0.0014000000000000002,0.0,0.0,0.0083,0.0029,0.0003,0.0,0.014199999999999999,0.0075,0.006500000000000001,0.0029,0.0,0.0017000000000000001,0.0,0.0113
1998-05-22,0.0002,0.0069,0.0017000000000000001,0.0012,0.0102,0.0,0.0,0.0063,0.0,0.0053,0.0101,0.013300000000000001,0.0096,0.0104,0.0,0.0066,0.0116,0.0115,0.0014000000000000002,0.0033,0.0009,0.013600000000000001,0.0085,0.0039000000000000003,0.0018,0.0067,0.0031,0.0078000000000000005,0.0055000000000000005,0.006500000000000001
1998-05-26,0.008199999999999999,0.0095,0.0101,0.027999999999999997,0.010700000000000001,0.016399999999999998,0.0128,0.015600000000000001,0.0254,0.0131,0.0163,0.015700000000000002,0.0147,0.0236,0.0008,0.0195,0.0338,0.0296,0.0166,0.0083,0.0118,0.0223,0.0139,0.0158,0.0075,0.0121,0.0144,0.006,0.013600000000000001,0.009399999999999999
1998-05-27,0.004699999999999999,0.0,0.0014000000000000002,0.0,0.0075,0.0051,0.013000000000000001,0.0,0.0,0.0154,0.0121,0.0063,0.0095,0.0,0.0051,0.0204,0.0141,0.0374,0.0,0.0001,0.006500000000000001,0.0,0.0,0.0108,0.0139,0.0097,0.0016,0.0002,0.0137,0.0064
1998-05-28,0.0,0.0,0.0,0.0,0.0,0.0,0.0,0.0,0.0029,0.0,0.0,0.0,0.0,0.0,0.0,0.0,0.0,0.0,0.0,0.0,0.0,0.0,0.0027,0.002,0.0,0.0,0.0,0.0,0.0,0.0
1998-05-29,0.0015,0.003,0.0006,0.0008,0.0,0.0,0.0,0.011399999999999999,0.0096,0.0,0.0,0.0091,0.0077,0.011000000000000001,0.006999999999999999,0.0,0.0124,0.008199999999999999,0.0021,0.0,0.0029,0.005699999999999999,0.0179,0.0102,0.0009,0.0012,0.0,0.0079,0.0012,0.0
1998-06-01,0.0,0.0,0.0,0.017,0.0025,0.0,0.004699999999999999,0.0053,0.008199999999999999,0.0034999999999999996,0.0012,0.006,0.018600000000000002,0.0055000000000000005,0.0,0.0,0.0291,0.0275,0.009399999999999999,0.0,0.0,0.0168,0.0248,0.0,0.018799999999999997,0.005600000000000001,0.0,0.0,0.0,0.0063
1998-06-02,0.0,0.0008,0.003,0.0069,0.0022,0.0011,0.0,0.0042,0.0015,0.0053,0.0,0.0026,0.0029,0.0021,0.0,0.0143,0.0,0.0,0.0054,0.0033,0.0,0.0,0.0,0.0052,0.004699999999999999,0.0,0.0,0.0058,0.0,0.0014000000000000002
1998-06-03,0.0,0.0046,0.0229,0.0052,0.0019,0.0022,0.0007000000000000001,0.0085,0.0,0.0,0.0043,0.0072,0.0104,0.0158,0.0038,0.0109,0.0015,0.013500000000000002,0.012199999999999999,0.0,0.0078000000000000005,0.0102,0.0178,0.0059,0.0,0.006,0.005699999999999999,0.0123,0.0074,0.0044
1998-06-04,0.0004,0.0,0.01,0.0,0.0,0.0,0.0,0.0,0.0,0.0,0.0,0.0022,0.0,0.0,0.0036,0.011000000000000001,0.0016,0.015300000000000001,0.0,0.0026,0.0,0.0,0.0,0.0,0.0,0.0,0.0,0.0,0.0,0.0
1998-06-05,0.0,0.0,0.0,0.0,0.0,0.0,0.0,0.0,0.0,0.0,0.0,0.0,0.0,0.0,0.0,0.0,0.0,0.0,0.0,0.0,0.0,0.0,0.0,0.0,0.0,0.0,0.0,0.0,0.0,0.0
1998-06-08,0.011000000000000001,0.0113,0.0,0.0,0.0,0.0,0.0008,0.0,0.0,0.0060999999999999995,0.0009,0.0,0.0014000000000000002,0.0019,0.0,0.0,0.0,0.041100000000000005,0.0137,0.001,0.006,0.0,0.0,0.0,0.0,0.0,0.0,0.0,0.0,0.0
1998-06-09,0.0,0.0,0.0,0.0,0.0014000000000000002,0.0,0.0,0.0,0.006500000000000001,0.008100000000000001,0.0,0.0054,0.001,0.0,0.006,0.0002,0.025699999999999997,0.0,0.0144,0.0005,0.0,0.0,0.0,0.0118,0.0,0.0,0.0,0.0123,0.0015,0.0
1998-06-10,0.003,0.005600000000000001,0.042800000000000005,0.0007000000000000001,0.0078000000000000005,0.0149,0.0095,0.0,0.013300000000000001,0.0083,0.0146,0.0252,0.018500000000000003,0.0,0.0121,0.0154,0.011200000000000002,0.0,0.013600000000000001,0.0,0.0,0.011699999999999999,0.021400000000000002,0.024,0.0106,0.011699999999999999,0.0,0.0064,0.0026,0.005
1998-06-11,0.0069,0.0178,0.030600000000000002,0.0144,0.0111,0.0207,0.0161,0.0124,0.0175,0.0146,0.0207,0.023399999999999997,0.024,0.013000000000000001,0.026699999999999998,0.0155,0.039900000000000005,0.0,0.0203,0.0,0.019799999999999998,0.0125,0.0159,0.0182,0.0096,0.0108,0.0062,0.0206,0.013999999999999999,0.013999999999999999
1998-06-12,0.002,0.0,0.0,0.0055000000000000005,0.0,0.0,0.0013,0.0,0.0067,0.0096,0.0103,0.0148,0.003,0.0,0.0101,0.0,0.0067,0.031400000000000004,0.0,0.0001,0.0,0.0,0.0028000000000000004,0.0076,0.008100000000000001,0.0011,0.005,0.0,0.003,0.0067
1998-06-15,0.0076,0.0088,0.012199999999999999,0.021,0.0216,0.0151,0.0131,0.02,0.0321,0.025099999999999997,0.0171,0.017,0.0206,0.0154,0.0191,0.021,0.0204,0.0333,0.0239,0.0075,0.0176,0.0115,0.022000000000000002,0.0317,0.0105,0.0149,0.0215,0.0095,0.0227,0.018799999999999997
